ID_TERMINE;PLAN_BEZ;PLAN_AB;PLAN_BIS;STRASSE1;ORTSTEIL1;PLZ1;HNR_GE_AB;HNR_GE_BIS;HNR_UG_AB;HNR_UG_BIS;HNR_NEG;STR_BEM1;KREV;KREVBEZ;MREV;MREVBEZ;GREV;GREVBEZ;TERMIN001;TERMIN002;TERMIN003
43394;Sperrmüll;01.01.2026;31.12.2026;Simone-Veil-Straße;;53121;2;9998;1;9999;;;BNC;Dransdorf1;BN;Bonn-Nord;B;Bonn;09.02.2026;27.05.2026;07.10.2026
13860;Sperrmüll;01.01.2026;31.12.2026;Aennchenplatz;Alt-Godesberg;53173;2;9998;1;9999;;;BGB;Alt-Godesberg;BG;Bad Godesberg;B;Bonn;10.03.2026;26.06.2026;13.11.2026
13875;Sperrmüll;01.01.2026;31.12.2026;Aennchenstr.;Alt-Godesberg;53177;2;9998;1;9999;;;BGB;Alt-Godesberg;BG;Bad Godesberg;B;Bonn;10.03.2026;26.06.2026;13.11.2026
14785;Sperrmüll;01.01.2026;31.12.2026;Alte Bahnhofstr.;Alt-Godesberg;53173;2;9998;1;9999;;;BGB;Alt-Godesberg;BG;Bad Godesberg;B;Bonn;11.03.2026;25.06.2026;18.11.2026
20646;Sperrmüll;01.01.2026;31.12.2026;Am Bismarckturm;Alt-Godesberg;53177;2;9998;1;9999;;;BGB;Alt-Godesberg;BG;Bad Godesberg;B;Bonn;12.03.2026;29.06.2026;17.11.2026
19011;Sperrmüll;01.01.2026;31.12.2026;Am Draitschbusch;Alt-Godesberg;53177;2;9998;1;9999;;;BGB;Alt-Godesberg;BG;Bad Godesberg;B;Bonn;11.03.2026;25.06.2026;18.11.2026
14100;Sperrmüll;01.01.2026;31.12.2026;Am Fronhof;Alt-Godesberg;53177;2;9998;1;9999;;;BGB;Alt-Godesberg;BG;Bad Godesberg;B;Bonn;11.03.2026;25.06.2026;18.11.2026
14145;Sperrmüll;01.01.2026;31.12.2026;Am Kreuter;Alt-Godesberg;53177;2;9998;1;9999;;;BGB;Alt-Godesberg;BG;Bad Godesberg;B;Bonn;12.03.2026;29.06.2026;17.11.2026
17910;Sperrmüll;01.01.2026;31.12.2026;Am Kurpark;Alt-Godesberg;53177;2;9998;1;9999;;;BGB;Alt-Godesberg;BG;Bad Godesberg;B;Bonn;11.03.2026;25.06.2026;18.11.2026
14160;Sperrmüll;01.01.2026;31.12.2026;Am Lenkert;Alt-Godesberg;53177;2;9998;1;9999;;;BGB;Alt-Godesberg;BG;Bad Godesberg;B;Bonn;11.03.2026;25.06.2026;18.11.2026
19586;Sperrmüll;01.01.2026;31.12.2026;Am Michaelshof;Alt-Godesberg;53177;2;9998;1;9999;;;BGB;Alt-Godesberg;BG;Bad Godesberg;B;Bonn;11.03.2026;25.06.2026;18.11.2026
14600;Sperrmüll;01.01.2026;31.12.2026;Auf dem Godesberg;Alt-Godesberg;53177;2;9998;1;9999;;;BGB;Alt-Godesberg;BG;Bad Godesberg;B;Bonn;11.03.2026;25.06.2026;18.11.2026
15060;Sperrmüll;01.01.2026;31.12.2026;Bonner Str.;Alt-Godesberg;53173;2;4;1;17;;Aenchenplatz - Moltkestr;BGB;Alt-Godesberg;BG;Bad Godesberg;B;Bonn;10.03.2026;26.06.2026;13.11.2026
15075;Sperrmüll;01.01.2026;31.12.2026;Bonner Str.;Alt-Godesberg;53173;6;9998;19;9999;;Moltkestr - Elsässerstr;BGB;Alt-Godesberg;BG;Bad Godesberg;B;Bonn;10.03.2026;26.06.2026;13.11.2026
15165;Sperrmüll;01.01.2026;31.12.2026;Brunnenallee;Alt-Godesberg;53177;2;4;1;15;;Am Fronhof - Junkerstr;BGB;Alt-Godesberg;BG;Bad Godesberg;B;Bonn;11.03.2026;25.06.2026;18.11.2026
15180;Sperrmüll;01.01.2026;31.12.2026;Brunnenallee;Alt-Godesberg;53177;6;9998;17;9999;;Junkerstr - Burgstr;BGB;Alt-Godesberg;BG;Bad Godesberg;B;Bonn;11.03.2026;25.06.2026;18.11.2026
15240;Sperrmüll;01.01.2026;31.12.2026;Bürgerstr.;Alt-Godesberg;53173;2;10;1;19;;Koblenzerstr - Moltkeplatz;BGB;Alt-Godesberg;BG;Bad Godesberg;B;Bonn;11.03.2026;25.06.2026;18.11.2026
15255;Sperrmüll;01.01.2026;31.12.2026;Bürgerstr.;Alt-Godesberg;53173;12;9998;21;9999;;Bahn - Paul-Kempstr;BGB;Alt-Godesberg;BG;Bad Godesberg;B;Bonn;23.03.2026;08.07.2026;26.11.2026
15285;Sperrmüll;01.01.2026;31.12.2026;Burgstr.;Alt-Godesberg;53177;2;9998;1;9999;;;BGB;Alt-Godesberg;BG;Bad Godesberg;B;Bonn;11.03.2026;25.06.2026;18.11.2026
15425;Sperrmüll;01.01.2026;31.12.2026;Dechant-Heimbach-Str.;Alt-Godesberg;53177;2;28;1;47;;Winterstr - Qellenstr;BGB;Alt-Godesberg;BG;Bad Godesberg;B;Bonn;11.03.2026;25.06.2026;18.11.2026
15440;Sperrmüll;01.01.2026;31.12.2026;Dechant-Heimbach-Str.;Alt-Godesberg;53177;30;9998;49;9999;;Quellenstr - Ende;BGB;Alt-Godesberg;BG;Bad Godesberg;B;Bonn;11.03.2026;25.06.2026;18.11.2026
15635;Sperrmüll;01.01.2026;31.12.2026;Drachenfelsstr.;Alt-Godesberg;53177;2;9998;1;9999;;;BGB;Alt-Godesberg;BG;Bad Godesberg;B;Bonn;12.03.2026;29.06.2026;17.11.2026
15785;Sperrmüll;01.01.2026;31.12.2026;Elisabethstr.;Alt-Godesberg;53177;2;9998;1;9999;;;BGB;Alt-Godesberg;BG;Bad Godesberg;B;Bonn;12.03.2026;29.06.2026;17.11.2026
18155;Sperrmüll;01.01.2026;31.12.2026;Embavenhof;Alt-Godesberg;53177;2;9998;1;9999;;;BGB;Alt-Godesberg;BG;Bad Godesberg;B;Bonn;11.03.2026;25.06.2026;18.11.2026
16160;Sperrmüll;01.01.2026;31.12.2026;Friedrich-Ebert-Str.;Alt-Godesberg;53173;2;6;1;5;;Moltkestr - Koblenzerstr;BGB;Alt-Godesberg;BG;Bad Godesberg;B;Bonn;12.03.2026;29.06.2026;17.11.2026
16175;Sperrmüll;01.01.2026;31.12.2026;Friedrich-Ebert-Str.;Alt-Godesberg;53177;8;58;7;57;;Koblenzerstr - Kurfürstenallee;BGB;Alt-Godesberg;BG;Bad Godesberg;B;Bonn;12.03.2026;29.06.2026;17.11.2026
16190;Sperrmüll;01.01.2026;31.12.2026;Friedrich-Ebert-Str.;Alt-Godesberg;53177;60;9998;59;9999;;Kurfürstenallee - Elisabethstr;BGB;Alt-Godesberg;BG;Bad Godesberg;B;Bonn;12.03.2026;29.06.2026;17.11.2026
16235;Sperrmüll;01.01.2026;31.12.2026;Friesdorfer Str.;Alt-Godesberg;53173;2;86;1;73;;Aennchenplatz - Aennchenstr.;BGB;Alt-Godesberg;BG;Bad Godesberg;B;Bonn;10.03.2026;26.06.2026;13.11.2026
16250;Sperrmüll;01.01.2026;31.12.2026;Friesdorfer Str.;Alt-Godesberg;53173;88;140;75;121;;Aennchenstr. - Elsässerstr.;BGB;Alt-Godesberg;BG;Bad Godesberg;B;Bonn;10.03.2026;26.06.2026;13.11.2026
16265;Sperrmüll;01.01.2026;31.12.2026;Friesdorfer Str.;Alt-Godesberg;53175;142;184;123;139;;Elsässerstr. - Weststr.;BGB;Alt-Godesberg;BG;Bad Godesberg;B;Bonn;10.03.2026;26.06.2026;13.11.2026
16280;Sperrmüll;01.01.2026;31.12.2026;Friesdorfer Str.;Alt-Godesberg;53175;260;9998;217;9999;;Bernkastelerstr-Hochkreuzallee;BGB;Alt-Godesberg;BG;Bad Godesberg;B;Bonn;10.03.2026;26.06.2026;13.11.2026
16295;Sperrmüll;01.01.2026;31.12.2026;Friesdorfer Str.;Alt-Godesberg;53175;;;;;;;BGB;Alt-Godesberg;BG;Bad Godesberg;B;Bonn;10.03.2026;26.06.2026;13.11.2026
16310;Sperrmüll;01.01.2026;31.12.2026;Friesdorfer Str.;Alt-Godesberg;53175;186;240;141;187;258;Weststr - Im Bendel;BGB;Alt-Godesberg;BG;Bad Godesberg;B;Bonn;10.03.2026;26.06.2026;13.11.2026
44302;Sperrmüll;01.01.2026;31.12.2026;Friesdorfer Str.;Alt-Godesberg;53175;242;258;189;215;;Im Bendel - Bernkastelerstr.;BGB;Alt-Godesberg;BG;Bad Godesberg;B;Bonn;10.03.2026;26.06.2026;13.11.2026
22525;Sperrmüll;01.01.2026;31.12.2026;Hubertinumshof;Alt-Godesberg;53173;2;9998;1;9999;;;BGB;Alt-Godesberg;BG;Bad Godesberg;B;Bonn;11.03.2026;25.06.2026;18.11.2026
15135;Sperrmüll;01.01.2026;31.12.2026;Im Äuelchen;Alt-Godesberg;53177;2;9998;1;9999;;;BGB;Alt-Godesberg;BG;Bad Godesberg;B;Bonn;11.03.2026;25.06.2026;18.11.2026
17480;Sperrmüll;01.01.2026;31.12.2026;Im Etzental;Alt-Godesberg;53177;2;9998;1;9999;;;BGB;Alt-Godesberg;BG;Bad Godesberg;B;Bonn;12.03.2026;29.06.2026;17.11.2026
17895;Sperrmüll;01.01.2026;31.12.2026;Junkerstr.;Alt-Godesberg;53177;2;9998;1;9999;;;BGB;Alt-Godesberg;BG;Bad Godesberg;B;Bonn;11.03.2026;25.06.2026;18.11.2026
18275;Sperrmüll;01.01.2026;31.12.2026;Koblenzer Str.;Alt-Godesberg;53173;2;64;1;63;;Bonnerstr - Am Kurpark;BGB;Alt-Godesberg;BG;Bad Godesberg;B;Bonn;11.03.2026;25.06.2026;18.11.2026
18290;Sperrmüll;01.01.2026;31.12.2026;Koblenzer Str.;Alt-Godesberg;53177;100;148;105;193;;Theodor-Heussstr-Albertus-Mag.;BGB;Alt-Godesberg;BG;Bad Godesberg;B;Bonn;16.03.2026;02.07.2026;19.11.2026
18309;Sperrmüll;01.01.2026;31.12.2026;Koblenzer Str.;Alt-Godesberg;53177;66;98;65;103;76, 78, 80, 88;Am Kurpark - Theodor-Heussstr;BGB;Alt-Godesberg;BG;Bad Godesberg;B;Bonn;12.03.2026;29.06.2026;17.11.2026
18324;Sperrmüll;01.01.2026;31.12.2026;Koblenzer Str.;Alt-Godesberg;53177;;;;;;;BGB;Alt-Godesberg;BG;Bad Godesberg;B;Bonn;12.03.2026;29.06.2026;17.11.2026
18339;Sperrmüll;01.01.2026;31.12.2026;Koblenzer Str.;Alt-Godesberg;53177;150;9998;195;9999;;Albertus-Magnussts - Ende;BGB;Alt-Godesberg;BG;Bad Godesberg;B;Bonn;16.03.2026;02.07.2026;19.11.2026
18734;Sperrmüll;01.01.2026;31.12.2026;Kurfürstenallee;Alt-Godesberg;53177;2;10;1;9;;Am Kurpark - Friedrich-Ebertst;BGB;Alt-Godesberg;BG;Bad Godesberg;B;Bonn;12.03.2026;29.06.2026;17.11.2026
18754;Sperrmüll;01.01.2026;31.12.2026;Kurfürstenallee;Alt-Godesberg;53177;30;74;;;;Sackgasse;BGB;Alt-Godesberg;BG;Bad Godesberg;B;Bonn;12.03.2026;29.06.2026;17.11.2026
18769;Sperrmüll;01.01.2026;31.12.2026;Kurfürstenallee;Alt-Godesberg;53177;76;9998;23;9999;;Sackgasse - Muffendorferstr;BGB;Alt-Godesberg;BG;Bad Godesberg;B;Bonn;12.03.2026;29.06.2026;17.11.2026
18784;Sperrmüll;01.01.2026;31.12.2026;Kurfürstenallee;Alt-Godesberg;53177;12;28;11;21;;Friedrich-Ebertstr - Sackgasse;BGB;Alt-Godesberg;BG;Bad Godesberg;B;Bonn;12.03.2026;29.06.2026;17.11.2026
19891;Sperrmüll;01.01.2026;31.12.2026;Laufenbergstr.;Alt-Godesberg;53173;2;9998;1;9999;;;BGB;Alt-Godesberg;BG;Bad Godesberg;B;Bonn;10.03.2026;26.06.2026;13.11.2026
20336;Sperrmüll;01.01.2026;31.12.2026;Löbestr.;Alt-Godesberg;53173;2;9998;1;9999;;;BGB;Alt-Godesberg;BG;Bad Godesberg;B;Bonn;11.03.2026;25.06.2026;18.11.2026
19026;Sperrmüll;01.01.2026;31.12.2026;Lohrbergstr.;Alt-Godesberg;53177;2;9998;1;9999;;;BGB;Alt-Godesberg;BG;Bad Godesberg;B;Bonn;12.03.2026;29.06.2026;17.11.2026
19281;Sperrmüll;01.01.2026;31.12.2026;Marienforster Promenade;Alt-Godesberg;53177;2;9998;1;9999;;;BGB;Alt-Godesberg;BG;Bad Godesberg;B;Bonn;11.03.2026;25.06.2026;18.11.2026
19296;Sperrmüll;01.01.2026;31.12.2026;Marienforster Steinweg;Alt-Godesberg;53177;2;9998;1;9999;;;BGB;Alt-Godesberg;BG;Bad Godesberg;B;Bonn;12.03.2026;29.06.2026;17.11.2026
19401;Sperrmüll;01.01.2026;31.12.2026;Max-Franz-Str.;Alt-Godesberg;53177;2;9998;1;9999;;;BGB;Alt-Godesberg;BG;Bad Godesberg;B;Bonn;11.03.2026;25.06.2026;18.11.2026
19571;Sperrmüll;01.01.2026;31.12.2026;Michaelplatz;Alt-Godesberg;53177;2;9998;1;9999;;;BGB;Alt-Godesberg;BG;Bad Godesberg;B;Bonn;11.03.2026;25.06.2026;18.11.2026
18459;Sperrmüll;01.01.2026;31.12.2026;Milchgäßchen;Alt-Godesberg;53173;2;9998;1;9999;;;BGB;Alt-Godesberg;BG;Bad Godesberg;B;Bonn;11.03.2026;25.06.2026;18.11.2026
19646;Sperrmüll;01.01.2026;31.12.2026;Moltkeplatz;Alt-Godesberg;53173;2;9998;1;9999;;;BGB;Alt-Godesberg;BG;Bad Godesberg;B;Bonn;11.03.2026;25.06.2026;18.11.2026
19661;Sperrmüll;01.01.2026;31.12.2026;Moltkestr.;Alt-Godesberg;53173;2;64;1;41;;Bonnerstr - Löbestr;BGB;Alt-Godesberg;BG;Bad Godesberg;B;Bonn;11.03.2026;25.06.2026;18.11.2026
19681;Sperrmüll;01.01.2026;31.12.2026;Moltkestr.;Alt-Godesberg;53173;66;9998;43;9999;;Löbestr - Friedrich-Ebertstr;BGB;Alt-Godesberg;BG;Bad Godesberg;B;Bonn;12.03.2026;29.06.2026;17.11.2026
19756;Sperrmüll;01.01.2026;31.12.2026;Muffendorfer Str.;Alt-Godesberg;53177;2;9998;1;9999;;;BGB;Alt-Godesberg;BG;Bad Godesberg;B;Bonn;12.03.2026;29.06.2026;17.11.2026
19876;Sperrmüll;01.01.2026;31.12.2026;Nikolaus-Becker-Str.;Alt-Godesberg;53177;2;9998;1;9999;;;BGB;Alt-Godesberg;BG;Bad Godesberg;B;Bonn;11.03.2026;25.06.2026;18.11.2026
20011;Sperrmüll;01.01.2026;31.12.2026;Ölbergstr.;Alt-Godesberg;53177;2;9998;1;9999;;;BGB;Alt-Godesberg;BG;Bad Godesberg;B;Bonn;12.03.2026;29.06.2026;17.11.2026
20026;Sperrmüll;01.01.2026;31.12.2026;Oststr.;Alt-Godesberg;53173;2;9998;1;9999;;;BGB;Alt-Godesberg;BG;Bad Godesberg;B;Bonn;11.03.2026;25.06.2026;18.11.2026
20151;Sperrmüll;01.01.2026;31.12.2026;Petersbergstr.;Alt-Godesberg;53177;2;9998;1;9999;;;BGB;Alt-Godesberg;BG;Bad Godesberg;B;Bonn;12.03.2026;29.06.2026;17.11.2026
23166;Sperrmüll;01.01.2026;31.12.2026;Pfarrer-Minartz-Str.;Alt-Godesberg;53177;2;9998;1;9999;;;BGB;Alt-Godesberg;BG;Bad Godesberg;B;Bonn;11.03.2026;25.06.2026;18.11.2026
20366;Sperrmüll;01.01.2026;31.12.2026;Promenadenweg;Alt-Godesberg;53175;2;9998;1;93;;;BGB;Alt-Godesberg;BG;Bad Godesberg;B;Bonn;10.03.2026;26.06.2026;13.11.2026
44077;Sperrmüll;01.01.2026;31.12.2026;Promenadenweg;Alt-Godesberg;53175;;;105;9999;;;BGB;Alt-Godesberg;BG;Bad Godesberg;B;Bonn;10.03.2026;26.06.2026;13.11.2026
44092;Sperrmüll;01.01.2026;31.12.2026;Promenadenweg;Alt-Godesberg;53175;;;95;103;;;BGB;Alt-Godesberg;BG;Bad Godesberg;B;Bonn;10.03.2026;14.07.2026;18.12.2026
20411;Sperrmüll;01.01.2026;31.12.2026;Quellenstr.;Alt-Godesberg;53177;2;42;1;41;;Burgstr - Am Stadtwald;BGB;Alt-Godesberg;BG;Bad Godesberg;B;Bonn;11.03.2026;25.06.2026;18.11.2026
20426;Sperrmüll;01.01.2026;31.12.2026;Quellenstr.;Alt-Godesberg;53177;44;9998;43;9999;;Am Stadtwald - Waldburgstr;BGB;Alt-Godesberg;BG;Bad Godesberg;B;Bonn;11.03.2026;25.06.2026;18.11.2026
21705;Sperrmüll;01.01.2026;31.12.2026;Redoutenweg;Alt-Godesberg;53177;2;9998;1;9999;;;BGB;Alt-Godesberg;BG;Bad Godesberg;B;Bonn;11.03.2026;25.06.2026;18.11.2026
23646;Sperrmüll;01.01.2026;31.12.2026;Ria-Maternus-Platz;Alt-Godesberg;53173;2;9998;1;9999;;;BGB;Alt-Godesberg;BG;Bad Godesberg;B;Bonn;12.03.2026;29.06.2026;17.11.2026
21625;Sperrmüll;01.01.2026;31.12.2026;Sankt-Augustinus-Str.;Alt-Godesberg;53173;2;28;1;21;;Bis Weißenburgstr;BGB;Alt-Godesberg;BG;Bad Godesberg;B;Bonn;10.03.2026;26.06.2026;13.11.2026
21645;Sperrmüll;01.01.2026;31.12.2026;Sankt-Augustinus-Str.;Alt-Godesberg;53175;30;9998;23;9999;;Weißenburgstr - Weststr;BGB;Alt-Godesberg;BG;Bad Godesberg;B;Bonn;09.03.2026;24.06.2026;12.11.2026
21221;Sperrmüll;01.01.2026;31.12.2026;Schultheißgasse;Alt-Godesberg;53177;2;9998;1;9999;;;BGB;Alt-Godesberg;BG;Bad Godesberg;B;Bonn;11.03.2026;25.06.2026;18.11.2026
19341;Sperrmüll;01.01.2026;31.12.2026;Schwertberger Str.;Alt-Godesberg;53177;2;9998;1;9999;;;BGB;Alt-Godesberg;BG;Bad Godesberg;B;Bonn;11.03.2026;25.06.2026;18.11.2026
21945;Sperrmüll;01.01.2026;31.12.2026;Theaterpassage;Alt-Godesberg;53173;2;9998;1;9999;;;BGB;Alt-Godesberg;BG;Bad Godesberg;B;Bonn;11.03.2026;25.06.2026;18.11.2026
21960;Sperrmüll;01.01.2026;31.12.2026;Theaterplatz;Alt-Godesberg;53177;2;9998;1;9999;;;BGB;Alt-Godesberg;BG;Bad Godesberg;B;Bonn;11.03.2026;25.06.2026;18.11.2026
21990;Sperrmüll;01.01.2026;31.12.2026;Theodor-Heuss-Str.;Alt-Godesberg;53177;2;9998;1;9999;;;BGB;Alt-Godesberg;BG;Bad Godesberg;B;Bonn;16.03.2026;02.07.2026;19.11.2026
22025;Sperrmüll;01.01.2026;31.12.2026;Truchseßstr.;Alt-Godesberg;53177;2;34;1;45;;Aennchenstr - Weißenburgstr;BGB;Alt-Godesberg;BG;Bad Godesberg;B;Bonn;10.03.2026;26.06.2026;13.11.2026
22040;Sperrmüll;01.01.2026;31.12.2026;Truchseßstr.;Alt-Godesberg;53175;36;9998;47;9999;;Weißenburgstr - Pionierstr;BGB;Alt-Godesberg;BG;Bad Godesberg;B;Bonn;10.03.2026;26.06.2026;13.11.2026
22330;Sperrmüll;01.01.2026;31.12.2026;Villichgasse;Alt-Godesberg;53177;2;9998;1;9999;;;BGB;Alt-Godesberg;BG;Bad Godesberg;B;Bonn;11.03.2026;25.06.2026;18.11.2026
22375;Sperrmüll;01.01.2026;31.12.2026;Von-der-Heydt-Str.;Alt-Godesberg;53177;2;9998;1;9999;;;BGB;Alt-Godesberg;BG;Bad Godesberg;B;Bonn;12.03.2026;29.06.2026;17.11.2026
22600;Sperrmüll;01.01.2026;31.12.2026;Weißenburgstr.;Alt-Godesberg;53175;2;54;1;47;;Bonnerstr - Friesdorferstr;BGB;Alt-Godesberg;BG;Bad Godesberg;B;Bonn;10.03.2026;26.06.2026;13.11.2026
22617;Sperrmüll;01.01.2026;31.12.2026;Weißenburgstr.;Alt-Godesberg;53175;56;9998;49;9999;;Friesdorferstr - Promenadenweg;BGB;Alt-Godesberg;BG;Bad Godesberg;B;Bonn;10.03.2026;26.06.2026;13.11.2026
22756;Sperrmüll;01.01.2026;31.12.2026;Winterstr.;Alt-Godesberg;53177;2;9998;1;9999;;;BGB;Alt-Godesberg;BG;Bad Godesberg;B;Bonn;11.03.2026;25.06.2026;18.11.2026
22816;Sperrmüll;01.01.2026;31.12.2026;Wolkenburgstr.;Alt-Godesberg;53177;2;9998;1;9999;;;BGB;Alt-Godesberg;BG;Bad Godesberg;B;Bonn;12.03.2026;29.06.2026;17.11.2026
22786;Sperrmüll;01.01.2026;31.12.2026;Wörthstr.;Alt-Godesberg;53177;2;38;1;39;;S.Augustinusst - Friesdorferst;BGB;Alt-Godesberg;BG;Bad Godesberg;B;Bonn;10.03.2026;26.06.2026;13.11.2026
22801;Sperrmüll;01.01.2026;31.12.2026;Wörthstr.;Alt-Godesberg;53177;40;9998;41;9999;;Friesdorferstr - Ende;BGB;Alt-Godesberg;BG;Bad Godesberg;B;Bonn;10.03.2026;26.06.2026;13.11.2026
21975;Sperrmüll;01.01.2026;31.12.2026;Yalovastr.;Alt-Godesberg;53177;2;9998;1;9999;;;BGB;Alt-Godesberg;BG;Bad Godesberg;B;Bonn;12.03.2026;29.06.2026;17.11.2026
270;Sperrmüll;01.01.2026;31.12.2026;Allensteiner Str.;Auerberg;53117;2;9998;1;9999;;;BNF;Auerberg;BN;Bonn-Nord;B;Bonn;06.01.2026;06.05.2026;15.09.2026
13830;Sperrmüll;01.01.2026;31.12.2026;Am Josephinum;Auerberg;53117;2;9998;1;9999;;;BNF;Auerberg;BN;Bonn-Nord;B;Bonn;07.01.2026;07.05.2026;16.09.2026
1284;Sperrmüll;01.01.2026;31.12.2026;Amsterdamer Str.;Auerberg;53117;2;9998;1;9999;;;BNF;Auerberg;BN;Bonn-Nord;B;Bonn;06.01.2026;06.05.2026;15.09.2026
913;Sperrmüll;01.01.2026;31.12.2026;An der Josefshöhe;Auerberg;53117;2;9998;1;9999;;;BNF;Auerberg;BN;Bonn-Nord;B;Bonn;07.01.2026;07.05.2026;16.09.2026
2660;Sperrmüll;01.01.2026;31.12.2026;An der Rheindorfer Burg;Auerberg;53117;2;9998;1;9999;;;BNF;Auerberg;BN;Bonn-Nord;B;Bonn;05.01.2026;05.05.2026;14.09.2026
8775;Sperrmüll;01.01.2026;31.12.2026;Athener Str.;Auerberg;53117;2;9998;1;9999;;;BNF;Auerberg;BN;Bonn-Nord;B;Bonn;06.01.2026;06.05.2026;15.09.2026
8700;Sperrmüll;01.01.2026;31.12.2026;Auerberger Allee;Auerberg;53117;2;9998;1;9999;;;BNF;Auerberg;BN;Bonn-Nord;B;Bonn;06.01.2026;06.05.2026;15.09.2026
9157;Sperrmüll;01.01.2026;31.12.2026;Auerberger Mitte;Auerberg;53117;2;9998;1;9999;;;BNF;Auerberg;BN;Bonn-Nord;B;Bonn;06.01.2026;06.05.2026;15.09.2026
1138;Sperrmüll;01.01.2026;31.12.2026;Auerbergweg;Auerberg;53117;2;9998;1;9999;;;BNF;Auerberg;BN;Bonn-Nord;B;Bonn;06.01.2026;06.05.2026;15.09.2026
2811;Sperrmüll;01.01.2026;31.12.2026;Auf dem Schleifacker;Auerberg;53117;2;9998;1;9999;;;BNF;Auerberg;BN;Bonn-Nord;B;Bonn;06.01.2026;06.05.2026;15.09.2026
8715;Sperrmüll;01.01.2026;31.12.2026;Berner Str.;Auerberg;53117;2;9998;1;9999;;;BNF;Auerberg;BN;Bonn-Nord;B;Bonn;06.01.2026;06.05.2026;15.09.2026
2690;Sperrmüll;01.01.2026;31.12.2026;Brüsseler Str.;Auerberg;53117;2;52;1;13;;Kölnstr - Luxenburgerstr.;BNF;Auerberg;BN;Bonn-Nord;B;Bonn;06.01.2026;06.05.2026;15.09.2026
42930;Sperrmüll;01.01.2026;31.12.2026;Brüsseler Str.;Auerberg;53117;54;9998;15;9999;;Kölnstr - Luxenburgerstr.;BNF;Auerberg;BN;Bonn-Nord;B;Bonn;06.01.2026;06.05.2026;15.09.2026
8790;Sperrmüll;01.01.2026;31.12.2026;Bukarester Str.;Auerberg;53117;2;9998;1;9999;;;BNF;Auerberg;BN;Bonn-Nord;B;Bonn;06.01.2026;06.05.2026;15.09.2026
3393;Sperrmüll;01.01.2026;31.12.2026;Dubliner Str.;Auerberg;53117;2;9998;1;9999;;;BNF;Auerberg;BN;Bonn-Nord;B;Bonn;06.01.2026;06.05.2026;15.09.2026
3844;Sperrmüll;01.01.2026;31.12.2026;Engländerweg;Auerberg;53117;2;9998;1;9999;;;BNF;Auerberg;BN;Bonn-Nord;B;Bonn;06.01.2026;06.05.2026;15.09.2026
3994;Sperrmüll;01.01.2026;31.12.2026;Eupener Str.;Auerberg;53117;2;9998;1;9999;;;BNF;Auerberg;BN;Bonn-Nord;B;Bonn;06.01.2026;06.05.2026;15.09.2026
4109;Sperrmüll;01.01.2026;31.12.2026;Flensburger Str.;Auerberg;53117;2;9998;1;9999;;;BNF;Auerberg;BN;Bonn-Nord;B;Bonn;06.01.2026;06.05.2026;15.09.2026
4587;Sperrmüll;01.01.2026;31.12.2026;Friedrich-Wöhler-Str.;Auerberg;53117;2;9998;1;9999;;;BNF;Auerberg;BN;Bonn-Nord;B;Bonn;07.01.2026;07.05.2026;16.09.2026
5027;Sperrmüll;01.01.2026;31.12.2026;Georg-von-Boeselager-Str.;Auerberg;53117;2;9998;1;9999;;;BNF;Auerberg;BN;Bonn-Nord;B;Bonn;07.01.2026;07.05.2026;16.09.2026
8685;Sperrmüll;01.01.2026;31.12.2026;Helsinkistr.;Auerberg;53117;2;9998;1;9999;;;BNF;Auerberg;BN;Bonn-Nord;B;Bonn;06.01.2026;06.05.2026;15.09.2026
5147;Sperrmüll;01.01.2026;31.12.2026;In den Dauen;Auerberg;53117;2;9998;1;9999;;;BNF;Auerberg;BN;Bonn-Nord;B;Bonn;07.01.2026;07.05.2026;16.09.2026
6515;Sperrmüll;01.01.2026;31.12.2026;Insterburger Str.;Auerberg;53117;2;9998;1;9999;;;BNF;Auerberg;BN;Bonn-Nord;B;Bonn;06.01.2026;06.05.2026;15.09.2026
7281;Sperrmüll;01.01.2026;31.12.2026;Klemens-Hofbauer-Str.;Auerberg;53117;2;9998;1;9999;;;BNF;Auerberg;BN;Bonn-Nord;B;Bonn;07.01.2026;07.05.2026;16.09.2026
7491;Sperrmüll;01.01.2026;31.12.2026;Kölnstr.;Auerberg;53111;;;1;47;;Oxfordstr - Kasernenstr;BNF;Auerberg;BN;Bonn-Nord;B;Bonn;30.01.2026;20.05.2026;29.09.2026
7507;Sperrmüll;01.01.2026;31.12.2026;Kölnstr.;Auerberg;53111;2;28;;;;Oxfordstr - Kasernenstr;BNF;Auerberg;BN;Bonn-Nord;B;Bonn;30.01.2026;20.05.2026;29.09.2026
7522;Sperrmüll;01.01.2026;31.12.2026;Kölnstr.;Auerberg;53111;;;67;119;;Wilhelmsplatz - Heerstr;BNF;Auerberg;BN;Bonn-Nord;B;Bonn;30.01.2026;20.05.2026;29.09.2026
7537;Sperrmüll;01.01.2026;31.12.2026;Kölnstr.;Auerberg;53111;54;86;;;;Wilhelmsplatz - Heerstr;BNF;Auerberg;BN;Bonn-Nord;B;Bonn;30.01.2026;20.05.2026;29.09.2026
7552;Sperrmüll;01.01.2026;31.12.2026;Kölnstr.;Auerberg;53111;;;121;133;;Heerstr - Michaelstr;BNF;Auerberg;BN;Bonn-Nord;B;Bonn;29.01.2026;19.05.2026;28.09.2026
7567;Sperrmüll;01.01.2026;31.12.2026;Kölnstr.;Auerberg;53111;88;198;;;;Heerstr - Kaiser-Karl-Ring;BNF;Auerberg;BN;Bonn-Nord;B;Bonn;29.01.2026;19.05.2026;28.09.2026
7582;Sperrmüll;01.01.2026;31.12.2026;Kölnstr.;Auerberg;53117;;;201;251;229;Kaiser-Karl-R. - Lievelingsweg;BNF;Auerberg;BN;Bonn-Nord;B;Bonn;29.01.2026;19.05.2026;28.09.2026
7597;Sperrmüll;01.01.2026;31.12.2026;Kölnstr.;Auerberg;53117;200;224;;;;Kaiser-Karl-R. - Lievelingsweg;BNF;Auerberg;BN;Bonn-Nord;B;Bonn;29.01.2026;19.05.2026;28.09.2026
7612;Sperrmüll;01.01.2026;31.12.2026;Kölnstr.;Auerberg;53117;;;417;487;;A.d.Josefshöhe - Kopenhagener;BNF;Auerberg;BN;Bonn-Nord;B;Bonn;07.01.2026;07.05.2026;16.09.2026
7627;Sperrmüll;01.01.2026;31.12.2026;Kölnstr.;Auerberg;53117;370;510;;;;A.d.Josefshöhe - Kopenhagener;BNF;Auerberg;BN;Bonn-Nord;B;Bonn;07.01.2026;07.05.2026;16.09.2026
7647;Sperrmüll;01.01.2026;31.12.2026;Kölnstr.;Auerberg;53117;;;593;9999;;Schlesienstr - Ende;BNF;Auerberg;BN;Bonn-Nord;B;Bonn;08.01.2026;08.05.2026;17.09.2026
7662;Sperrmüll;01.01.2026;31.12.2026;Kölnstr.;Auerberg;53117;602;9998;;;;Schlesienstr - Ende;BNF;Auerberg;BN;Bonn-Nord;B;Bonn;08.01.2026;08.05.2026;17.09.2026
7677;Sperrmüll;01.01.2026;31.12.2026;Kölnstr.;Auerberg;53117;;;489;591;;Kopenhagenerstr - Schlesienstr;BNF;Auerberg;BN;Bonn-Nord;B;Bonn;07.01.2026;07.05.2026;16.09.2026
7692;Sperrmüll;01.01.2026;31.12.2026;Kölnstr.;Auerberg;53117;512;600;;;;Kopenhagenerstr - Schlesienstr;BNF;Auerberg;BN;Bonn-Nord;B;Bonn;07.01.2026;07.05.2026;16.09.2026
7707;Sperrmüll;01.01.2026;31.12.2026;Kölnstr.;Auerberg;53111;30;52;;;;Kasernenstr - Wilhelmsplatz;BNF;Auerberg;BN;Bonn-Nord;B;Bonn;30.01.2026;20.05.2026;29.09.2026
7722;Sperrmüll;01.01.2026;31.12.2026;Kölnstr.;Auerberg;53111;;;49;65;65A;Kasernenstr - Wilhelmsplatz;BNF;Auerberg;BN;Bonn-Nord;B;Bonn;30.01.2026;20.05.2026;29.09.2026
7737;Sperrmüll;01.01.2026;31.12.2026;Kölnstr.;Auerberg;53117;;;;;;Schule;BNF;Auerberg;BN;Bonn-Nord;B;Bonn;28.01.2026;18.05.2026;23.09.2026
7752;Sperrmüll;01.01.2026;31.12.2026;Kölnstr.;Auerberg;53117;;;253;415;;Lievelingsw. - A.d.Josefshöhe;BNF;Auerberg;BN;Bonn-Nord;B;Bonn;29.01.2026;19.05.2026;28.09.2026
7767;Sperrmüll;01.01.2026;31.12.2026;Kölnstr.;Auerberg;53117;226;368;;;;Lievelingsw. - A.d.Josefshöhe;BNF;Auerberg;BN;Bonn-Nord;B;Bonn;29.01.2026;19.05.2026;28.09.2026
7782;Sperrmüll;01.01.2026;31.12.2026;Kölnstr.;Auerberg;53111;;;135;199;;Michaelstr - Kaiser-Karl-Ring;BNF;Auerberg;BN;Bonn-Nord;B;Bonn;29.01.2026;19.05.2026;28.09.2026
1842;Sperrmüll;01.01.2026;31.12.2026;Kopenhagener Str.;Auerberg;53117;2;9998;1;9999;;;BNF;Auerberg;BN;Bonn-Nord;B;Bonn;06.01.2026;06.05.2026;15.09.2026
8460;Sperrmüll;01.01.2026;31.12.2026;Lissaboner Str.;Auerberg;53117;2;9998;1;9999;;;BNF;Auerberg;BN;Bonn-Nord;B;Bonn;06.01.2026;06.05.2026;15.09.2026
8655;Sperrmüll;01.01.2026;31.12.2026;Londoner Str.;Auerberg;53117;2;9998;1;9999;;;BNF;Auerberg;BN;Bonn-Nord;B;Bonn;06.01.2026;06.05.2026;15.09.2026
8640;Sperrmüll;01.01.2026;31.12.2026;Luxemburger Str.;Auerberg;53117;2;9998;1;9999;;;BNF;Auerberg;BN;Bonn-Nord;B;Bonn;06.01.2026;06.05.2026;15.09.2026
8760;Sperrmüll;01.01.2026;31.12.2026;Madridstr.;Auerberg;53117;2;9998;1;9999;;;BNF;Auerberg;BN;Bonn-Nord;B;Bonn;06.01.2026;06.05.2026;15.09.2026
10041;Sperrmüll;01.01.2026;31.12.2026;Osloer Str.;Auerberg;53117;2;9998;1;9999;;;BNF;Auerberg;BN;Bonn-Nord;B;Bonn;06.01.2026;06.05.2026;15.09.2026
10458;Sperrmüll;01.01.2026;31.12.2026;Pariser Str.;Auerberg;53117;;;1;21;;An der Josefshöhe-Reykjavikstr;BNF;Auerberg;BN;Bonn-Nord;B;Bonn;06.01.2026;06.05.2026;15.09.2026
10473;Sperrmüll;01.01.2026;31.12.2026;Pariser Str.;Auerberg;53117;;;23;9999;;Reykjavikstr - Kopenhagenerstr;BNF;Auerberg;BN;Bonn-Nord;B;Bonn;06.01.2026;06.05.2026;15.09.2026
10488;Sperrmüll;01.01.2026;31.12.2026;Pariser Str.;Auerberg;53117;2;9998;;;;A.d.Josefshöhe-Kopenhagenerstr;BNF;Auerberg;BN;Bonn-Nord;B;Bonn;06.01.2026;06.05.2026;15.09.2026
8820;Sperrmüll;01.01.2026;31.12.2026;Prager Str.;Auerberg;53117;2;9998;1;9999;;;BNF;Auerberg;BN;Bonn-Nord;B;Bonn;06.01.2026;06.05.2026;15.09.2026
8730;Sperrmüll;01.01.2026;31.12.2026;Reykjavikstr.;Auerberg;53117;2;9998;1;9999;;;BNF;Auerberg;BN;Bonn-Nord;B;Bonn;06.01.2026;06.05.2026;15.09.2026
10964;Sperrmüll;01.01.2026;31.12.2026;Richthofenstr.;Auerberg;53117;2;48;1;63;;Brüsselerstr - A.d.Josefshöhe;BNF;Auerberg;BN;Bonn-Nord;B;Bonn;06.01.2026;06.05.2026;15.09.2026
10979;Sperrmüll;01.01.2026;31.12.2026;Richthofenstr.;Auerberg;53117;50;9998;65;9999;;a.d.Josefshöhe - Seehausstr;BNF;Auerberg;BN;Bonn-Nord;B;Bonn;07.01.2026;07.05.2026;16.09.2026
11479;Sperrmüll;01.01.2026;31.12.2026;Saarbrückener Str.;Auerberg;53117;2;9998;1;9999;;;BNF;Auerberg;BN;Bonn-Nord;B;Bonn;06.01.2026;06.05.2026;15.09.2026
11953;Sperrmüll;01.01.2026;31.12.2026;Seehausstr.;Auerberg;53117;2;9998;1;9999;;;BNF;Auerberg;BN;Bonn-Nord;B;Bonn;07.01.2026;07.05.2026;16.09.2026
12398;Sperrmüll;01.01.2026;31.12.2026;Stockholmer Str.;Auerberg;53117;2;9998;1;9999;;;BNF;Auerberg;BN;Bonn-Nord;B;Bonn;06.01.2026;06.05.2026;15.09.2026
12578;Sperrmüll;01.01.2026;31.12.2026;Tilsiter Str.;Auerberg;53117;2;9998;1;9999;;;BNF;Auerberg;BN;Bonn-Nord;B;Bonn;06.01.2026;06.05.2026;15.09.2026
13044;Sperrmüll;01.01.2026;31.12.2026;Warschauer Str.;Auerberg;53117;2;9998;1;9999;;;BNF;Auerberg;BN;Bonn-Nord;B;Bonn;06.01.2026;06.05.2026;15.09.2026
8745;Sperrmüll;01.01.2026;31.12.2026;Wiener Str.;Auerberg;53117;2;9998;1;9999;;;BNF;Auerberg;BN;Bonn-Nord;B;Bonn;06.01.2026;06.05.2026;15.09.2026
14925;Sperrmüll;01.01.2026;31.12.2026;Bernkasteler Str.;Bad Godesberg Nord;53175;2;10;1;9;;Friesdorfer - Hochkreuzallee;BGD;Bad Godesberg Nord;BG;Bad Godesberg;B;Bonn;10.03.2026;26.06.2026;13.11.2026
14940;Sperrmüll;01.01.2026;31.12.2026;Bernkasteler Str.;Bad Godesberg Nord;53175;12;9998;11;9999;;Hochkreuzallee - Annabergerst;BGD;Bad Godesberg Nord;BG;Bad Godesberg;B;Bonn;09.03.2026;24.06.2026;12.11.2026
15575;Sperrmüll;01.01.2026;31.12.2026;Dietrichstr.;Bad Godesberg Nord;53175;2;9998;1;9999;;;BGD;Bad Godesberg Nord;BG;Bad Godesberg;B;Bonn;10.03.2026;26.06.2026;13.11.2026
15870;Sperrmüll;01.01.2026;31.12.2026;Elsässer Str.;Bad Godesberg Nord;53175;2;9998;1;9999;;;BGD;Bad Godesberg Nord;BG;Bad Godesberg;B;Bonn;09.03.2026;24.06.2026;12.11.2026
16535;Sperrmüll;01.01.2026;31.12.2026;Godesberger Str.;Bad Godesberg Nord;53175;2;9998;1;9999;;;BGD;Bad Godesberg Nord;BG;Bad Godesberg;B;Bonn;09.03.2026;24.06.2026;12.11.2026
17135;Sperrmüll;01.01.2026;31.12.2026;Hochkreuzallee;Bad Godesberg Nord;53175;2;6;1;3;;Godesb.Allee - Bahn;BGD;Bad Godesberg Nord;BG;Bad Godesberg;B;Bonn;09.03.2026;24.06.2026;12.11.2026
17150;Sperrmüll;01.01.2026;31.12.2026;Hochkreuzallee;Bad Godesberg Nord;53175;94;9998;113;9999;;Bernkastelerstr - Ende;BGD;Bad Godesberg Nord;BG;Bad Godesberg;B;Bonn;10.03.2026;26.06.2026;13.11.2026
17165;Sperrmüll;01.01.2026;31.12.2026;Hochkreuzallee;Bad Godesberg Nord;53175;8;92;5;111;;Bahn - Bernkastelerstr;BGD;Bad Godesberg Nord;BG;Bad Godesberg;B;Bonn;09.03.2026;24.06.2026;12.11.2026
23541;Sperrmüll;01.01.2026;31.12.2026;Im Bendel;Bad Godesberg Nord;53175;2;9998;1;9999;;;BGD;Bad Godesberg Nord;BG;Bad Godesberg;B;Bonn;10.03.2026;26.06.2026;13.11.2026
20506;Sperrmüll;01.01.2026;31.12.2026;Mathonetstr.;Bad Godesberg Nord;53175;2;9998;1;9999;;;BGD;Bad Godesberg Nord;BG;Bad Godesberg;B;Bonn;10.03.2026;26.06.2026;13.11.2026
20196;Sperrmüll;01.01.2026;31.12.2026;Pionierstr.;Bad Godesberg Nord;53175;2;6;1;7;;Friesdorferstr - Truchseßstr;BGD;Bad Godesberg Nord;BG;Bad Godesberg;B;Bonn;10.03.2026;26.06.2026;13.11.2026
20211;Sperrmüll;01.01.2026;31.12.2026;Pionierstr.;Bad Godesberg Nord;53175;8;9998;9;9999;;Truchseßstr -Promenadenweg;BGD;Bad Godesberg Nord;BG;Bad Godesberg;B;Bonn;10.03.2026;26.06.2026;13.11.2026
20246;Sperrmüll;01.01.2026;31.12.2026;Pionierweg;Bad Godesberg Nord;53177;2;9998;1;9999;;;BGD;Bad Godesberg Nord;BG;Bad Godesberg;B;Bonn;10.03.2026;26.06.2026;13.11.2026
21550;Sperrmüll;01.01.2026;31.12.2026;Spichernstr.;Bad Godesberg Nord;53175;2;9998;1;9999;;;BGD;Bad Godesberg Nord;BG;Bad Godesberg;B;Bonn;10.03.2026;26.06.2026;13.11.2026
21870;Sperrmüll;01.01.2026;31.12.2026;Südstr.;Bad Godesberg Nord;53175;2;9998;1;9999;;;BGD;Bad Godesberg Nord;BG;Bad Godesberg;B;Bonn;09.03.2026;24.06.2026;12.11.2026
22651;Sperrmüll;01.01.2026;31.12.2026;Weststr.;Bad Godesberg Nord;53175;2;9998;1;9999;;;BGD;Bad Godesberg Nord;BG;Bad Godesberg;B;Bonn;09.03.2026;24.06.2026;12.11.2026
14555;Sperrmüll;01.01.2026;31.12.2026;Am Arndtplatz;Bad Godesberg-Villenviert;53173;2;9998;1;9999;;;BGC;Bad Godesberg-Villenviertel;BG;Bad Godesberg;B;Bonn;25.03.2026;10.07.2026;30.11.2026
14680;Sperrmüll;01.01.2026;31.12.2026;Augustastr.;Bad Godesberg-Villenviert;53173;2;34;1;31;31A;Beethovenallee - Plittersdorf.;BGC;Bad Godesberg-Villenviertel;BG;Bad Godesberg;B;Bonn;23.03.2026;08.07.2026;26.11.2026
14695;Sperrmüll;01.01.2026;31.12.2026;Augustastr.;Bad Godesberg-Villenviert;53173;36;64;33;67;;Plittersdorferstr - Jahnallee;BGC;Bad Godesberg-Villenviertel;BG;Bad Godesberg;B;Bonn;23.03.2026;08.07.2026;26.11.2026
14710;Sperrmüll;01.01.2026;31.12.2026;Augustastr.;Bad Godesberg-Villenviert;53173;66;9998;69;9999;;Jahnallee - Wurzerstr;BGC;Bad Godesberg-Villenviertel;BG;Bad Godesberg;B;Bonn;26.03.2026;13.07.2026;01.12.2026
14815;Sperrmüll;01.01.2026;31.12.2026;Beethovenallee;Bad Godesberg-Villenviert;53173;2;14;1;15;;Bahn - Königsplatz;BGC;Bad Godesberg-Villenviertel;BG;Bad Godesberg;B;Bonn;23.03.2026;08.07.2026;26.11.2026
14835;Sperrmüll;01.01.2026;31.12.2026;Beethovenallee;Bad Godesberg-Villenviert;53173;16;9998;17;9999;;Königspl. - Plittersdorferstr.;BGC;Bad Godesberg-Villenviertel;BG;Bad Godesberg;B;Bonn;25.03.2026;10.07.2026;30.11.2026
15470;Sperrmüll;01.01.2026;31.12.2026;Denglerstr.;Bad Godesberg-Villenviert;53173;2;28;1;11;;Hensstr - Kronprinzenstr;BGC;Bad Godesberg-Villenviertel;BG;Bad Godesberg;B;Bonn;25.03.2026;10.07.2026;30.11.2026
15485;Sperrmüll;01.01.2026;31.12.2026;Denglerstr.;Bad Godesberg-Villenviert;53173;30;32;13;17;;Kronprinzenstr - Uhlandstr;BGC;Bad Godesberg-Villenviertel;BG;Bad Godesberg;B;Bonn;25.03.2026;10.07.2026;30.11.2026
15500;Sperrmüll;01.01.2026;31.12.2026;Denglerstr.;Bad Godesberg-Villenviert;53173;34;58;19;39;;Uhlandstr - Ubierstr;BGC;Bad Godesberg-Villenviertel;BG;Bad Godesberg;B;Bonn;25.03.2026;10.07.2026;30.11.2026
42729;Sperrmüll;01.01.2026;31.12.2026;Denglerstr.;Bad Godesberg-Villenviert;53173;60;9998;41;9999;;Ubierstr - Enden (Sackgasse);BGC;Bad Godesberg-Villenviertel;BG;Bad Godesberg;B;Bonn;25.03.2026;10.07.2026;30.11.2026
15740;Sperrmüll;01.01.2026;31.12.2026;Dürenstr.;Bad Godesberg-Villenviert;53173;2;9998;1;9999;;;BGC;Bad Godesberg-Villenviertel;BG;Bad Godesberg;B;Bonn;24.03.2026;09.07.2026;27.11.2026
16205;Sperrmüll;01.01.2026;31.12.2026;Friedrichallee;Bad Godesberg-Villenviert;53173;2;18;1;25;;V.Groote-Pl. - Rüngsdorferstr;BGC;Bad Godesberg-Villenviertel;BG;Bad Godesberg;B;Bonn;24.03.2026;09.07.2026;27.11.2026
16220;Sperrmüll;01.01.2026;31.12.2026;Friedrichallee;Bad Godesberg-Villenviert;53173;20;9998;27;9999;;Rüngsdorferstr - Mirbachstr;BGC;Bad Godesberg-Villenviertel;BG;Bad Godesberg;B;Bonn;24.03.2026;09.07.2026;27.11.2026
16520;Sperrmüll;01.01.2026;31.12.2026;Gneisenaustr.;Bad Godesberg-Villenviert;53173;2;9998;1;9999;;;BGC;Bad Godesberg-Villenviertel;BG;Bad Godesberg;B;Bonn;23.03.2026;08.07.2026;26.11.2026
16840;Sperrmüll;01.01.2026;31.12.2026;Habsburgerstr.;Bad Godesberg-Villenviert;53173;2;9998;1;9999;;;BGC;Bad Godesberg-Villenviertel;BG;Bad Godesberg;B;Bonn;25.03.2026;10.07.2026;30.11.2026
16550;Sperrmüll;01.01.2026;31.12.2026;Hensstr.;Bad Godesberg-Villenviert;53173;2;9998;1;9999;;;BGC;Bad Godesberg-Villenviertel;BG;Bad Godesberg;B;Bonn;25.03.2026;10.07.2026;30.11.2026
16580;Sperrmüll;01.01.2026;31.12.2026;Herderstr.;Bad Godesberg-Villenviert;53173;2;52;1;51;;Rheiallee - Denglerstr;BGC;Bad Godesberg-Villenviertel;BG;Bad Godesberg;B;Bonn;25.03.2026;10.07.2026;30.11.2026
16595;Sperrmüll;01.01.2026;31.12.2026;Herderstr.;Bad Godesberg-Villenviert;53173;54;9998;53;9999;;Denglerstr - Am Arndtplatz;BGC;Bad Godesberg-Villenviertel;BG;Bad Godesberg;B;Bonn;25.03.2026;10.07.2026;30.11.2026
17195;Sperrmüll;01.01.2026;31.12.2026;Hohenzollernplatz;Bad Godesberg-Villenviert;53173;2;9998;1;9999;;;BGC;Bad Godesberg-Villenviertel;BG;Bad Godesberg;B;Bonn;23.03.2026;08.07.2026;26.11.2026
17210;Sperrmüll;01.01.2026;31.12.2026;Hohenzollernstr.;Bad Godesberg-Villenviert;53173;2;28;1;31;;Beethoven.A - Plittersdorferst;BGC;Bad Godesberg-Villenviertel;BG;Bad Godesberg;B;Bonn;25.03.2026;10.07.2026;30.11.2026
17225;Sperrmüll;01.01.2026;31.12.2026;Hohenzollernstr.;Bad Godesberg-Villenviert;53173;30;44;33;47;;Plittersdorferstr - Jahnallee;BGC;Bad Godesberg-Villenviertel;BG;Bad Godesberg;B;Bonn;23.03.2026;08.07.2026;26.11.2026
17240;Sperrmüll;01.01.2026;31.12.2026;Hohenzollernstr.;Bad Godesberg-Villenviert;53173;46;68;49;73;;Jahnallee - Wurzerstr;BGC;Bad Godesberg-Villenviertel;BG;Bad Godesberg;B;Bonn;26.03.2026;13.07.2026;01.12.2026
17255;Sperrmüll;01.01.2026;31.12.2026;Hohenzollernstr.;Bad Godesberg-Villenviert;53173;70;9998;75;9999;;Wurzerstr - Germanenstr;BGC;Bad Godesberg-Villenviertel;BG;Bad Godesberg;B;Bonn;26.03.2026;13.07.2026;01.12.2026
17805;Sperrmüll;01.01.2026;31.12.2026;Jahnallee;Bad Godesberg-Villenviert;53173;2;32;1;37;;Jahnallee - Hohenzollernstr;BGC;Bad Godesberg-Villenviertel;BG;Bad Godesberg;B;Bonn;23.03.2026;08.07.2026;26.11.2026
17820;Sperrmüll;01.01.2026;31.12.2026;Jahnallee;Bad Godesberg-Villenviert;53173;34;9998;39;9999;;Hohenzollernstr - Viktoriastr;BGC;Bad Godesberg-Villenviertel;BG;Bad Godesberg;B;Bonn;23.03.2026;08.07.2026;26.11.2026
21116;Sperrmüll;01.01.2026;31.12.2026;Jean-Paul-Str.;Bad Godesberg-Villenviert;53173;2;9998;1;9999;;;BGC;Bad Godesberg-Villenviertel;BG;Bad Godesberg;B;Bonn;24.03.2026;09.07.2026;27.11.2026
22726;Sperrmüll;01.01.2026;31.12.2026;Kolfhausstr.;Bad Godesberg-Villenviert;53173;2;9998;1;9999;;;BGC;Bad Godesberg-Villenviertel;BG;Bad Godesberg;B;Bonn;23.03.2026;08.07.2026;26.11.2026
18429;Sperrmüll;01.01.2026;31.12.2026;Königsplatz;Bad Godesberg-Villenviert;53173;2;10;1;15;;Beethovenallee - Rheinallee;BGC;Bad Godesberg-Villenviertel;BG;Bad Godesberg;B;Bonn;23.03.2026;08.07.2026;26.11.2026
18444;Sperrmüll;01.01.2026;31.12.2026;Königsplatz;Bad Godesberg-Villenviert;53173;12;9998;17;9999;;Rheinallee - Rüngsdorferstr;BGC;Bad Godesberg-Villenviertel;BG;Bad Godesberg;B;Bonn;24.03.2026;09.07.2026;27.11.2026
18489;Sperrmüll;01.01.2026;31.12.2026;Körnerstr.;Bad Godesberg-Villenviert;53173;2;12;1;13;;Beethovenallee - Plittersd.St;BGC;Bad Godesberg-Villenviertel;BG;Bad Godesberg;B;Bonn;25.03.2026;10.07.2026;30.11.2026
18504;Sperrmüll;01.01.2026;31.12.2026;Körnerstr.;Bad Godesberg-Villenviert;53175;14;9998;15;9999;;Plittersdorferstr - Wurzerstr;BGC;Bad Godesberg-Villenviertel;BG;Bad Godesberg;B;Bonn;23.03.2026;08.07.2026;26.11.2026
18659;Sperrmüll;01.01.2026;31.12.2026;Kronprinzenstr.;Bad Godesberg-Villenviert;53173;2;18;1;5;;Rüngsdorferstr - Dürenstr;BGC;Bad Godesberg-Villenviertel;BG;Bad Godesberg;B;Bonn;24.03.2026;09.07.2026;27.11.2026
18674;Sperrmüll;01.01.2026;31.12.2026;Kronprinzenstr.;Bad Godesberg-Villenviert;53173;20;30;7;25;;Dürenstr - Rheinallee;BGC;Bad Godesberg-Villenviertel;BG;Bad Godesberg;B;Bonn;24.03.2026;09.07.2026;27.11.2026
18689;Sperrmüll;01.01.2026;31.12.2026;Kronprinzenstr.;Bad Godesberg-Villenviert;53173;68;9998;53;9999;;Denglerstr - Beethovenallee;BGC;Bad Godesberg-Villenviertel;BG;Bad Godesberg;B;Bonn;25.03.2026;10.07.2026;30.11.2026
18704;Sperrmüll;01.01.2026;31.12.2026;Kronprinzenstr.;Bad Godesberg-Villenviert;53173;32;66;27;51;;Rheinallee - Denglerstr;BGC;Bad Godesberg-Villenviertel;BG;Bad Godesberg;B;Bonn;25.03.2026;10.07.2026;30.11.2026
19041;Sperrmüll;01.01.2026;31.12.2026;Lützowstr.;Bad Godesberg-Villenviert;53173;2;9998;1;9999;;;BGC;Bad Godesberg-Villenviertel;BG;Bad Godesberg;B;Bonn;26.03.2026;13.07.2026;01.12.2026
19601;Sperrmüll;01.01.2026;31.12.2026;Mirbachstr.;Bad Godesberg-Villenviert;53173;2;9998;1;9999;;;BGC;Bad Godesberg-Villenviertel;BG;Bad Godesberg;B;Bonn;24.03.2026;09.07.2026;27.11.2026
20041;Sperrmüll;01.01.2026;31.12.2026;Otto-Kühne-Platz;Bad Godesberg-Villenviert;53173;2;9998;1;9999;;;BGC;Bad Godesberg-Villenviertel;BG;Bad Godesberg;B;Bonn;24.03.2026;09.07.2026;27.11.2026
14770;Sperrmüll;01.01.2026;31.12.2026;Paul-Kemp-Str.;Bad Godesberg-Villenviert;53173;2;9998;1;9999;;;BGC;Bad Godesberg-Villenviertel;BG;Bad Godesberg;B;Bonn;23.03.2026;08.07.2026;26.11.2026
20471;Sperrmüll;01.01.2026;31.12.2026;Rheinallee;Bad Godesberg-Villenviert;53173;2;76;1;53;;Bahn - Ubierstr;BGC;Bad Godesberg-Villenviertel;BG;Bad Godesberg;B;Bonn;23.03.2026;08.07.2026;26.11.2026
20491;Sperrmüll;01.01.2026;31.12.2026;Rheinallee;Bad Godesberg-Villenviert;53173;78;9998;55;9999;;Ubierstr - Von-Sandt-Ufer;BGC;Bad Godesberg-Villenviertel;BG;Bad Godesberg;B;Bonn;23.03.2026;08.07.2026;26.11.2026
20901;Sperrmüll;01.01.2026;31.12.2026;Roonstr.;Bad Godesberg-Villenviert;53175;2;9998;1;9999;;;BGC;Bad Godesberg-Villenviertel;BG;Bad Godesberg;B;Bonn;23.03.2026;08.07.2026;26.11.2026
20991;Sperrmüll;01.01.2026;31.12.2026;Rüngsdorfer Str.;Bad Godesberg-Villenviert;53173;2;18;1;41;;Rheinallee - Friedrichallee;BGC;Bad Godesberg-Villenviertel;BG;Bad Godesberg;B;Bonn;23.03.2026;08.07.2026;26.11.2026
21006;Sperrmüll;01.01.2026;31.12.2026;Rüngsdorfer Str.;Bad Godesberg-Villenviert;53173;20;9998;43;9999;;Friedrichallee - Römerplatz;BGC;Bad Godesberg-Villenviertel;BG;Bad Godesberg;B;Bonn;23.03.2026;08.07.2026;26.11.2026
21071;Sperrmüll;01.01.2026;31.12.2026;Scharnhorststr.;Bad Godesberg-Villenviert;53175;2;9998;1;9999;;;BGC;Bad Godesberg-Villenviertel;BG;Bad Godesberg;B;Bonn;23.03.2026;08.07.2026;26.11.2026
21086;Sperrmüll;01.01.2026;31.12.2026;Schenkendorfstr.;Bad Godesberg-Villenviert;53173;2;9998;1;9999;;;BGC;Bad Godesberg-Villenviertel;BG;Bad Godesberg;B;Bonn;26.03.2026;13.07.2026;01.12.2026
22100;Sperrmüll;01.01.2026;31.12.2026;Ubierstr.;Bad Godesberg-Villenviert;53173;2;110;1;109;;Plittersdorferstr - Rheinallee;BGC;Bad Godesberg-Villenviertel;BG;Bad Godesberg;B;Bonn;25.03.2026;10.07.2026;30.11.2026
22115;Sperrmüll;01.01.2026;31.12.2026;Ubierstr.;Bad Godesberg-Villenviert;53173;112;9998;111;9999;;Mirbachstr - Römerplatz;BGC;Bad Godesberg-Villenviertel;BG;Bad Godesberg;B;Bonn;24.03.2026;09.07.2026;27.11.2026
22150;Sperrmüll;01.01.2026;31.12.2026;Uhlandstr.;Bad Godesberg-Villenviert;53173;2;20;1;21;;Beethovenallee - Denglerstr;BGC;Bad Godesberg-Villenviertel;BG;Bad Godesberg;B;Bonn;25.03.2026;10.07.2026;30.11.2026
22165;Sperrmüll;01.01.2026;31.12.2026;Uhlandstr.;Bad Godesberg-Villenviert;53173;22;9998;23;9999;;Denglerstr - Rheinallee;BGC;Bad Godesberg-Villenviertel;BG;Bad Godesberg;B;Bonn;25.03.2026;10.07.2026;30.11.2026
22255;Sperrmüll;01.01.2026;31.12.2026;Viktoriaplatz;Bad Godesberg-Villenviert;53173;2;9998;1;9999;;;BGC;Bad Godesberg-Villenviertel;BG;Bad Godesberg;B;Bonn;26.03.2026;13.07.2026;01.12.2026
22270;Sperrmüll;01.01.2026;31.12.2026;Viktoriastr.;Bad Godesberg-Villenviert;53173;2;26;1;27;;Beethoven.A - Plittersdorferst;BGC;Bad Godesberg-Villenviertel;BG;Bad Godesberg;B;Bonn;25.03.2026;10.07.2026;30.11.2026
22285;Sperrmüll;01.01.2026;31.12.2026;Viktoriastr.;Bad Godesberg-Villenviert;53173;28;9998;29;9999;;Plittersdorferstr - Gotenstr;BGC;Bad Godesberg-Villenviertel;BG;Bad Godesberg;B;Bonn;23.03.2026;08.07.2026;26.11.2026
15855;Sperrmüll;01.01.2026;31.12.2026;Welfenstr.;Bad Godesberg-Villenviert;53173;2;9998;1;9999;;;BGC;Bad Godesberg-Villenviertel;BG;Bad Godesberg;B;Bonn;23.03.2026;08.07.2026;26.11.2026
22771;Sperrmüll;01.01.2026;31.12.2026;Wittelsbacherstr.;Bad Godesberg-Villenviert;53173;2;9998;1;9999;;;BGC;Bad Godesberg-Villenviertel;BG;Bad Godesberg;B;Bonn;25.03.2026;10.07.2026;30.11.2026
22846;Sperrmüll;01.01.2026;31.12.2026;Wurzerstr.;Bad Godesberg-Villenviert;53175;2;32;1;29;;Godesb.Allee-Hohenzollernstr;BGC;Bad Godesberg-Villenviertel;BG;Bad Godesberg;B;Bonn;26.03.2026;13.07.2026;01.12.2026
22861;Sperrmüll;01.01.2026;31.12.2026;Wurzerstr.;Bad Godesberg-Villenviert;53175;112;140;117;131;;Mittelstr - Sibyllenstr;BGC;Bad Godesberg-Villenviertel;BG;Bad Godesberg;B;Bonn;25.03.2026;10.07.2026;30.11.2026
22876;Sperrmüll;01.01.2026;31.12.2026;Wurzerstr.;Bad Godesberg-Villenviert;53175;34;72;31;51;;Hohenzollernstr - Viktoriastr;BGC;Bad Godesberg-Villenviertel;BG;Bad Godesberg;B;Bonn;26.03.2026;13.07.2026;01.12.2026
22891;Sperrmüll;01.01.2026;31.12.2026;Wurzerstr.;Bad Godesberg-Villenviert;53175;74;110;53;115;;Viktoriastr - Mittelstr;BGC;Bad Godesberg-Villenviertel;BG;Bad Godesberg;B;Bonn;26.03.2026;13.07.2026;01.12.2026
42524;Sperrmüll;01.01.2026;31.12.2026;Wurzerstr.;Bad Godesberg-Villenviert;53175;142;9998;133;9999;;Sibyllenstr - Turmstr;BGC;Bad Godesberg-Villenviertel;BG;Bad Godesberg;B;Bonn;25.03.2026;10.07.2026;30.11.2026
22966;Sperrmüll;01.01.2026;31.12.2026;Zietenstr.;Bad Godesberg-Villenviert;53173;2;16;1;13;;Augustastr - Hohenzollernstr;BGC;Bad Godesberg-Villenviertel;BG;Bad Godesberg;B;Bonn;26.03.2026;13.07.2026;01.12.2026
22981;Sperrmüll;01.01.2026;31.12.2026;Zietenstr.;Bad Godesberg-Villenviert;53173;18;9998;15;9999;;Hohenzollernstr - Viktoriastr;BGC;Bad Godesberg-Villenviertel;BG;Bad Godesberg;B;Bonn;26.03.2026;13.07.2026;01.12.2026
20261;Sperrmüll;01.01.2026;31.12.2026;Plittersdorfer Str.;Bad Godesberg-Villenviertel;53173;2;20;1;19;;Bonnerstr.- Bahn;BGC;Bad Godesberg-Villenviertel;BG;Bad Godesberg;B;Bonn;10.03.2026;26.06.2026;13.11.2026
20276;Sperrmüll;01.01.2026;31.12.2026;Plittersdorfer Str.;Bad Godesberg-Villenviertel;53173;144;9998;131;9999;;Mittelstr - Turmstr;BGC;Bad Godesberg-Villenviertel;BG;Bad Godesberg;B;Bonn;25.03.2026;10.07.2026;30.11.2026
20291;Sperrmüll;01.01.2026;31.12.2026;Plittersdorfer Str.;Bad Godesberg-Villenviertel;53173;64;88;61;81;;Hohenzollernstr - Viktoriastr;BGC;Bad Godesberg-Villenviertel;BG;Bad Godesberg;B;Bonn;23.03.2026;08.07.2026;26.11.2026
20306;Sperrmüll;01.01.2026;31.12.2026;Plittersdorfer Str.;Bad Godesberg-Villenviertel;53173;22;62;21;59;;Bahn - Hohenzollernstr;BGC;Bad Godesberg-Villenviertel;BG;Bad Godesberg;B;Bonn;23.03.2026;08.07.2026;26.11.2026
20321;Sperrmüll;01.01.2026;31.12.2026;Plittersdorfer Str.;Bad Godesberg-Villenviertel;53173;90;142;83;129;;Viktoriastr - Mittelstr;BGC;Bad Godesberg-Villenviertel;BG;Bad Godesberg;B;Bonn;23.03.2026;08.07.2026;26.11.2026
23916;Sperrmüll;01.01.2026;31.12.2026;Agnesstr.;Beuel Zentrum;53225;2;40;1;29;;Friedrich-Breuerstr-Marienstr;BBA;Beuel Zentrum;BB;Beuel;B;Bonn;22.04.2026;02.09.2026;10.12.2026
23931;Sperrmüll;01.01.2026;31.12.2026;Agnesstr.;Beuel Zentrum;53225;42;9998;31;9999;;Mariestr - Johannesstr;BBA;Beuel Zentrum;BB;Beuel;B;Bonn;22.04.2026;02.09.2026;10.12.2026
24211;Sperrmüll;01.01.2026;31.12.2026;Am Stadion;Beuel Zentrum;53225;2;9998;1;9999;;;BBA;Beuel Zentrum;BB;Beuel;B;Bonn;17.04.2026;03.09.2026;09.12.2026
30476;Sperrmüll;01.01.2026;31.12.2026;An der Gierponte;Beuel Zentrum;53225;2;9998;1;9999;;;BBA;Beuel Zentrum;BB;Beuel;B;Bonn;17.04.2026;03.09.2026;09.12.2026
24541;Sperrmüll;01.01.2026;31.12.2026;An der Küppe;Beuel Zentrum;53225;2;9998;1;9999;;;BBA;Beuel Zentrum;BB;Beuel;B;Bonn;22.04.2026;02.09.2026;10.12.2026
27366;Sperrmüll;01.01.2026;31.12.2026;An Sankt Josef;Beuel Zentrum;53225;2;8;1;17;;Gottfried Clarenstr.- Linkstr;BBA;Beuel Zentrum;BB;Beuel;B;Bonn;22.04.2026;02.09.2026;10.12.2026
27381;Sperrmüll;01.01.2026;31.12.2026;An Sankt Josef;Beuel Zentrum;53225;10;9998;19;9999;;Linkstr - Johannesstr;BBA;Beuel Zentrum;BB;Beuel;B;Bonn;22.04.2026;02.09.2026;10.12.2026
24616;Sperrmüll;01.01.2026;31.12.2026;Auf dem Grendt;Beuel Zentrum;53225;2;9998;1;9999;;;BBA;Beuel Zentrum;BB;Beuel;B;Bonn;16.04.2026;31.08.2026;07.12.2026
24451;Sperrmüll;01.01.2026;31.12.2026;Auf der Schleide;Beuel Zentrum;53225;2;9998;1;9999;;;BBA;Beuel Zentrum;BB;Beuel;B;Bonn;22.04.2026;02.09.2026;10.12.2026
24961;Sperrmüll;01.01.2026;31.12.2026;Bergweg;Beuel Zentrum;53225;2;9998;1;9999;;;BBA;Beuel Zentrum;BB;Beuel;B;Bonn;17.04.2026;03.09.2026;09.12.2026
24856;Sperrmüll;01.01.2026;31.12.2026;Beueler Bahnhofsplatz;Beuel Zentrum;53225;2;9998;1;9999;;;BBA;Beuel Zentrum;BB;Beuel;B;Bonn;22.04.2026;02.09.2026;10.12.2026
25416;Sperrmüll;01.01.2026;31.12.2026;Bröltalbahnweg;Beuel Zentrum;53225;2;9998;1;9999;;;BBA;Beuel Zentrum;BB;Beuel;B;Bonn;20.04.2026;01.09.2026;11.12.2026
25506;Sperrmüll;01.01.2026;31.12.2026;Combahnstr.;Beuel Zentrum;53225;2;36;1;43;43A;Rheinaustr - Rheindorferstr;BBA;Beuel Zentrum;BB;Beuel;B;Bonn;20.04.2026;01.09.2026;11.12.2026
25521;Sperrmüll;01.01.2026;31.12.2026;Combahnstr.;Beuel Zentrum;53225;38;68;45;81;;Rheindorferstr-S.Augustinerstr;BBA;Beuel Zentrum;BB;Beuel;B;Bonn;20.04.2026;01.09.2026;11.12.2026
25536;Sperrmüll;01.01.2026;31.12.2026;Combahnstr.;Beuel Zentrum;53225;70;9998;83;9999;;S.Augustinerstr - Kreutzstr;BBA;Beuel Zentrum;BB;Beuel;B;Bonn;22.04.2026;02.09.2026;10.12.2026
25686;Sperrmüll;01.01.2026;31.12.2026;Doktor-Weis-Platz;Beuel Zentrum;53225;2;9998;1;9999;;;BBA;Beuel Zentrum;BB;Beuel;B;Bonn;22.04.2026;02.09.2026;10.12.2026
25671;Sperrmüll;01.01.2026;31.12.2026;Dunantstr.;Beuel Zentrum;53225;2;9998;1;9999;;;BBA;Beuel Zentrum;BB;Beuel;B;Bonn;20.04.2026;01.09.2026;11.12.2026
25761;Sperrmüll;01.01.2026;31.12.2026;Elsa-Brändström-Str.;Beuel Zentrum;53225;2;64;1;53;;Ringstr - Im Rheinfeld;BBA;Beuel Zentrum;BB;Beuel;B;Bonn;17.04.2026;03.09.2026;09.12.2026
25781;Sperrmüll;01.01.2026;31.12.2026;Elsa-Brändström-Str.;Beuel Zentrum;53227;;;61;101;;Rosenweg - Kreuzherrenstr;BBA;Beuel Zentrum;BB;Beuel;B;Bonn;16.04.2026;31.08.2026;07.12.2026
25796;Sperrmüll;01.01.2026;31.12.2026;Elsa-Brändström-Str.;Beuel Zentrum;53227;76;9998;103;9999;;Kreuzherrenstr - Wolkenburgweg;BBA;Beuel Zentrum;BB;Beuel;B;Bonn;16.04.2026;31.08.2026;07.12.2026
25816;Sperrmüll;01.01.2026;31.12.2026;Elsa-Brändström-Str.;Beuel Zentrum;53227;66;74;55;59;;Im Rheinfeld - Rosenweg;BBA;Beuel Zentrum;BB;Beuel;B;Bonn;17.04.2026;03.09.2026;09.12.2026
25861;Sperrmüll;01.01.2026;31.12.2026;Ernst-Moritz-Arndt-Str.;Beuel Zentrum;53225;2;9998;1;9999;;;BBA;Beuel Zentrum;BB;Beuel;B;Bonn;17.04.2026;03.09.2026;09.12.2026
25951;Sperrmüll;01.01.2026;31.12.2026;Feldstr.;Beuel Zentrum;53225;2;9998;1;9999;;;BBA;Beuel Zentrum;BB;Beuel;B;Bonn;17.04.2026;03.09.2026;09.12.2026
25996;Sperrmüll;01.01.2026;31.12.2026;Franziskanerinnenplatz;Beuel Zentrum;53225;2;9998;1;9999;;;BBA;Beuel Zentrum;BB;Beuel;B;Bonn;22.04.2026;02.09.2026;10.12.2026
26101;Sperrmüll;01.01.2026;31.12.2026;Friedhofstr.;Beuel Zentrum;53225;2;9998;1;9999;;;BBA;Beuel Zentrum;BB;Beuel;B;Bonn;22.04.2026;02.09.2026;10.12.2026
26136;Sperrmüll;01.01.2026;31.12.2026;Friedrich-Breuer-Str.;Beuel Zentrum;53225;2;14;1;19;;Rheinaustr - Hermannstr;BBA;Beuel Zentrum;BB;Beuel;B;Bonn;22.04.2026;02.09.2026;10.12.2026
26151;Sperrmüll;01.01.2026;31.12.2026;Friedrich-Breuer-Str.;Beuel Zentrum;53225;16;38;21;41;;Hermannstr - Limpericherstr;BBA;Beuel Zentrum;BB;Beuel;B;Bonn;22.04.2026;02.09.2026;10.12.2026
26166;Sperrmüll;01.01.2026;31.12.2026;Friedrich-Breuer-Str.;Beuel Zentrum;53225;40;98;43;97;;Limpericherstr - Kreuzstr;BBA;Beuel Zentrum;BB;Beuel;B;Bonn;22.04.2026;02.09.2026;10.12.2026
26181;Sperrmüll;01.01.2026;31.12.2026;Friedrich-Breuer-Str.;Beuel Zentrum;53225;100;9998;99;9999;;Kreuzstr - Gustav-Kesslerstr;BBA;Beuel Zentrum;BB;Beuel;B;Bonn;22.04.2026;02.09.2026;10.12.2026
26121;Sperrmüll;01.01.2026;31.12.2026;Friedrich-Friesen-Str.;Beuel Zentrum;53225;2;9998;1;9999;;;BBA;Beuel Zentrum;BB;Beuel;B;Bonn;22.04.2026;02.09.2026;10.12.2026
26441;Sperrmüll;01.01.2026;31.12.2026;Goetheallee;Beuel Zentrum;53225;2;46;1;49;;B. Bahnhofspl.- Limpericherstr;BBA;Beuel Zentrum;BB;Beuel;B;Bonn;22.04.2026;02.09.2026;10.12.2026
26461;Sperrmüll;01.01.2026;31.12.2026;Goetheallee;Beuel Zentrum;53225;48;9998;51;9999;;Limpericherstr - A.d.Schleide;BBA;Beuel Zentrum;BB;Beuel;B;Bonn;22.04.2026;02.09.2026;10.12.2026
26476;Sperrmüll;01.01.2026;31.12.2026;Gottfried-Claren-Str.;Beuel Zentrum;53225;2;9998;1;9999;;;BBA;Beuel Zentrum;BB;Beuel;B;Bonn;22.04.2026;02.09.2026;10.12.2026
26506;Sperrmüll;01.01.2026;31.12.2026;Grabenstr.;Beuel Zentrum;53225;2;86;1;83;;Stiftsstr - Clemensstr;BBA;Beuel Zentrum;BB;Beuel;B;Bonn;20.04.2026;01.09.2026;11.12.2026
42419;Sperrmüll;01.01.2026;31.12.2026;Grabenstr.;Beuel Zentrum;53225;88;9998;85;9999;;Clemensstr - Frankenweg;BBA;Beuel Zentrum;BB;Beuel;B;Bonn;20.04.2026;01.09.2026;11.12.2026
26566;Sperrmüll;01.01.2026;31.12.2026;Gustav-Kessler-Str.;Beuel Zentrum;53225;2;9998;1;9999;;;BBA;Beuel Zentrum;BB;Beuel;B;Bonn;22.04.2026;02.09.2026;10.12.2026
26631;Sperrmüll;01.01.2026;31.12.2026;Hans-Böckler-Str.;Beuel Zentrum;53225;2;20;1;5;;Combahnstr-Friedrich-Breuerstr;BBA;Beuel Zentrum;BB;Beuel;B;Bonn;22.04.2026;02.09.2026;10.12.2026
26646;Sperrmüll;01.01.2026;31.12.2026;Hans-Böckler-Str.;Beuel Zentrum;53225;22;9998;7;9999;28;Friedrich-Beuerstr-Goetheallee;BBA;Beuel Zentrum;BB;Beuel;B;Bonn;22.04.2026;02.09.2026;10.12.2026
26961;Sperrmüll;01.01.2026;31.12.2026;Hans-Steger-Ufer;Beuel Zentrum;53225;2;9998;1;9999;;;BBA;Beuel Zentrum;BB;Beuel;B;Bonn;17.04.2026;03.09.2026;09.12.2026
26911;Sperrmüll;01.01.2026;31.12.2026;Heckelsbergplatz;Beuel Zentrum;53225;2;9998;1;9999;;;BBA;Beuel Zentrum;BB;Beuel;B;Bonn;22.04.2026;02.09.2026;10.12.2026
26726;Sperrmüll;01.01.2026;31.12.2026;Heinrich-Heine-Str.;Beuel Zentrum;53225;2;9998;1;9999;;;BBA;Beuel Zentrum;BB;Beuel;B;Bonn;17.04.2026;03.09.2026;09.12.2026
26741;Sperrmüll;01.01.2026;31.12.2026;Helenenstr.;Beuel Zentrum;53225;2;34;1;31;;Johannesstr - Ringstr;BBA;Beuel Zentrum;BB;Beuel;B;Bonn;17.04.2026;03.09.2026;09.12.2026
26756;Sperrmüll;01.01.2026;31.12.2026;Helenenstr.;Beuel Zentrum;53225;36;9998;33;9999;;Ringstr - Ernst-Moritz-Arndtst;BBA;Beuel Zentrum;BB;Beuel;B;Bonn;17.04.2026;03.09.2026;09.12.2026
30976;Sperrmüll;01.01.2026;31.12.2026;Herbert-Rabius-Str.;Beuel Zentrum;53225;2;9998;1;9999;;;BBA;Beuel Zentrum;BB;Beuel;B;Bonn;22.04.2026;02.09.2026;10.12.2026
26771;Sperrmüll;01.01.2026;31.12.2026;Hermannstr.;Beuel Zentrum;53225;2;44;1;35;;F.Breuerstr - Johann-Linkstr;BBA;Beuel Zentrum;BB;Beuel;B;Bonn;22.04.2026;02.09.2026;10.12.2026
26786;Sperrmüll;01.01.2026;31.12.2026;Hermannstr.;Beuel Zentrum;53225;70;92;41;65;;Steinerstr - Johannesstr;BBA;Beuel Zentrum;BB;Beuel;B;Bonn;22.04.2026;02.09.2026;10.12.2026
26801;Sperrmüll;01.01.2026;31.12.2026;Hermannstr.;Beuel Zentrum;53225;94;9998;67;9999;;Johannes - Ringstr;BBA;Beuel Zentrum;BB;Beuel;B;Bonn;17.04.2026;03.09.2026;09.12.2026
42404;Sperrmüll;01.01.2026;31.12.2026;Hermannstr.;Beuel Zentrum;53225;56;68;37;39;;Marienstr - Steinerstr;BBA;Beuel Zentrum;BB;Beuel;B;Bonn;22.04.2026;02.09.2026;10.12.2026
42434;Sperrmüll;01.01.2026;31.12.2026;Hermannstr.;Beuel Zentrum;53225;46;54;;;;Marienstr - Steinerstr;BBA;Beuel Zentrum;BB;Beuel;B;Bonn;22.04.2026;02.09.2026;10.12.2026
27126;Sperrmüll;01.01.2026;31.12.2026;Im Rheinfeld;Beuel Zentrum;53227;2;9998;1;9999;;;BBA;Beuel Zentrum;BB;Beuel;B;Bonn;17.04.2026;03.09.2026;09.12.2026
27141;Sperrmüll;01.01.2026;31.12.2026;Im Rheingarten;Beuel Zentrum;53225;2;9998;1;9999;;;BBA;Beuel Zentrum;BB;Beuel;B;Bonn;17.04.2026;03.09.2026;09.12.2026
30521;Sperrmüll;01.01.2026;31.12.2026;Johann-Link-Str.;Beuel Zentrum;53225;2;12;1;5;;A.d.Schleide - An Sankt Josef;BBA;Beuel Zentrum;BB;Beuel;B;Bonn;22.04.2026;02.09.2026;10.12.2026
30536;Sperrmüll;01.01.2026;31.12.2026;Johann-Link-Str.;Beuel Zentrum;53225;14;14;7;11;;An Sankt Josef - Hermannstr;BBA;Beuel Zentrum;BB;Beuel;B;Bonn;22.04.2026;02.09.2026;10.12.2026
42629;Sperrmüll;01.01.2026;31.12.2026;Johann-Link-Str.;Beuel Zentrum;53225;16;9998;13;9999;;Hermannstr - Agnesstr;BBA;Beuel Zentrum;BB;Beuel;B;Bonn;22.04.2026;02.09.2026;10.12.2026
27501;Sperrmüll;01.01.2026;31.12.2026;Johannes-Bücher-Ufer;Beuel Zentrum;53225;2;9998;1;9999;;;BBA;Beuel Zentrum;BB;Beuel;B;Bonn;17.04.2026;03.09.2026;09.12.2026
27321;Sperrmüll;01.01.2026;31.12.2026;Johannesstr.;Beuel Zentrum;53225;2;24;1;17;;Rheinaustr - Hermannstr;BBA;Beuel Zentrum;BB;Beuel;B;Bonn;17.04.2026;03.09.2026;09.12.2026
27336;Sperrmüll;01.01.2026;31.12.2026;Johannesstr.;Beuel Zentrum;53225;26;30;19;35;;Hermannstr - Feldstr;BBA;Beuel Zentrum;BB;Beuel;B;Bonn;17.04.2026;03.09.2026;09.12.2026
27351;Sperrmüll;01.01.2026;31.12.2026;Johannesstr.;Beuel Zentrum;53225;32;58;37;65;;Feldstr - Rudolf-Hahnstr;BBA;Beuel Zentrum;BB;Beuel;B;Bonn;17.04.2026;03.09.2026;09.12.2026
42699;Sperrmüll;01.01.2026;31.12.2026;Johannesstr.;Beuel Zentrum;53225;60;9998;67;9999;;Rudolf-Hahnstr - Limperichersr;BBA;Beuel Zentrum;BB;Beuel;B;Bonn;17.04.2026;03.09.2026;09.12.2026
27546;Sperrmüll;01.01.2026;31.12.2026;Kaiser-Konrad-Str.;Beuel Zentrum;53225;2;46;1;49;;Rheinaustr - Rheindorferstr;BBA;Beuel Zentrum;BB;Beuel;B;Bonn;20.04.2026;01.09.2026;11.12.2026
27561;Sperrmüll;01.01.2026;31.12.2026;Kaiser-Konrad-Str.;Beuel Zentrum;53225;48;9998;51;9999;;Rheindorferst - S.Augustinerst;BBA;Beuel Zentrum;BB;Beuel;B;Bonn;20.04.2026;01.09.2026;11.12.2026
28040;Sperrmüll;01.01.2026;31.12.2026;Kennedybrücke;Beuel Zentrum;53225;2;9998;1;9999;;;BBA;Beuel Zentrum;BB;Beuel;B;Bonn;22.04.2026;02.09.2026;10.12.2026
27761;Sperrmüll;01.01.2026;31.12.2026;Königsheimstr.;Beuel Zentrum;53225;2;9998;1;9999;;;BBA;Beuel Zentrum;BB;Beuel;B;Bonn;17.04.2026;03.09.2026;09.12.2026
28085;Sperrmüll;01.01.2026;31.12.2026;Konrad-Adenauer-Platz;Beuel Zentrum;53225;2;9998;1;9999;;;BBA;Beuel Zentrum;BB;Beuel;B;Bonn;22.04.2026;02.09.2026;10.12.2026
28150;Sperrmüll;01.01.2026;31.12.2026;Kreuzstr.;Beuel Zentrum;53225;2;9998;1;9999;;;BBA;Beuel Zentrum;BB;Beuel;B;Bonn;22.04.2026;02.09.2026;10.12.2026
28200;Sperrmüll;01.01.2026;31.12.2026;Limpericher Str.;Beuel Zentrum;53225;2;22;1;13;;Friedr.Breuerstr - Goetheallee;BBA;Beuel Zentrum;BB;Beuel;B;Bonn;22.04.2026;02.09.2026;10.12.2026
28220;Sperrmüll;01.01.2026;31.12.2026;Limpericher Str.;Beuel Zentrum;53225;24;94;15;103;;Goetheallee - Ringstr;BBA;Beuel Zentrum;BB;Beuel;B;Bonn;22.04.2026;02.09.2026;10.12.2026
28235;Sperrmüll;01.01.2026;31.12.2026;Limpericher Str.;Beuel Zentrum;53225;196;9998;167;9999;;Küdinghovenerst-Kreuzherrenst;BBA;Beuel Zentrum;BB;Beuel;B;Bonn;16.04.2026;31.08.2026;07.12.2026
28250;Sperrmüll;01.01.2026;31.12.2026;Limpericher Str.;Beuel Zentrum;53225;144;194;145;165;;A.d. Grendt - Küdinghovenerstr;BBA;Beuel Zentrum;BB;Beuel;B;Bonn;17.04.2026;03.09.2026;09.12.2026
28265;Sperrmüll;01.01.2026;31.12.2026;Limpericher Str.;Beuel Zentrum;53225;96;142;105;143;;Ringstr - Auf dem Grendt;BBA;Beuel Zentrum;BB;Beuel;B;Bonn;17.04.2026;03.09.2026;09.12.2026
28400;Sperrmüll;01.01.2026;31.12.2026;Marchstr.;Beuel Zentrum;53225;2;9998;1;9999;;;BBA;Beuel Zentrum;BB;Beuel;B;Bonn;17.04.2026;03.09.2026;09.12.2026
28430;Sperrmüll;01.01.2026;31.12.2026;Marienstr.;Beuel Zentrum;53225;2;9998;1;9999;;;BBA;Beuel Zentrum;BB;Beuel;B;Bonn;22.04.2026;02.09.2026;10.12.2026
28799;Sperrmüll;01.01.2026;31.12.2026;Nepomuk-Platz;Beuel Zentrum;53225;2;9998;1;9999;;;BBA;Beuel Zentrum;BB;Beuel;B;Bonn;17.04.2026;03.09.2026;09.12.2026
28859;Sperrmüll;01.01.2026;31.12.2026;Neustr.;Beuel Zentrum;53225;2;8;1;13;;O.Wilhelmstr - Zingsheimerstr;BBA;Beuel Zentrum;BB;Beuel;B;Bonn;22.04.2026;02.09.2026;10.12.2026
28874;Sperrmüll;01.01.2026;31.12.2026;Neustr.;Beuel Zentrum;53225;30;86;31;73;;Goetheallee - Ringstr;BBA;Beuel Zentrum;BB;Beuel;B;Bonn;17.04.2026;03.09.2026;09.12.2026
28889;Sperrmüll;01.01.2026;31.12.2026;Neustr.;Beuel Zentrum;53225;88;9998;75;9999;;Ringstr - Am Stadion;BBA;Beuel Zentrum;BB;Beuel;B;Bonn;17.04.2026;03.09.2026;09.12.2026
28904;Sperrmüll;01.01.2026;31.12.2026;Neustr.;Beuel Zentrum;53225;10;28;15;29;;Zingsheimerstr - Goetheallee;BBA;Beuel Zentrum;BB;Beuel;B;Bonn;17.04.2026;03.09.2026;09.12.2026
30761;Sperrmüll;01.01.2026;31.12.2026;Obere Wilhelmstr.;Beuel Zentrum;53225;2;9998;1;9999;;;BBA;Beuel Zentrum;BB;Beuel;B;Bonn;22.04.2026;02.09.2026;10.12.2026
29185;Sperrmüll;01.01.2026;31.12.2026;Platanenweg;Beuel Zentrum;53225;2;9998;1;9999;;;BBA;Beuel Zentrum;BB;Beuel;B;Bonn;22.04.2026;02.09.2026;10.12.2026
24871;Sperrmüll;01.01.2026;31.12.2026;Professor-Neu-Allee;Beuel Zentrum;53225;2;9998;1;9999;9;;BBA;Beuel Zentrum;BB;Beuel;B;Bonn;20.04.2026;01.09.2026;11.12.2026
24886;Sperrmüll;01.01.2026;31.12.2026;Professor-Neu-Allee;Beuel Zentrum;53225;;;;;;;BBA;Beuel Zentrum;BB;Beuel;B;Bonn;20.04.2026;01.09.2026;11.12.2026
29415;Sperrmüll;01.01.2026;31.12.2026;Rathausstr.;Beuel Zentrum;53225;2;6;1;3;;S.Leopoldstr - F.Breuerstr;BBA;Beuel Zentrum;BB;Beuel;B;Bonn;22.04.2026;02.09.2026;10.12.2026
29430;Sperrmüll;01.01.2026;31.12.2026;Rathausstr.;Beuel Zentrum;53225;8;30;5;25;;F.Breuerstr - S.Augustinerstr;BBA;Beuel Zentrum;BB;Beuel;B;Bonn;22.04.2026;02.09.2026;10.12.2026
29445;Sperrmüll;01.01.2026;31.12.2026;Rathausstr.;Beuel Zentrum;53225;32;9998;27;9999;;S.Augustinerstr - Dunantstr;BBA;Beuel Zentrum;BB;Beuel;B;Bonn;20.04.2026;01.09.2026;11.12.2026
29505;Sperrmüll;01.01.2026;31.12.2026;Rheinaustr.;Beuel Zentrum;53225;2;116;1;99;;Wolfsgasse - Combahnstr;BBA;Beuel Zentrum;BB;Beuel;B;Bonn;17.04.2026;03.09.2026;09.12.2026
29520;Sperrmüll;01.01.2026;31.12.2026;Rheinaustr.;Beuel Zentrum;53225;132;136;129;135;;Kennedybrücke-Friedrich-Breuer;BBA;Beuel Zentrum;BB;Beuel;B;Bonn;17.04.2026;03.09.2026;09.12.2026
29535;Sperrmüll;01.01.2026;31.12.2026;Rheinaustr.;Beuel Zentrum;53227;;;;;;;BBA;Beuel Zentrum;BB;Beuel;B;Bonn;17.04.2026;03.09.2026;09.12.2026
29550;Sperrmüll;01.01.2026;31.12.2026;Rheinaustr.;Beuel Zentrum;53225;118;130;101;127;;Combahnstr - Kennedybrücke;BBA;Beuel Zentrum;BB;Beuel;B;Bonn;17.04.2026;03.09.2026;09.12.2026
29565;Sperrmüll;01.01.2026;31.12.2026;Rheinaustr.;Beuel Zentrum;53225;178;212;217;247;;Johannesstr - Ringstr;BBA;Beuel Zentrum;BB;Beuel;B;Bonn;17.04.2026;03.09.2026;09.12.2026
29580;Sperrmüll;01.01.2026;31.12.2026;Rheinaustr.;Beuel Zentrum;53225;232;9998;271;9999;287, 289;Ernst-Moritz-Arndtstr - Ende;BBA;Beuel Zentrum;BB;Beuel;B;Bonn;17.04.2026;03.09.2026;09.12.2026
29595;Sperrmüll;01.01.2026;31.12.2026;Rheinaustr.;Beuel Zentrum;53225;138;140;137;167;138;Friedrich-Breuerstr - Marienst;BBA;Beuel Zentrum;BB;Beuel;B;Bonn;17.04.2026;03.09.2026;09.12.2026
29610;Sperrmüll;01.01.2026;31.12.2026;Rheinaustr.;Beuel Zentrum;53225;214;230;249;269;;Ringstr - Ernst-Moritz-Arndtst;BBA;Beuel Zentrum;BB;Beuel;B;Bonn;17.04.2026;03.09.2026;09.12.2026
29625;Sperrmüll;01.01.2026;31.12.2026;Rheinaustr.;Beuel Zentrum;53225;142;176;169;215;;Marienstr - Johannesstr;BBA;Beuel Zentrum;BB;Beuel;B;Bonn;17.04.2026;03.09.2026;09.12.2026
43258;Sperrmüll;01.01.2026;31.12.2026;Rheinaustr.;Beuel Zentrum;53227;;;;;;;BBA;Beuel Zentrum;BB;Beuel;B;Bonn;16.04.2026;31.08.2026;07.12.2026
29640;Sperrmüll;01.01.2026;31.12.2026;Rheindorfer Str.;Beuel Zentrum;53225;2;40;1;39;;S.Augustinerstr - K.Konradstr;BBA;Beuel Zentrum;BB;Beuel;B;Bonn;20.04.2026;01.09.2026;11.12.2026
29655;Sperrmüll;01.01.2026;31.12.2026;Rheindorfer Str.;Beuel Zentrum;53225;42;98;41;101;;Kaiser-Konradstr.- Jahnstr;BBA;Beuel Zentrum;BB;Beuel;B;Bonn;20.04.2026;01.09.2026;11.12.2026
29670;Sperrmüll;01.01.2026;31.12.2026;Rheindorfer Str.;Beuel Zentrum;53225;100;122;103;119;;Jahnstr - An der Wolfsburg;BBA;Beuel Zentrum;BB;Beuel;B;Bonn;20.04.2026;01.09.2026;11.12.2026
29685;Sperrmüll;01.01.2026;31.12.2026;Rheindorfer Str.;Beuel Zentrum;53225;124;9998;121;9999;;An der Wolfsburg - Werdstr;BBA;Beuel Zentrum;BB;Beuel;B;Bonn;20.04.2026;01.09.2026;11.12.2026
29715;Sperrmüll;01.01.2026;31.12.2026;Rilkestr.;Beuel Zentrum;53225;2;32;1;35;;Johannesstr - Ringstr;BBA;Beuel Zentrum;BB;Beuel;B;Bonn;17.04.2026;03.09.2026;09.12.2026
42714;Sperrmüll;01.01.2026;31.12.2026;Rilkestr.;Beuel Zentrum;53225;34;9998;37;9999;;Ringstr - Rudolf-Hahnstr;BBA;Beuel Zentrum;BB;Beuel;B;Bonn;17.04.2026;03.09.2026;09.12.2026
29730;Sperrmüll;01.01.2026;31.12.2026;Ringstr.;Beuel Zentrum;53225;2;40;1;43;;Rheinaustr - Rudolf-Hahnstr;BBA;Beuel Zentrum;BB;Beuel;B;Bonn;17.04.2026;03.09.2026;09.12.2026
29750;Sperrmüll;01.01.2026;31.12.2026;Ringstr.;Beuel Zentrum;53225;68;9998;63;9999;;Limpericherstr - Neustr;BBA;Beuel Zentrum;BB;Beuel;B;Bonn;17.04.2026;03.09.2026;09.12.2026
29765;Sperrmüll;01.01.2026;31.12.2026;Ringstr.;Beuel Zentrum;53225;;;45;47;;Rudolf-Hahnstr-Rilkestr;BBA;Beuel Zentrum;BB;Beuel;B;Bonn;17.04.2026;03.09.2026;09.12.2026
42389;Sperrmüll;01.01.2026;31.12.2026;Ringstr.;Beuel Zentrum;53225;;;49;61;;Rilkestr-Rudolf-Hahnstr;BBA;Beuel Zentrum;BB;Beuel;B;Bonn;17.04.2026;03.09.2026;09.12.2026
44272;Sperrmüll;01.01.2026;31.12.2026;Ringstr.;Beuel Zentrum;53225;42;52;;;;Rudolf-Hahnstr-Rilkestr;BBA;Beuel Zentrum;BB;Beuel;B;Bonn;17.04.2026;03.09.2026;09.12.2026
44287;Sperrmüll;01.01.2026;31.12.2026;Ringstr.;Beuel Zentrum;53225;54;66;;;;Rilkestr-Rudolf-Hahnstr;BBA;Beuel Zentrum;BB;Beuel;B;Bonn;17.04.2026;03.09.2026;09.12.2026
29355;Sperrmüll;01.01.2026;31.12.2026;Rölsdorfstr.;Beuel Zentrum;53225;2;9998;1;9999;;;BBA;Beuel Zentrum;BB;Beuel;B;Bonn;17.04.2026;03.09.2026;09.12.2026
29840;Sperrmüll;01.01.2026;31.12.2026;Rosenweg;Beuel Zentrum;53225;2;9998;1;9999;;;BBA;Beuel Zentrum;BB;Beuel;B;Bonn;17.04.2026;03.09.2026;09.12.2026
27396;Sperrmüll;01.01.2026;31.12.2026;Rudolf-Hahn-Str.;Beuel Zentrum;53225;2;18;1;23;;Johannesstr - Ringstr;BBA;Beuel Zentrum;BB;Beuel;B;Bonn;17.04.2026;03.09.2026;09.12.2026
27411;Sperrmüll;01.01.2026;31.12.2026;Rudolf-Hahn-Str.;Beuel Zentrum;53225;20;108;25;67;;Ringstr - Rilkestr;BBA;Beuel Zentrum;BB;Beuel;B;Bonn;16.04.2026;31.08.2026;07.12.2026
27426;Sperrmüll;01.01.2026;31.12.2026;Rudolf-Hahn-Str.;Beuel Zentrum;53227;134;9998;93;9999;;Eichendorffstr - Kreuzherrenst;BBA;Beuel Zentrum;BB;Beuel;B;Bonn;16.04.2026;31.08.2026;07.12.2026
27441;Sperrmüll;01.01.2026;31.12.2026;Rudolf-Hahn-Str.;Beuel Zentrum;53227;110;122;69;71;;Rilkestr - Rosenweg;BBA;Beuel Zentrum;BB;Beuel;B;Bonn;16.04.2026;31.08.2026;07.12.2026
27456;Sperrmüll;01.01.2026;31.12.2026;Rudolf-Hahn-Str.;Beuel Zentrum;53225;;;73;91;;Rosenweg - Eichendorfstr;BBA;Beuel Zentrum;BB;Beuel;B;Bonn;16.04.2026;31.08.2026;07.12.2026
27471;Sperrmüll;01.01.2026;31.12.2026;Rudolf-Hahn-Str.;Beuel Zentrum;53227;124;132;;;;Rosenweg - Eichendorfstr;BBA;Beuel Zentrum;BB;Beuel;B;Bonn;16.04.2026;31.08.2026;07.12.2026
25021;Sperrmüll;01.01.2026;31.12.2026;Sankt Augustiner Str.;Beuel Zentrum;53225;2;18;1;27;;Rheindorferstr-Rathausstr;BBA;Beuel Zentrum;BB;Beuel;B;Bonn;22.04.2026;02.09.2026;10.12.2026
25036;Sperrmüll;01.01.2026;31.12.2026;Sankt Augustiner Str.;Beuel Zentrum;53225;76;9998;95;9999;;Niederkasselerstr - Ende;BBA;Beuel Zentrum;BB;Beuel;B;Bonn;22.04.2026;02.09.2026;10.12.2026
25051;Sperrmüll;01.01.2026;31.12.2026;Sankt Augustiner Str.;Beuel Zentrum;53225;20;74;29;93;;Rathausstr - Niederkasselerstr;BBA;Beuel Zentrum;BB;Beuel;B;Bonn;22.04.2026;02.09.2026;10.12.2026
30841;Sperrmüll;01.01.2026;31.12.2026;Siegfried-Leopold-Str.;Beuel Zentrum;53225;2;44;1;37;;Limpericherstr - Rathausstr;BBA;Beuel Zentrum;BB;Beuel;B;Bonn;22.04.2026;02.09.2026;10.12.2026
30856;Sperrmüll;01.01.2026;31.12.2026;Siegfried-Leopold-Str.;Beuel Zentrum;53225;46;9998;41;9999;;Rathausstr - Neustr;BBA;Beuel Zentrum;BB;Beuel;B;Bonn;22.04.2026;02.09.2026;10.12.2026
30250;Sperrmüll;01.01.2026;31.12.2026;Steinerstr.;Beuel Zentrum;53225;2;30;1;35;;Rheinaustr - Hermanstr;BBA;Beuel Zentrum;BB;Beuel;B;Bonn;22.04.2026;02.09.2026;10.12.2026
30265;Sperrmüll;01.01.2026;31.12.2026;Steinerstr.;Beuel Zentrum;53225;32;9998;37;9999;;Hermannstr - An Sankt Josef;BBA;Beuel Zentrum;BB;Beuel;B;Bonn;22.04.2026;02.09.2026;10.12.2026
30386;Sperrmüll;01.01.2026;31.12.2026;Synagogenplatz;Beuel Zentrum;53225;2;9998;1;9999;;;BBA;Beuel Zentrum;BB;Beuel;B;Bonn;22.04.2026;02.09.2026;10.12.2026
30611;Sperrmüll;01.01.2026;31.12.2026;Von-Sandt-Str.;Beuel Zentrum;53225;2;9998;1;9999;;;BBA;Beuel Zentrum;BB;Beuel;B;Bonn;20.04.2026;01.09.2026;11.12.2026
30901;Sperrmüll;01.01.2026;31.12.2026;Wagnergasse;Beuel Zentrum;53225;2;9998;1;9999;;;BBA;Beuel Zentrum;BB;Beuel;B;Bonn;22.04.2026;02.09.2026;10.12.2026
30916;Sperrmüll;01.01.2026;31.12.2026;Zingsheimstr.;Beuel Zentrum;53225;2;8;1;9;;Limpericherstr - F.Friesenstr;BBA;Beuel Zentrum;BB;Beuel;B;Bonn;22.04.2026;02.09.2026;10.12.2026
30931;Sperrmüll;01.01.2026;31.12.2026;Zingsheimstr.;Beuel Zentrum;53225;10;9998;11;9999;;Friedrich-Friesenstr - Neustr;BBA;Beuel Zentrum;BB;Beuel;B;Bonn;22.04.2026;02.09.2026;10.12.2026
24146;Sperrmüll;01.01.2026;31.12.2026;Am Langen Graben;Beuel-Ost;53227;2;9998;1;9999;;;BBD;Beuel-Ost;BB;Beuel;B;Bonn;30.04.2026;25.09.2026;22.12.2026
24466;Sperrmüll;01.01.2026;31.12.2026;Auguststr.;Beuel-Ost;53229;2;9998;1;9999;;;BBD;Beuel-Ost;BB;Beuel;B;Bonn;30.04.2026;25.09.2026;22.12.2026
30961;Sperrmüll;01.01.2026;31.12.2026;Christian-Kölbach-Str.;Beuel-Ost;53227;2;9998;1;9999;;;BBD;Beuel-Ost;BB;Beuel;B;Bonn;30.04.2026;25.09.2026;22.12.2026
27261;Sperrmüll;01.01.2026;31.12.2026;In den Wiesen;Beuel-Ost;53227;2;9998;1;9999;;;BBD;Beuel-Ost;BB;Beuel;B;Bonn;30.04.2026;25.09.2026;22.12.2026
30641;Sperrmüll;01.01.2026;31.12.2026;Josef-Thiebes-Str.;Beuel-Ost;53227;2;9998;1;9999;;;BBD;Beuel-Ost;BB;Beuel;B;Bonn;30.04.2026;25.09.2026;22.12.2026
27681;Sperrmüll;01.01.2026;31.12.2026;Käthe-Kollwitz-Str.;Beuel-Ost;53227;2;9998;1;9999;;;BBD;Beuel-Ost;BB;Beuel;B;Bonn;30.04.2026;25.09.2026;22.12.2026
27776;Sperrmüll;01.01.2026;31.12.2026;Königswinterer Str.;Beuel-Ost;53227;2;8;1;9;;Siegburgerstr - Jos.Thiebesstr;BBD;Beuel-Ost;BB;Beuel;B;Bonn;30.04.2026;25.09.2026;22.12.2026
27796;Sperrmüll;01.01.2026;31.12.2026;Königswinterer Str.;Beuel-Ost;53227;460;588;471;615;;Oberkasselerstr - Alsstr;BBD;Beuel-Ost;BB;Beuel;B;Bonn;14.04.2026;16.07.2026;02.12.2026
27815;Sperrmüll;01.01.2026;31.12.2026;Königswinterer Str.;Beuel-Ost;53227;396;458;399;469;;Rastenweg - Oberkasselerstr.;BBD;Beuel-Ost;BB;Beuel;B;Bonn;14.04.2026;16.07.2026;02.12.2026
27830;Sperrmüll;01.01.2026;31.12.2026;Königswinterer Str.;Beuel-Ost;53227;266;318;271;325;;Küdinghovenerstr -Flutgraben;BBD;Beuel-Ost;BB;Beuel;B;Bonn;15.04.2026;17.07.2026;08.12.2026
27845;Sperrmüll;01.01.2026;31.12.2026;Königswinterer Str.;Beuel-Ost;53227;180;240;165;239;204;Kreutzherrenstr - Am Brünnchen;BBD;Beuel-Ost;BB;Beuel;B;Bonn;15.04.2026;17.07.2026;08.12.2026
27860;Sperrmüll;01.01.2026;31.12.2026;Königswinterer Str.;Beuel-Ost;53227;120;178;123;163;149, 161, 161A, 163;A.d Grendt - Kreuzherrenstr;BBD;Beuel-Ost;BB;Beuel;B;Bonn;15.04.2026;17.07.2026;08.12.2026
27875;Sperrmüll;01.01.2026;31.12.2026;Königswinterer Str.;Beuel-Ost;53227;590;700;617;737;693;Alsstr. - Simonstr;BBD;Beuel-Ost;BB;Beuel;B;Bonn;13.04.2026;15.07.2026;03.12.2026
27890;Sperrmüll;01.01.2026;31.12.2026;Königswinterer Str.;Beuel-Ost;53227;;;;;;;BBD;Beuel-Ost;BB;Beuel;B;Bonn;15.04.2026;17.07.2026;08.12.2026
27905;Sperrmüll;01.01.2026;31.12.2026;Königswinterer Str.;Beuel-Ost;53227;;;;;;;BBD;Beuel-Ost;BB;Beuel;B;Bonn;14.04.2026;16.07.2026;02.12.2026
27920;Sperrmüll;01.01.2026;31.12.2026;Königswinterer Str.;Beuel-Ost;53227;;;;;;;BBD;Beuel-Ost;BB;Beuel;B;Bonn;14.04.2026;16.07.2026;02.12.2026
27935;Sperrmüll;01.01.2026;31.12.2026;Königswinterer Str.;Beuel-Ost;53227;;;;;;;BBD;Beuel-Ost;BB;Beuel;B;Bonn;15.04.2026;17.07.2026;08.12.2026
27950;Sperrmüll;01.01.2026;31.12.2026;Königswinterer Str.;Beuel-Ost;53227;702;9998;739;9999;;Simonstr. - Ende;BBD;Beuel-Ost;BB;Beuel;B;Bonn;13.04.2026;15.07.2026;03.12.2026
27965;Sperrmüll;01.01.2026;31.12.2026;Königswinterer Str.;Beuel-Ost;53227;258;264;261;269;;Haldenstr - Küdinghovenerstr;BBD;Beuel-Ost;BB;Beuel;B;Bonn;15.04.2026;17.07.2026;08.12.2026
27980;Sperrmüll;01.01.2026;31.12.2026;Königswinterer Str.;Beuel-Ost;53227;320;394;327;397;390;Flutgraben - Rastenweg;BBD;Beuel-Ost;BB;Beuel;B;Bonn;14.04.2026;16.07.2026;02.12.2026
27995;Sperrmüll;01.01.2026;31.12.2026;Königswinterer Str.;Beuel-Ost;53227;10;52;11;55;;Josef-Thiebesstr - Maarstr;BBD;Beuel-Ost;BB;Beuel;B;Bonn;30.04.2026;25.09.2026;22.12.2026
28010;Sperrmüll;01.01.2026;31.12.2026;Königswinterer Str.;Beuel-Ost;53227;242;256;241;259;;Am Brünnchen - Haldenstr;BBD;Beuel-Ost;BB;Beuel;B;Bonn;15.04.2026;17.07.2026;08.12.2026
28025;Sperrmüll;01.01.2026;31.12.2026;Königswinterer Str.;Beuel-Ost;53227;54;118;57;121;;Maarstr - Auf dem Grendt;BBD;Beuel-Ost;BB;Beuel;B;Bonn;30.04.2026;25.09.2026;22.12.2026
28385;Sperrmüll;01.01.2026;31.12.2026;Maarstr.;Beuel-Ost;53227;2;44;1;41;;Königsw. Str. - Röhfeldstr.;BBD;Beuel-Ost;BB;Beuel;B;Bonn;30.04.2026;25.09.2026;22.12.2026
43043;Sperrmüll;01.01.2026;31.12.2026;Maarstr.;Beuel-Ost;53227;46;9998;43;9999;;Röhfeldstr. - Holtorfer Str.;BBD;Beuel-Ost;BB;Beuel;B;Bonn;30.04.2026;25.09.2026;22.12.2026
28939;Sperrmüll;01.01.2026;31.12.2026;Marquartstr.;Beuel-Ost;53229;2;9998;1;9999;;;BBD;Beuel-Ost;BB;Beuel;B;Bonn;30.04.2026;25.09.2026;22.12.2026
28769;Sperrmüll;01.01.2026;31.12.2026;Mutter-Theresa-Str.;Beuel-Ost;53227;2;9998;1;9999;;;BBD;Beuel-Ost;BB;Beuel;B;Bonn;30.04.2026;25.09.2026;22.12.2026
29109;Sperrmüll;01.01.2026;31.12.2026;Paulusstr.;Beuel-Ost;53227;2;9998;1;9999;;;BBD;Beuel-Ost;BB;Beuel;B;Bonn;30.04.2026;25.09.2026;22.12.2026
29169;Sperrmüll;01.01.2026;31.12.2026;Pfaffenweg;Beuel-Ost;53227;2;18;1;19;;Siegburger Str - Röhfeldstr.;BBD;Beuel-Ost;BB;Beuel;B;Bonn;30.04.2026;25.09.2026;22.12.2026
43614;Sperrmüll;01.01.2026;31.12.2026;Pfaffenweg;Beuel-Ost;53227;20;50;21;49;;Röhfeldstr. - Maarstr.;BBD;Beuel-Ost;BB;Beuel;B;Bonn;30.04.2026;25.09.2026;22.12.2026
29200;Sperrmüll;01.01.2026;31.12.2026;Pützchens Chaussee;Beuel-Ost;53227;2;98;1;97;;Siegburgerstr - Autobahn;BBD;Beuel-Ost;BB;Beuel;B;Bonn;30.04.2026;25.09.2026;22.12.2026
29220;Sperrmüll;01.01.2026;31.12.2026;Pützchens Chaussee;Beuel-Ost;53229;100;134;99;131;;Autobahn-Am Herz-Jesu-Klost;BBD;Beuel-Ost;BB;Beuel;B;Bonn;30.04.2026;25.09.2026;22.12.2026
29235;Sperrmüll;01.01.2026;31.12.2026;Pützchens Chaussee;Beuel-Ost;53229;136;174;133;137;;A.H.Jesu-Kloster - Holtorferst;BBD;Beuel-Ost;BB;Beuel;B;Bonn;30.04.2026;25.09.2026;22.12.2026
29250;Sperrmüll;01.01.2026;31.12.2026;Pützchens Chaussee;Beuel-Ost;53229;176;226;139;239;;Holtorferstr - Am Weidenbach;BBD;Beuel-Ost;BB;Beuel;B;Bonn;30.04.2026;25.09.2026;22.12.2026
29265;Sperrmüll;01.01.2026;31.12.2026;Pützchens Chaussee;Beuel-Ost;53229;228;9998;241;9999;;Am Weidenbach - Ende;BBD;Beuel-Ost;BB;Beuel;B;Bonn;04.05.2026;11.09.2026;23.12.2026
29780;Sperrmüll;01.01.2026;31.12.2026;Röhfeldstr.;Beuel-Ost;53227;2;20;1;25;;Maarstr - Pfaffenweg;BBD;Beuel-Ost;BB;Beuel;B;Bonn;30.04.2026;25.09.2026;22.12.2026
29795;Sperrmüll;01.01.2026;31.12.2026;Röhfeldstr.;Beuel-Ost;53227;60;9998;57;9999;;Pützchens Chaussee - Ende;BBD;Beuel-Ost;BB;Beuel;B;Bonn;30.04.2026;25.09.2026;22.12.2026
29810;Sperrmüll;01.01.2026;31.12.2026;Röhfeldstr.;Beuel-Ost;53227;22;58;27;55;;Pfaffenweg-Pützchens Chaussee;BBD;Beuel-Ost;BB;Beuel;B;Bonn;30.04.2026;25.09.2026;22.12.2026
30190;Sperrmüll;01.01.2026;31.12.2026;Schwarzer Weg;Beuel-Ost;53227;2;9998;1;9999;;;BBD;Beuel-Ost;BB;Beuel;B;Bonn;30.04.2026;25.09.2026;22.12.2026
28954;Sperrmüll;01.01.2026;31.12.2026;Siebenmorgenweg;Beuel-Ost;53229;2;22;;;;Auguststr ab (Sackgasse);BBD;Beuel-Ost;BB;Beuel;B;Bonn;30.04.2026;25.09.2026;22.12.2026
28969;Sperrmüll;01.01.2026;31.12.2026;Siebenmorgenweg;Beuel-Ost;53229;24;60;1;57;;Gerhardstr - Gartenstr;BBD;Beuel-Ost;BB;Beuel;B;Bonn;24.04.2026;08.09.2026;16.12.2026
28984;Sperrmüll;01.01.2026;31.12.2026;Siebenmorgenweg;Beuel-Ost;53229;62;9998;59;9999;;Gartenstr - Sank Augustinerstr;BBD;Beuel-Ost;BB;Beuel;B;Bonn;24.04.2026;08.09.2026;16.12.2026
29945;Sperrmüll;01.01.2026;31.12.2026;Siegburger Str.;Beuel-Ost;53229;2;58;1;101;;Königswintererstr - Gartenstr;BBD;Beuel-Ost;BB;Beuel;B;Bonn;30.04.2026;25.09.2026;22.12.2026
29965;Sperrmüll;01.01.2026;31.12.2026;Siegburger Str.;Beuel-Ost;53229;126;200;189;351;311, 319;Autobahn-Am Herrengarten;BBD;Beuel-Ost;BB;Beuel;B;Bonn;27.04.2026;24.09.2026;17.12.2026
29980;Sperrmüll;01.01.2026;31.12.2026;Siegburger Str.;Beuel-Ost;53229;202;9998;353;9999;;Am Herrengarten - Ende;BBD;Beuel-Ost;BB;Beuel;B;Bonn;27.04.2026;24.09.2026;17.12.2026
29995;Sperrmüll;01.01.2026;31.12.2026;Siegburger Str.;Beuel-Ost;53229;;;103;187;107A;Gartenstr - Autobahn;BBD;Beuel-Ost;BB;Beuel;B;Bonn;24.04.2026;08.09.2026;16.12.2026
30010;Sperrmüll;01.01.2026;31.12.2026;Siegburger Str.;Beuel-Ost;53229;;;;;;;BBD;Beuel-Ost;BB;Beuel;B;Bonn;24.04.2026;08.09.2026;16.12.2026
30025;Sperrmüll;01.01.2026;31.12.2026;Siegburger Str.;Beuel-Ost;53229;60;124;;;;Gartenstr - Autobahn;BBD;Beuel-Ost;BB;Beuel;B;Bonn;24.04.2026;08.09.2026;16.12.2026
30040;Sperrmüll;01.01.2026;31.12.2026;Siegburger Str.;Beuel-Ost;53229;;;;;;;BBD;Beuel-Ost;BB;Beuel;B;Bonn;27.04.2026;24.09.2026;17.12.2026
481;Sperrmüll;01.01.2026;31.12.2026;Am Agnesstift;Bonn-Castell;53117;2;9998;1;9999;;;BNA;Bonn-Castell;BN;Bonn-Nord;B;Bonn;05.01.2026;05.05.2026;14.09.2026
527;Sperrmüll;01.01.2026;31.12.2026;Am Jesuitenhof;Bonn-Castell;53117;2;9998;1;9999;;;BNA;Bonn-Castell;BN;Bonn-Nord;B;Bonn;05.01.2026;05.05.2026;14.09.2026
547;Sperrmüll;01.01.2026;31.12.2026;Am Johanneskreuz;Bonn-Castell;53111;2;9998;1;9999;;;BNA;Bonn-Castell;BN;Bonn-Nord;B;Bonn;30.01.2026;20.05.2026;29.09.2026
728;Sperrmüll;01.01.2026;31.12.2026;Am Römerkastell;Bonn-Castell;53111;2;9998;1;9999;;;BNA;Bonn-Castell;BN;Bonn-Nord;B;Bonn;29.01.2026;19.05.2026;28.09.2026
2061;Sperrmüll;01.01.2026;31.12.2026;Am Römerlager;Bonn-Castell;53117;2;9998;1;9999;;;BNA;Bonn-Castell;BN;Bonn-Nord;B;Bonn;05.01.2026;05.05.2026;14.09.2026
743;Sperrmüll;01.01.2026;31.12.2026;Am Schänzchen;Bonn-Castell;53111;2;9998;1;9999;;;BNA;Bonn-Castell;BN;Bonn-Nord;B;Bonn;29.01.2026;19.05.2026;28.09.2026
818;Sperrmüll;01.01.2026;31.12.2026;Am Wichelshof;Bonn-Castell;53111;2;9998;1;9999;;;BNA;Bonn-Castell;BN;Bonn-Nord;B;Bonn;29.01.2026;19.05.2026;28.09.2026
853;Sperrmüll;01.01.2026;31.12.2026;An der Esche;Bonn-Castell;53111;2;14;1;13;;Drususstr - Römerstr;BNA;Bonn-Castell;BN;Bonn-Nord;B;Bonn;29.01.2026;19.05.2026;28.09.2026
868;Sperrmüll;01.01.2026;31.12.2026;An der Esche;Bonn-Castell;53111;16;9998;15;9999;;Römerstr - Am Schänzchen;BNA;Bonn-Castell;BN;Bonn-Nord;B;Bonn;29.01.2026;19.05.2026;28.09.2026
1108;Sperrmüll;01.01.2026;31.12.2026;Arminiusstr.;Bonn-Castell;53117;2;9998;1;9999;;;BNA;Bonn-Castell;BN;Bonn-Nord;B;Bonn;05.01.2026;05.05.2026;14.09.2026
1233;Sperrmüll;01.01.2026;31.12.2026;Augustusring;Bonn-Castell;53111;2;9998;1;9999;;;BNA;Bonn-Castell;BN;Bonn-Nord;B;Bonn;05.01.2026;05.05.2026;14.09.2026
1519;Sperrmüll;01.01.2026;31.12.2026;Badener Str.;Bonn-Castell;53111;2;9998;1;9999;;;BNA;Bonn-Castell;BN;Bonn-Nord;B;Bonn;29.01.2026;19.05.2026;28.09.2026
1550;Sperrmüll;01.01.2026;31.12.2026;Bataverweg;Bonn-Castell;53117;2;9998;1;9999;;;BNA;Bonn-Castell;BN;Bonn-Nord;B;Bonn;05.01.2026;05.05.2026;14.09.2026
2510;Sperrmüll;01.01.2026;31.12.2026;Bungartstr.;Bonn-Castell;53111;2;9998;1;9999;;;BNA;Bonn-Castell;BN;Bonn-Nord;B;Bonn;29.01.2026;19.05.2026;28.09.2026
3117;Sperrmüll;01.01.2026;31.12.2026;Dietkirchenstr.;Bonn-Castell;53111;2;9998;1;9999;;;BNA;Bonn-Castell;BN;Bonn-Nord;B;Bonn;29.01.2026;19.05.2026;28.09.2026
3348;Sperrmüll;01.01.2026;31.12.2026;Drususstr.;Bonn-Castell;53111;2;9998;1;9999;;;BNA;Bonn-Castell;BN;Bonn-Nord;B;Bonn;29.01.2026;19.05.2026;28.09.2026
3934;Sperrmüll;01.01.2026;31.12.2026;Eduard-Spoelgen-Str.;Bonn-Castell;53117;2;9998;1;9999;;;BNA;Bonn-Castell;BN;Bonn-Nord;B;Bonn;05.01.2026;05.05.2026;14.09.2026
3614;Sperrmüll;01.01.2026;31.12.2026;Eintrachtstr.;Bonn-Castell;53117;2;9998;1;9999;;;BNA;Bonn-Castell;BN;Bonn-Nord;B;Bonn;05.01.2026;05.05.2026;14.09.2026
4404;Sperrmüll;01.01.2026;31.12.2026;Fritz-Schroeder-Ufer;Bonn-Castell;53111;2;9998;1;9999;;;BNA;Bonn-Castell;BN;Bonn-Nord;B;Bonn;30.01.2026;20.05.2026;29.09.2026
5087;Sperrmüll;01.01.2026;31.12.2026;Gallierweg;Bonn-Castell;53117;2;9998;1;9999;;;BNA;Bonn-Castell;BN;Bonn-Nord;B;Bonn;05.01.2026;05.05.2026;14.09.2026
10850;Sperrmüll;01.01.2026;31.12.2026;Graurheindorfer Str.;Bonn-Castell;53111;2;88;1;101;;Rosental - Augustusring;BNA;Bonn-Castell;BN;Bonn-Nord;B;Bonn;29.01.2026;19.05.2026;28.09.2026
10870;Sperrmüll;01.01.2026;31.12.2026;Graurheindorfer Str.;Bonn-Castell;53117;90;9998;103;9999;;Augustusring - Autobahn;BNA;Bonn-Castell;BN;Bonn-Nord;B;Bonn;05.01.2026;05.05.2026;14.09.2026
6681;Sperrmüll;01.01.2026;31.12.2026;Heinrich-Sauer-Str.;Bonn-Castell;53111;2;9998;1;9999;;;BNA;Bonn-Castell;BN;Bonn-Nord;B;Bonn;30.01.2026;20.05.2026;29.09.2026
6144;Sperrmüll;01.01.2026;31.12.2026;Husarenstr.;Bonn-Castell;53117;2;9998;1;9999;;;BNA;Bonn-Castell;BN;Bonn-Nord;B;Bonn;05.01.2026;05.05.2026;14.09.2026
6530;Sperrmüll;01.01.2026;31.12.2026;Irmintrudisstr.;Bonn-Castell;53111;2;9998;1;9999;2, 4;;BNA;Bonn-Castell;BN;Bonn-Nord;B;Bonn;29.01.2026;19.05.2026;28.09.2026
43957;Sperrmüll;01.01.2026;31.12.2026;Irmintrudisstr.;Bonn-Castell;53111;;;;;;;BNA;Bonn-Castell;BN;Bonn-Nord;B;Bonn;29.01.2026;19.05.2026;28.09.2026
6911;Sperrmüll;01.01.2026;31.12.2026;Kaiser-Karl-Ring;Bonn-Castell;53111;2;40;1;25;;Graurheindorferstr - Kölnstr;BNA;Bonn-Castell;BN;Bonn-Nord;B;Bonn;05.01.2026;05.05.2026;14.09.2026
6926;Sperrmüll;01.01.2026;31.12.2026;Kaiser-Karl-Ring;Bonn-Castell;53111;;;27;9999;;Kölnstr - Vorgebirgsstr;BNA;Bonn-Castell;BN;Bonn-Nord;B;Bonn;28.01.2026;18.05.2026;23.09.2026
6941;Sperrmüll;01.01.2026;31.12.2026;Kaiser-Karl-Ring;Bonn-Castell;53119;42;9998;;;;Kölnstr - Vorgebirgsstr;BNA;Bonn-Castell;BN;Bonn-Nord;B;Bonn;28.01.2026;18.05.2026;23.09.2026
7125;Sperrmüll;01.01.2026;31.12.2026;Karl-Legien-Str.;Bonn-Castell;53117;2;146;1;65;;Eduard-Spoelgenstr Sackgasse;BNA;Bonn-Castell;BN;Bonn-Nord;B;Bonn;05.01.2026;05.05.2026;14.09.2026
7145;Sperrmüll;01.01.2026;31.12.2026;Karl-Legien-Str.;Bonn-Castell;53117;148;160;67;199;;Salierweg - Werftstr;BNA;Bonn-Castell;BN;Bonn-Nord;B;Bonn;05.01.2026;05.05.2026;14.09.2026
7160;Sperrmüll;01.01.2026;31.12.2026;Karl-Legien-Str.;Bonn-Castell;53117;162;9998;201;9999;;Werftstr - Kranenweg;BNA;Bonn-Castell;BN;Bonn-Nord;B;Bonn;05.01.2026;05.05.2026;14.09.2026
4952;Sperrmüll;01.01.2026;31.12.2026;Legionsweg;Bonn-Castell;53117;2;9998;1;9999;;;BNA;Bonn-Castell;BN;Bonn-Nord;B;Bonn;05.01.2026;05.05.2026;14.09.2026
8224;Sperrmüll;01.01.2026;31.12.2026;Leinpfad;Bonn-Castell;53111;2;9998;1;9999;;;BNA;Bonn-Castell;BN;Bonn-Nord;B;Bonn;05.01.2026;05.05.2026;14.09.2026
9797;Sperrmüll;01.01.2026;31.12.2026;Nordstr.;Bonn-Castell;53111;2;58;1;59;;K.Karl-Ring -Graurheindorferst;BNA;Bonn-Castell;BN;Bonn-Nord;B;Bonn;29.01.2026;19.05.2026;28.09.2026
9812;Sperrmüll;01.01.2026;31.12.2026;Nordstr.;Bonn-Castell;53111;60;9998;61;9999;;Graurheindorferstr - Römerstr;BNA;Bonn-Castell;BN;Bonn-Nord;B;Bonn;29.01.2026;19.05.2026;28.09.2026
10271;Sperrmüll;01.01.2026;31.12.2026;Peter-Ruster-Str.;Bonn-Castell;53111;2;9998;1;9999;;;BNA;Bonn-Castell;BN;Bonn-Nord;B;Bonn;05.01.2026;05.05.2026;14.09.2026
10316;Sperrmüll;01.01.2026;31.12.2026;Pfälzer Str.;Bonn-Castell;53111;2;9998;1;9999;;;BNA;Bonn-Castell;BN;Bonn-Nord;B;Bonn;29.01.2026;19.05.2026;28.09.2026
11175;Sperrmüll;01.01.2026;31.12.2026;Römerstr.;Bonn-Castell;53111;2;20;1;21;;Wachsbleiche-Rosental;BNA;Bonn-Castell;BN;Bonn-Nord;B;Bonn;30.01.2026;20.05.2026;29.09.2026
11190;Sperrmüll;01.01.2026;31.12.2026;Römerstr.;Bonn-Castell;53117;118;144;123;159;;Augustusring-Husarenstr;BNA;Bonn-Castell;BN;Bonn-Nord;B;Bonn;05.01.2026;05.05.2026;14.09.2026
11205;Sperrmüll;01.01.2026;31.12.2026;Römerstr.;Bonn-Castell;53117;226;9998;301;9999;;Autobahn-Weftstr.;BNA;Bonn-Castell;BN;Bonn-Nord;B;Bonn;05.01.2026;05.05.2026;14.09.2026
11220;Sperrmüll;01.01.2026;31.12.2026;Römerstr.;Bonn-Castell;53117;146;224;161;299;;Husarenstr - Autobahn;BNA;Bonn-Castell;BN;Bonn-Nord;B;Bonn;05.01.2026;05.05.2026;14.09.2026
11235;Sperrmüll;01.01.2026;31.12.2026;Römerstr.;Bonn-Castell;53111;22;116;23;121;27;Rosental - Augustusring;BNA;Bonn-Castell;BN;Bonn-Nord;B;Bonn;29.01.2026;19.05.2026;28.09.2026
11355;Sperrmüll;01.01.2026;31.12.2026;Rosenstr.;Bonn-Castell;53111;2;9998;1;9999;;;BNA;Bonn-Castell;BN;Bonn-Nord;B;Bonn;30.01.2026;20.05.2026;29.09.2026
11370;Sperrmüll;01.01.2026;31.12.2026;Rosental;Bonn-Castell;53111;2;52;1;37;;Kölnstr - Römerstr.;BNA;Bonn-Castell;BN;Bonn-Nord;B;Bonn;30.01.2026;20.05.2026;29.09.2026
11385;Sperrmüll;01.01.2026;31.12.2026;Rosental;Bonn-Castell;53111;54;9998;39;9999;;Römerstr - Fritz-Schröder-Ufer;BNA;Bonn-Castell;BN;Bonn-Nord;B;Bonn;30.01.2026;20.05.2026;29.09.2026
12013;Sperrmüll;01.01.2026;31.12.2026;Sigambrerweg;Bonn-Castell;53117;2;9998;1;9999;;;BNA;Bonn-Castell;BN;Bonn-Nord;B;Bonn;05.01.2026;05.05.2026;14.09.2026
12563;Sperrmüll;01.01.2026;31.12.2026;Thusneldastr.;Bonn-Castell;53117;2;9998;1;9999;;;BNA;Bonn-Castell;BN;Bonn-Nord;B;Bonn;05.01.2026;05.05.2026;14.09.2026
12788;Sperrmüll;01.01.2026;31.12.2026;Ubierweg;Bonn-Castell;53117;2;9998;1;9999;;;BNA;Bonn-Castell;BN;Bonn-Nord;B;Bonn;05.01.2026;05.05.2026;14.09.2026
13074;Sperrmüll;01.01.2026;31.12.2026;Wachsbleiche;Bonn-Castell;53111;2;9998;1;9999;;;BNA;Bonn-Castell;BN;Bonn-Nord;B;Bonn;30.01.2026;20.05.2026;29.09.2026
13255;Sperrmüll;01.01.2026;31.12.2026;Welrichsweg;Bonn-Castell;53111;2;9998;1;9999;;;BNA;Bonn-Castell;BN;Bonn-Nord;B;Bonn;29.01.2026;19.05.2026;28.09.2026
13619;Sperrmüll;01.01.2026;31.12.2026;Württemberger Str.;Bonn-Castell;53111;2;9998;1;9999;;;BNA;Bonn-Castell;BN;Bonn-Nord;B;Bonn;29.01.2026;19.05.2026;28.09.2026
28;Sperrmüll;01.01.2026;31.12.2026;Acherstr.;Bonn-Zentrum;53111;2;9998;1;9999;;;BZA;Bonn-Zentrum;BZ;Bonn-Zentrum;B;Bonn;06.02.2026;29.05.2026;01.10.2026
178;Sperrmüll;01.01.2026;31.12.2026;Alexanderstr.;Bonn-Zentrum;53111;2;9998;1;9999;;;BZA;Bonn-Zentrum;BZ;Bonn-Zentrum;B;Bonn;30.01.2026;20.05.2026;29.09.2026
361;Sperrmüll;01.01.2026;31.12.2026;Am Boeselagerhof;Bonn-Zentrum;53111;2;9998;1;9999;;;BZA;Bonn-Zentrum;BZ;Bonn-Zentrum;B;Bonn;30.01.2026;20.05.2026;29.09.2026
466;Sperrmüll;01.01.2026;31.12.2026;Am Gymnicher Hof;Bonn-Zentrum;53111;2;9998;1;9999;;;BZA;Bonn-Zentrum;BZ;Bonn-Zentrum;B;Bonn;30.01.2026;20.05.2026;29.09.2026
1535;Sperrmüll;01.01.2026;31.12.2026;Am Hauptbahnhof;Bonn-Zentrum;53111;2;9998;1;9999;;;BZA;Bonn-Zentrum;BZ;Bonn-Zentrum;B;Bonn;06.02.2026;29.05.2026;01.10.2026
497;Sperrmüll;01.01.2026;31.12.2026;Am Hof;Bonn-Zentrum;53113;2;9998;1;9999;;;BZA;Bonn-Zentrum;BZ;Bonn-Zentrum;B;Bonn;06.02.2026;29.05.2026;01.10.2026
577;Sperrmüll;01.01.2026;31.12.2026;Am Marthashof;Bonn-Zentrum;53111;2;9998;1;9999;;;BZA;Bonn-Zentrum;BZ;Bonn-Zentrum;B;Bonn;30.01.2026;20.05.2026;29.09.2026
1033;Sperrmüll;01.01.2026;31.12.2026;Am Metternicher Hof;Bonn-Zentrum;53111;2;9998;1;9999;;;BZA;Bonn-Zentrum;BZ;Bonn-Zentrum;B;Bonn;30.01.2026;20.05.2026;29.09.2026
592;Sperrmüll;01.01.2026;31.12.2026;Am Nesselroder Hof;Bonn-Zentrum;53111;2;9998;1;9999;;;BZA;Bonn-Zentrum;BZ;Bonn-Zentrum;B;Bonn;30.01.2026;20.05.2026;29.09.2026
608;Sperrmüll;01.01.2026;31.12.2026;Am Neutor;Bonn-Zentrum;53113;2;9998;1;9999;;;BZA;Bonn-Zentrum;BZ;Bonn-Zentrum;B;Bonn;06.02.2026;29.05.2026;01.10.2026
1269;Sperrmüll;01.01.2026;31.12.2026;An der Schloßkirche;Bonn-Zentrum;53113;2;9998;1;9999;;;BZA;Bonn-Zentrum;BZ;Bonn-Zentrum;B;Bonn;06.02.2026;29.05.2026;01.10.2026
943;Sperrmüll;01.01.2026;31.12.2026;An der Windmühle;Bonn-Zentrum;53111;2;9998;1;9999;;;BZA;Bonn-Zentrum;BZ;Bonn-Zentrum;B;Bonn;30.01.2026;20.05.2026;29.09.2026
1003;Sperrmüll;01.01.2026;31.12.2026;Annagraben;Bonn-Zentrum;53111;2;28;1;39;;Tiefgarage - Alexanderstr;BZA;Bonn-Zentrum;BZ;Bonn-Zentrum;B;Bonn;30.01.2026;20.05.2026;29.09.2026
1018;Sperrmüll;01.01.2026;31.12.2026;Annagraben;Bonn-Zentrum;53111;40;9998;41;9999;;Alexanderstr - Wilhelmsplatz;BZA;Bonn-Zentrum;BZ;Bonn-Zentrum;B;Bonn;30.01.2026;20.05.2026;29.09.2026
1641;Sperrmüll;01.01.2026;31.12.2026;Belderberg;Bonn-Zentrum;53111;;;1;9;;Berliner Freiheit-Kapuzinerstr;BZA;Bonn-Zentrum;BZ;Bonn-Zentrum;B;Bonn;30.01.2026;20.05.2026;29.09.2026
1657;Sperrmüll;01.01.2026;31.12.2026;Belderberg;Bonn-Zentrum;53111;2;22;;;;Berta.v.Suttnerpl. - Rathausg.;BZA;Bonn-Zentrum;BZ;Bonn-Zentrum;B;Bonn;30.01.2026;20.05.2026;29.09.2026
1672;Sperrmüll;01.01.2026;31.12.2026;Belderberg;Bonn-Zentrum;53113;;;11;9999;;Kapuzinerstr - Adenauerallee;BZA;Bonn-Zentrum;BZ;Bonn-Zentrum;B;Bonn;30.01.2026;20.05.2026;29.09.2026
1687;Sperrmüll;01.01.2026;31.12.2026;Belderberg;Bonn-Zentrum;53113;24;9998;;;;Rathausgasse - Adenauerallee;BZA;Bonn-Zentrum;BZ;Bonn-Zentrum;B;Bonn;30.01.2026;20.05.2026;29.09.2026
1812;Sperrmüll;01.01.2026;31.12.2026;Berliner Freiheit;Bonn-Zentrum;53111;;;1;9999;;;BZA;Bonn-Zentrum;BZ;Bonn-Zentrum;B;Bonn;30.01.2026;20.05.2026;29.09.2026
1827;Sperrmüll;01.01.2026;31.12.2026;Berliner Freiheit;Bonn-Zentrum;53111;2;9998;;;;;BZA;Bonn-Zentrum;BZ;Bonn-Zentrum;B;Bonn;30.01.2026;20.05.2026;29.09.2026
1878;Sperrmüll;01.01.2026;31.12.2026;Bertha-von-Suttner-Platz;Bonn-Zentrum;53111;;;1;9999;;;BZA;Bonn-Zentrum;BZ;Bonn-Zentrum;B;Bonn;30.01.2026;20.05.2026;29.09.2026
1894;Sperrmüll;01.01.2026;31.12.2026;Bertha-von-Suttner-Platz;Bonn-Zentrum;53111;2;9998;;;;;BZA;Bonn-Zentrum;BZ;Bonn-Zentrum;B;Bonn;30.01.2026;20.05.2026;29.09.2026
1940;Sperrmüll;01.01.2026;31.12.2026;Bischofsplatz;Bonn-Zentrum;53111;;;1;9999;;;BZA;Bonn-Zentrum;BZ;Bonn-Zentrum;B;Bonn;06.02.2026;29.05.2026;01.10.2026
1956;Sperrmüll;01.01.2026;31.12.2026;Bischofsplatz;Bonn-Zentrum;53111;2;9998;;;;;BZA;Bonn-Zentrum;BZ;Bonn-Zentrum;B;Bonn;06.02.2026;29.05.2026;01.10.2026
2268;Sperrmüll;01.01.2026;31.12.2026;Bonngasse;Bonn-Zentrum;53111;2;10;1;19;;Sternstr - Friedrichstr;BZA;Bonn-Zentrum;BZ;Bonn-Zentrum;B;Bonn;06.02.2026;29.05.2026;01.10.2026
42761;Sperrmüll;01.01.2026;31.12.2026;Bonngasse;Bonn-Zentrum;53111;12;9998;21;9999;;Friedrichstr - Oxfordstr;BZA;Bonn-Zentrum;BZ;Bonn-Zentrum;B;Bonn;06.02.2026;29.05.2026;01.10.2026
2329;Sperrmüll;01.01.2026;31.12.2026;Bottlerplatz;Bonn-Zentrum;53111;2;9998;1;9999;;;BZA;Bonn-Zentrum;BZ;Bonn-Zentrum;B;Bonn;06.02.2026;29.05.2026;01.10.2026
2465;Sperrmüll;01.01.2026;31.12.2026;Brüdergasse;Bonn-Zentrum;53111;2;9998;1;9999;;;BZA;Bonn-Zentrum;BZ;Bonn-Zentrum;B;Bonn;06.02.2026;29.05.2026;01.10.2026
2480;Sperrmüll;01.01.2026;31.12.2026;Brühler Str.;Bonn-Zentrum;53119;2;9998;1;9999;;;BZA;Bonn-Zentrum;BZ;Bonn-Zentrum;B;Bonn;28.01.2026;18.05.2026;23.09.2026
3424;Sperrmüll;01.01.2026;31.12.2026;Budapester Str.;Bonn-Zentrum;53111;2;8;1;9;;Bottlerplatz - Thomas-Mannstr;BZA;Bonn-Zentrum;BZ;Bonn-Zentrum;B;Bonn;06.02.2026;29.05.2026;01.10.2026
3440;Sperrmüll;01.01.2026;31.12.2026;Budapester Str.;Bonn-Zentrum;53111;10;9998;11;9999;;Thomas-Mannstr - Berlinerplatz;BZA;Bonn-Zentrum;BZ;Bonn-Zentrum;B;Bonn;06.02.2026;29.05.2026;01.10.2026
2842;Sperrmüll;01.01.2026;31.12.2026;Cassiusgraben;Bonn-Zentrum;53111;2;9998;1;9999;;;BZA;Bonn-Zentrum;BZ;Bonn-Zentrum;B;Bonn;06.02.2026;29.05.2026;01.10.2026
3147;Sperrmüll;01.01.2026;31.12.2026;Doetschstr.;Bonn-Zentrum;53111;2;9998;1;9999;;;BZA;Bonn-Zentrum;BZ;Bonn-Zentrum;B;Bonn;30.01.2026;20.05.2026;29.09.2026
3303;Sperrmüll;01.01.2026;31.12.2026;Dreieck;Bonn-Zentrum;53111;2;9998;1;9999;8;;BZA;Bonn-Zentrum;BZ;Bonn-Zentrum;B;Bonn;06.02.2026;29.05.2026;01.10.2026
44168;Sperrmüll;01.01.2026;31.12.2026;Dreieck;Bonn-Zentrum;53111;;;;;;;BZA;Bonn-Zentrum;BZ;Bonn-Zentrum;B;Bonn;06.02.2026;29.05.2026;01.10.2026
3829;Sperrmüll;01.01.2026;31.12.2026;Engeltalstr.;Bonn-Zentrum;53111;2;9998;1;9999;;;BZA;Bonn-Zentrum;BZ;Bonn-Zentrum;B;Bonn;30.01.2026;20.05.2026;29.09.2026
3904;Sperrmüll;01.01.2026;31.12.2026;Erzbergerufer;Bonn-Zentrum;53111;2;9998;1;9999;;;BZA;Bonn-Zentrum;BZ;Bonn-Zentrum;B;Bonn;30.01.2026;20.05.2026;29.09.2026
4175;Sperrmüll;01.01.2026;31.12.2026;Florentiusgraben;Bonn-Zentrum;53111;2;9998;1;9999;;;BZA;Bonn-Zentrum;BZ;Bonn-Zentrum;B;Bonn;06.02.2026;29.05.2026;01.10.2026
4221;Sperrmüll;01.01.2026;31.12.2026;Franziskanerstr.;Bonn-Zentrum;53113;2;9998;1;9999;;;BZA;Bonn-Zentrum;BZ;Bonn-Zentrum;B;Bonn;06.02.2026;29.05.2026;01.10.2026
4297;Sperrmüll;01.01.2026;31.12.2026;Friedensplatz;Bonn-Zentrum;53111;2;9998;1;9999;;;BZA;Bonn-Zentrum;BZ;Bonn-Zentrum;B;Bonn;06.02.2026;29.05.2026;01.10.2026
4359;Sperrmüll;01.01.2026;31.12.2026;Friedrichstr.;Bonn-Zentrum;53111;2;9998;1;9999;;;BZA;Bonn-Zentrum;BZ;Bonn-Zentrum;B;Bonn;06.02.2026;29.05.2026;01.10.2026
4450;Sperrmüll;01.01.2026;31.12.2026;Fürstenstr.;Bonn-Zentrum;53111;2;9998;1;9999;;;BZA;Bonn-Zentrum;BZ;Bonn-Zentrum;B;Bonn;06.02.2026;29.05.2026;01.10.2026
4496;Sperrmüll;01.01.2026;31.12.2026;Gangolfstr.;Bonn-Zentrum;53111;2;9998;1;9999;;;BZA;Bonn-Zentrum;BZ;Bonn-Zentrum;B;Bonn;06.02.2026;29.05.2026;01.10.2026
4572;Sperrmüll;01.01.2026;31.12.2026;Gerhard-von-Are-Str.;Bonn-Zentrum;53111;2;9998;1;9999;;;BZA;Bonn-Zentrum;BZ;Bonn-Zentrum;B;Bonn;06.02.2026;29.05.2026;01.10.2026
4692;Sperrmüll;01.01.2026;31.12.2026;Giergasse;Bonn-Zentrum;53113;2;9998;1;9999;;;BZA;Bonn-Zentrum;BZ;Bonn-Zentrum;B;Bonn;30.01.2026;20.05.2026;29.09.2026
5377;Sperrmüll;01.01.2026;31.12.2026;Hatschiergasse;Bonn-Zentrum;53111;2;9998;1;9999;;;BZA;Bonn-Zentrum;BZ;Bonn-Zentrum;B;Bonn;30.01.2026;20.05.2026;29.09.2026
5674;Sperrmüll;01.01.2026;31.12.2026;Heisterbacherhofstr.;Bonn-Zentrum;53111;2;9998;1;9999;;;BZA;Bonn-Zentrum;BZ;Bonn-Zentrum;B;Bonn;30.01.2026;20.05.2026;29.09.2026
6500;Sperrmüll;01.01.2026;31.12.2026;In der Sürst;Bonn-Zentrum;53111;2;9998;1;9999;;;BZA;Bonn-Zentrum;BZ;Bonn-Zentrum;B;Bonn;06.02.2026;29.05.2026;01.10.2026
6741;Sperrmüll;01.01.2026;31.12.2026;Josefstr.;Bonn-Zentrum;53111;2;9998;1;9999;;;BZA;Bonn-Zentrum;BZ;Bonn-Zentrum;B;Bonn;30.01.2026;20.05.2026;29.09.2026
6957;Sperrmüll;01.01.2026;31.12.2026;Kaiserplatz;Bonn-Zentrum;53113;;;1;9;;Am Hofgarten - Kaiserstr;BZA;Bonn-Zentrum;BZ;Bonn-Zentrum;B;Bonn;06.02.2026;29.05.2026;01.10.2026
6973;Sperrmüll;01.01.2026;31.12.2026;Kaiserplatz;Bonn-Zentrum;53113;;;11;9999;;Kaiserstr - Bahn;BZA;Bonn-Zentrum;BZ;Bonn-Zentrum;B;Bonn;06.02.2026;29.05.2026;01.10.2026
6989;Sperrmüll;01.01.2026;31.12.2026;Kaiserplatz;Bonn-Zentrum;53113;2;9998;;;;Am Neutor - Maximilianstr;BZA;Bonn-Zentrum;BZ;Bonn-Zentrum;B;Bonn;06.02.2026;29.05.2026;01.10.2026
7110;Sperrmüll;01.01.2026;31.12.2026;Kapuzinerstr.;Bonn-Zentrum;53111;2;9998;1;9999;;;BZA;Bonn-Zentrum;BZ;Bonn-Zentrum;B;Bonn;30.01.2026;20.05.2026;29.09.2026
7206;Sperrmüll;01.01.2026;31.12.2026;Kasernenstr.;Bonn-Zentrum;53111;2;32;1;5;;Sternstr - Oxfordstr;BZA;Bonn-Zentrum;BZ;Bonn-Zentrum;B;Bonn;06.02.2026;29.05.2026;01.10.2026
7221;Sperrmüll;01.01.2026;31.12.2026;Kasernenstr.;Bonn-Zentrum;53111;34;9998;7;9999;;Oxfordstr - Kölnstr;BZA;Bonn-Zentrum;BZ;Bonn-Zentrum;B;Bonn;30.01.2026;20.05.2026;29.09.2026
6651;Sperrmüll;01.01.2026;31.12.2026;Kesselgasse;Bonn-Zentrum;53111;2;9998;1;9999;;;BZA;Bonn-Zentrum;BZ;Bonn-Zentrum;B;Bonn;06.02.2026;29.05.2026;01.10.2026
7842;Sperrmüll;01.01.2026;31.12.2026;Kommanderiestr.;Bonn-Zentrum;53111;2;9998;1;9999;;;BZA;Bonn-Zentrum;BZ;Bonn-Zentrum;B;Bonn;30.01.2026;20.05.2026;29.09.2026
7917;Sperrmüll;01.01.2026;31.12.2026;Konviktstr.;Bonn-Zentrum;53113;2;9998;1;9999;;;BZA;Bonn-Zentrum;BZ;Bonn-Zentrum;B;Bonn;30.01.2026;20.05.2026;29.09.2026
8194;Sperrmüll;01.01.2026;31.12.2026;Langgasse;Bonn-Zentrum;53111;2;9998;1;9999;;;BZA;Bonn-Zentrum;BZ;Bonn-Zentrum;B;Bonn;30.01.2026;20.05.2026;29.09.2026
43515;Sperrmüll;01.01.2026;31.12.2026;Maarhofplatz;Bonn-Zentrum;53111;2;9998;1;9999;;;BZA;Bonn-Zentrum;BZ;Bonn-Zentrum;B;Bonn;20.01.2026;19.06.2026;27.11.2026
9003;Sperrmüll;01.01.2026;31.12.2026;Markt;Bonn-Zentrum;53111;2;9998;1;9999;;;BZA;Bonn-Zentrum;BZ;Bonn-Zentrum;B;Bonn;06.02.2026;29.05.2026;01.10.2026
9019;Sperrmüll;01.01.2026;31.12.2026;Marktbrücke;Bonn-Zentrum;53111;2;9998;1;9999;;;BZA;Bonn-Zentrum;BZ;Bonn-Zentrum;B;Bonn;06.02.2026;29.05.2026;01.10.2026
9065;Sperrmüll;01.01.2026;31.12.2026;Martinsplatz;Bonn-Zentrum;53113;2;9998;1;9999;;;BZA;Bonn-Zentrum;BZ;Bonn-Zentrum;B;Bonn;06.02.2026;29.05.2026;01.10.2026
9097;Sperrmüll;01.01.2026;31.12.2026;Mauspfad;Bonn-Zentrum;53111;2;9998;1;9999;;;BZA;Bonn-Zentrum;BZ;Bonn-Zentrum;B;Bonn;06.02.2026;29.05.2026;01.10.2026
13755;Sperrmüll;01.01.2026;31.12.2026;Maximilianpassage;Bonn-Zentrum;53111;2;9998;1;9999;;;BZA;Bonn-Zentrum;BZ;Bonn-Zentrum;B;Bonn;06.02.2026;29.05.2026;01.10.2026
9081;Sperrmüll;01.01.2026;31.12.2026;Maximilianstr.;Bonn-Zentrum;53111;2;10;1;5;;Kaiserplatz - Wesselstr;BZA;Bonn-Zentrum;BZ;Bonn-Zentrum;B;Bonn;06.02.2026;29.05.2026;01.10.2026
43659;Sperrmüll;01.01.2026;31.12.2026;Maximilianstr.;Bonn-Zentrum;53111;12;9998;7;9999;;Kaiserplatz - Wesselstr;BZA;Bonn-Zentrum;BZ;Bonn-Zentrum;B;Bonn;06.02.2026;29.05.2026;01.10.2026
9571;Sperrmüll;01.01.2026;31.12.2026;Moses-Hess-Ufer;Bonn-Zentrum;53111;2;9998;1;9999;;;BZA;Bonn-Zentrum;BZ;Bonn-Zentrum;B;Bonn;30.01.2026;20.05.2026;29.09.2026
9459;Sperrmüll;01.01.2026;31.12.2026;Mülheimer Platz;Bonn-Zentrum;53111;2;9998;1;9999;;;BZA;Bonn-Zentrum;BZ;Bonn-Zentrum;B;Bonn;06.02.2026;29.05.2026;01.10.2026
9475;Sperrmüll;01.01.2026;31.12.2026;Münsterplatz;Bonn-Zentrum;53111;2;9998;1;9999;;;BZA;Bonn-Zentrum;BZ;Bonn-Zentrum;B;Bonn;20.01.2026;19.06.2026;27.11.2026
9491;Sperrmüll;01.01.2026;31.12.2026;Münsterstr.;Bonn-Zentrum;53111;2;9998;1;9999;;;BZA;Bonn-Zentrum;BZ;Bonn-Zentrum;B;Bonn;06.02.2026;29.05.2026;01.10.2026
9767;Sperrmüll;01.01.2026;31.12.2026;Noeggerathstr.;Bonn-Zentrum;53111;2;9998;1;9999;;;BZA;Bonn-Zentrum;BZ;Bonn-Zentrum;B;Bonn;06.02.2026;29.05.2026;01.10.2026
8836;Sperrmüll;01.01.2026;31.12.2026;Oxfordstr.;Bonn-Zentrum;53111;;;1;9999;;Richtung Beuel rechts;BZA;Bonn-Zentrum;BZ;Bonn-Zentrum;B;Bonn;30.01.2026;20.05.2026;29.09.2026
8852;Sperrmüll;01.01.2026;31.12.2026;Oxfordstr.;Bonn-Zentrum;53111;2;9998;;;;Richtung Beuel links;BZA;Bonn-Zentrum;BZ;Bonn-Zentrum;B;Bonn;30.01.2026;20.05.2026;29.09.2026
10413;Sperrmüll;01.01.2026;31.12.2026;Poststr.;Bonn-Zentrum;53111;2;9998;1;9999;;;BZA;Bonn-Zentrum;BZ;Bonn-Zentrum;B;Bonn;06.02.2026;29.05.2026;01.10.2026
2796;Sperrmüll;01.01.2026;31.12.2026;Rabinstr.;Bonn-Zentrum;53111;;;1;9999;;;BZA;Bonn-Zentrum;BZ;Bonn-Zentrum;B;Bonn;06.02.2026;29.05.2026;01.10.2026
43274;Sperrmüll;01.01.2026;31.12.2026;Rabinstr.;Bonn-Zentrum;53111;2;9998;;;;;BZA;Bonn-Zentrum;BZ;Bonn-Zentrum;B;Bonn;06.02.2026;29.05.2026;01.10.2026
10564;Sperrmüll;01.01.2026;31.12.2026;Rathausgasse;Bonn-Zentrum;53111;2;9998;1;9999;;;BZA;Bonn-Zentrum;BZ;Bonn-Zentrum;B;Bonn;06.02.2026;29.05.2026;01.10.2026
8330;Sperrmüll;01.01.2026;31.12.2026;Regina-Pacis-Weg;Bonn-Zentrum;53113;2;9998;1;9999;;;BZA;Bonn-Zentrum;BZ;Bonn-Zentrum;B;Bonn;06.02.2026;29.05.2026;01.10.2026
11160;Sperrmüll;01.01.2026;31.12.2026;Remigiusplatz;Bonn-Zentrum;53111;2;9998;1;9999;2A;;BZA;Bonn-Zentrum;BZ;Bonn-Zentrum;B;Bonn;06.02.2026;29.05.2026;01.10.2026
43440;Sperrmüll;01.01.2026;31.12.2026;Remigiusplatz;Bonn-Zentrum;53111;;;;;;;BZA;Bonn-Zentrum;BZ;Bonn-Zentrum;B;Bonn;06.02.2026;29.05.2026;01.10.2026
10640;Sperrmüll;01.01.2026;31.12.2026;Remigiusstr.;Bonn-Zentrum;53111;2;9998;1;9999;;;BZA;Bonn-Zentrum;BZ;Bonn-Zentrum;B;Bonn;06.02.2026;29.05.2026;01.10.2026
10889;Sperrmüll;01.01.2026;31.12.2026;Rheingasse;Bonn-Zentrum;53113;2;9998;1;9999;;;BZA;Bonn-Zentrum;BZ;Bonn-Zentrum;B;Bonn;30.01.2026;20.05.2026;29.09.2026
11539;Sperrmüll;01.01.2026;31.12.2026;Sandkaule;Bonn-Zentrum;53111;2;9998;1;9999;;;BZA;Bonn-Zentrum;BZ;Bonn-Zentrum;B;Bonn;30.01.2026;20.05.2026;29.09.2026
12149;Sperrmüll;01.01.2026;31.12.2026;Sternstr.;Bonn-Zentrum;53111;2;78;1;55;;Markt - Dreieck;BZA;Bonn-Zentrum;BZ;Bonn-Zentrum;B;Bonn;06.02.2026;29.05.2026;01.10.2026
12165;Sperrmüll;01.01.2026;31.12.2026;Sternstr.;Bonn-Zentrum;53111;;;57;67;;Dreieck - Vivatsgasse;BZA;Bonn-Zentrum;BZ;Bonn-Zentrum;B;Bonn;06.02.2026;29.05.2026;01.10.2026
12181;Sperrmüll;01.01.2026;31.12.2026;Sternstr.;Bonn-Zentrum;53111;80;9998;69;9999;;Vivatsgasse - Budapesterstr;BZA;Bonn-Zentrum;BZ;Bonn-Zentrum;B;Bonn;06.02.2026;29.05.2026;01.10.2026
12197;Sperrmüll;01.01.2026;31.12.2026;Sterntorbrücke;Bonn-Zentrum;53111;2;9998;1;9999;;;BZA;Bonn-Zentrum;BZ;Bonn-Zentrum;B;Bonn;06.02.2026;29.05.2026;01.10.2026
12232;Sperrmüll;01.01.2026;31.12.2026;Stiftsgasse;Bonn-Zentrum;53111;2;9998;1;9999;;;BZA;Bonn-Zentrum;BZ;Bonn-Zentrum;B;Bonn;30.01.2026;20.05.2026;29.09.2026
12247;Sperrmüll;01.01.2026;31.12.2026;Stiftsplatz;Bonn-Zentrum;53111;2;9998;1;9999;;;BZA;Bonn-Zentrum;BZ;Bonn-Zentrum;B;Bonn;30.01.2026;20.05.2026;29.09.2026
12263;Sperrmüll;01.01.2026;31.12.2026;Stockenstr.;Bonn-Zentrum;53113;2;9998;1;9999;;;BZA;Bonn-Zentrum;BZ;Bonn-Zentrum;B;Bonn;06.02.2026;29.05.2026;01.10.2026
12448;Sperrmüll;01.01.2026;31.12.2026;Theaterstr.;Bonn-Zentrum;53111;2;22;1;21;;Kölnstr-Welschnonnenstr.;BZA;Bonn-Zentrum;BZ;Bonn-Zentrum;B;Bonn;30.01.2026;20.05.2026;29.09.2026
12468;Sperrmüll;01.01.2026;31.12.2026;Theaterstr.;Bonn-Zentrum;53111;24;9998;23;9999;;Welschnonnenstr.-Erzberger U.;BZA;Bonn-Zentrum;BZ;Bonn-Zentrum;B;Bonn;30.01.2026;20.05.2026;29.09.2026
9233;Sperrmüll;01.01.2026;31.12.2026;Thomas-Mann-Str.;Bonn-Zentrum;53111;2;9998;1;9999;;;BZA;Bonn-Zentrum;BZ;Bonn-Zentrum;B;Bonn;06.02.2026;29.05.2026;01.10.2026
12939;Sperrmüll;01.01.2026;31.12.2026;Vivatsgasse;Bonn-Zentrum;53111;2;9998;1;9999;;;BZA;Bonn-Zentrum;BZ;Bonn-Zentrum;B;Bonn;06.02.2026;29.05.2026;01.10.2026
12954;Sperrmüll;01.01.2026;31.12.2026;Vogtsgasse;Bonn-Zentrum;53113;2;9998;1;9999;;;BZA;Bonn-Zentrum;BZ;Bonn-Zentrum;B;Bonn;30.01.2026;20.05.2026;29.09.2026
13270;Sperrmüll;01.01.2026;31.12.2026;Welschnonnenstr.;Bonn-Zentrum;53111;2;9998;1;9999;;;BZA;Bonn-Zentrum;BZ;Bonn-Zentrum;B;Bonn;30.01.2026;20.05.2026;29.09.2026
13286;Sperrmüll;01.01.2026;31.12.2026;Wenzelgasse;Bonn-Zentrum;53111;2;28;1;23;;Brüdergasse - Friedrichstr;BZA;Bonn-Zentrum;BZ;Bonn-Zentrum;B;Bonn;06.02.2026;29.05.2026;01.10.2026
42745;Sperrmüll;01.01.2026;31.12.2026;Wenzelgasse;Bonn-Zentrum;53111;30;9998;25;9999;;Friedrichstr - Bertha-v-Suttne;BZA;Bonn-Zentrum;BZ;Bonn-Zentrum;B;Bonn;06.02.2026;29.05.2026;01.10.2026
13332;Sperrmüll;01.01.2026;31.12.2026;Wesselstr.;Bonn-Zentrum;53113;2;9998;1;9999;;;BZA;Bonn-Zentrum;BZ;Bonn-Zentrum;B;Bonn;06.02.2026;29.05.2026;01.10.2026
13437;Sperrmüll;01.01.2026;31.12.2026;Wilhelmsplatz;Bonn-Zentrum;53111;2;9998;1;9999;;;BZA;Bonn-Zentrum;BZ;Bonn-Zentrum;B;Bonn;30.01.2026;20.05.2026;29.09.2026
13453;Sperrmüll;01.01.2026;31.12.2026;Wilhelmstr.;Bonn-Zentrum;53111;2;20;1;9;;Friedensplatz - Oxfordstr;BZA;Bonn-Zentrum;BZ;Bonn-Zentrum;B;Bonn;06.02.2026;29.05.2026;01.10.2026
13468;Sperrmüll;01.01.2026;31.12.2026;Wilhelmstr.;Bonn-Zentrum;53111;22;9998;11;9999;;Oxfordstr - Wilhelmsplatz;BZA;Bonn-Zentrum;BZ;Bonn-Zentrum;B;Bonn;30.01.2026;20.05.2026;29.09.2026
13484;Sperrmüll;01.01.2026;31.12.2026;Windeckstr.;Bonn-Zentrum;53111;2;9998;1;9999;;;BZA;Bonn-Zentrum;BZ;Bonn-Zentrum;B;Bonn;06.02.2026;29.05.2026;01.10.2026
13499;Sperrmüll;01.01.2026;31.12.2026;Windmühlenstr.;Bonn-Zentrum;53111;2;9998;1;9999;;;BZA;Bonn-Zentrum;BZ;Bonn-Zentrum;B;Bonn;30.01.2026;20.05.2026;29.09.2026
38439;Sperrmüll;01.01.2026;31.12.2026;Abenteuerweg;Brüser Berg;53125;2;9998;1;9999;;;BHH;Brüser Berg;BH;Hardtberg;B;Bonn;20.02.2026;09.06.2026;14.10.2026
40999;Sperrmüll;01.01.2026;31.12.2026;Altenburgstr.;Brüser Berg;53125;2;9998;1;9999;;;BHH;Brüser Berg;BH;Hardtberg;B;Bonn;20.02.2026;09.06.2026;14.10.2026
37594;Sperrmüll;01.01.2026;31.12.2026;An der Haeschmaar;Brüser Berg;53125;2;9998;1;9999;;;BHH;Brüser Berg;BH;Hardtberg;B;Bonn;20.02.2026;09.06.2026;14.10.2026
40439;Sperrmüll;01.01.2026;31.12.2026;Borsigallee;Brüser Berg;53125;2;9998;1;9999;;;BHH;Brüser Berg;BH;Hardtberg;B;Bonn;20.02.2026;09.06.2026;14.10.2026
34786;Sperrmüll;01.01.2026;31.12.2026;Bredowallee;Brüser Berg;53125;2;9998;1;9999;;;BHH;Brüser Berg;BH;Hardtberg;B;Bonn;20.02.2026;09.06.2026;14.10.2026
36629;Sperrmüll;01.01.2026;31.12.2026;Brüser Damm;Brüser Berg;53125;2;9998;1;9999;;;BHH;Brüser Berg;BH;Hardtberg;B;Bonn;20.02.2026;09.06.2026;14.10.2026
37239;Sperrmüll;01.01.2026;31.12.2026;Celsiusstr.;Brüser Berg;53125;2;112;1;41;;Pascalstr - Von-Guericke-Allee;BHH;Brüser Berg;BH;Hardtberg;B;Bonn;20.02.2026;09.06.2026;14.10.2026
37258;Sperrmüll;01.01.2026;31.12.2026;Celsiusstr.;Brüser Berg;53125;114;9998;43;9999;;Von-Guericke-Allee - Brüser Da;BHH;Brüser Berg;BH;Hardtberg;B;Bonn;20.02.2026;09.06.2026;14.10.2026
41014;Sperrmüll;01.01.2026;31.12.2026;Dessaustr.;Brüser Berg;53125;2;9998;1;9999;;;BHH;Brüser Berg;BH;Hardtberg;B;Bonn;20.02.2026;09.06.2026;14.10.2026
41164;Sperrmüll;01.01.2026;31.12.2026;Dornierstr.;Brüser Berg;53125;2;9998;1;9999;;;BHH;Brüser Berg;BH;Hardtberg;B;Bonn;20.02.2026;09.06.2026;14.10.2026
40379;Sperrmüll;01.01.2026;31.12.2026;Edisonallee;Brüser Berg;53125;2;9998;1;9999;;;BHH;Brüser Berg;BH;Hardtberg;B;Bonn;20.02.2026;09.06.2026;14.10.2026
41029;Sperrmüll;01.01.2026;31.12.2026;Eislebenstr.;Brüser Berg;53125;2;9998;1;9999;;;BHH;Brüser Berg;BH;Hardtberg;B;Bonn;20.02.2026;09.06.2026;14.10.2026
41089;Sperrmüll;01.01.2026;31.12.2026;Erfurtstr.;Brüser Berg;53125;;;1;17;;Sackgasse;BHH;Brüser Berg;BH;Hardtberg;B;Bonn;20.02.2026;09.06.2026;14.10.2026
41104;Sperrmüll;01.01.2026;31.12.2026;Erfurtstr.;Brüser Berg;53125;;;19;47;;Sackgasse;BHH;Brüser Berg;BH;Hardtberg;B;Bonn;20.02.2026;09.06.2026;14.10.2026
41119;Sperrmüll;01.01.2026;31.12.2026;Erfurtstr.;Brüser Berg;53125;2;9998;75;9999;;Weimarerstr - Ende;BHH;Brüser Berg;BH;Hardtberg;B;Bonn;20.02.2026;09.06.2026;14.10.2026
41134;Sperrmüll;01.01.2026;31.12.2026;Erfurtstr.;Brüser Berg;53125;;;49;55;;;BHH;Brüser Berg;BH;Hardtberg;B;Bonn;20.02.2026;09.06.2026;14.10.2026
41149;Sperrmüll;01.01.2026;31.12.2026;Erfurtstr.;Brüser Berg;53125;;;57;73;;;BHH;Brüser Berg;BH;Hardtberg;B;Bonn;20.02.2026;09.06.2026;14.10.2026
37534;Sperrmüll;01.01.2026;31.12.2026;Fahrenheitstr.;Brüser Berg;53125;2;9998;1;9999;;;BHH;Brüser Berg;BH;Hardtberg;B;Bonn;20.02.2026;09.06.2026;14.10.2026
41179;Sperrmüll;01.01.2026;31.12.2026;Fockestr.;Brüser Berg;53125;2;9998;1;9999;;;BHH;Brüser Berg;BH;Hardtberg;B;Bonn;20.02.2026;09.06.2026;14.10.2026
38964;Sperrmüll;01.01.2026;31.12.2026;Fritz-Eggeling-Platz;Brüser Berg;53125;2;9998;1;9999;;;BHH;Brüser Berg;BH;Hardtberg;B;Bonn;20.02.2026;09.06.2026;14.10.2026
37219;Sperrmüll;01.01.2026;31.12.2026;Gaußstr.;Brüser Berg;53125;2;9998;1;9999;;;BHH;Brüser Berg;BH;Hardtberg;B;Bonn;20.02.2026;09.06.2026;14.10.2026
40829;Sperrmüll;01.01.2026;31.12.2026;Gebrüder-Wright-Str.;Brüser Berg;53125;2;9998;1;9999;;;BHH;Brüser Berg;BH;Hardtberg;B;Bonn;20.02.2026;09.06.2026;14.10.2026
41059;Sperrmüll;01.01.2026;31.12.2026;Gerastr.;Brüser Berg;53125;2;9998;1;9999;;;BHH;Brüser Berg;BH;Hardtberg;B;Bonn;20.02.2026;09.06.2026;14.10.2026
41239;Sperrmüll;01.01.2026;31.12.2026;Goddardstr.;Brüser Berg;53125;2;9998;1;9999;;;BHH;Brüser Berg;BH;Hardtberg;B;Bonn;20.02.2026;09.06.2026;14.10.2026
34756;Sperrmüll;01.01.2026;31.12.2026;Goldfußstr.;Brüser Berg;53125;2;9998;1;9999;;;BHH;Brüser Berg;BH;Hardtberg;B;Bonn;20.02.2026;09.06.2026;14.10.2026
40984;Sperrmüll;01.01.2026;31.12.2026;Gothastr.;Brüser Berg;53125;2;9998;1;9999;;;BHH;Brüser Berg;BH;Hardtberg;B;Bonn;20.02.2026;09.06.2026;14.10.2026
41074;Sperrmüll;01.01.2026;31.12.2026;Halberstadtstr.;Brüser Berg;53125;2;9998;1;9999;;;BHH;Brüser Berg;BH;Hardtberg;B;Bonn;20.02.2026;09.06.2026;14.10.2026
40934;Sperrmüll;01.01.2026;31.12.2026;Hallestr.;Brüser Berg;53125;2;9998;1;9999;;;BHH;Brüser Berg;BH;Hardtberg;B;Bonn;20.02.2026;09.06.2026;14.10.2026
37549;Sperrmüll;01.01.2026;31.12.2026;Hankelstr.;Brüser Berg;53125;2;9998;1;9999;;;BHH;Brüser Berg;BH;Hardtberg;B;Bonn;20.02.2026;09.06.2026;14.10.2026
41224;Sperrmüll;01.01.2026;31.12.2026;Hans-Grade-Str.;Brüser Berg;53125;2;9998;1;9999;;;BHH;Brüser Berg;BH;Hardtberg;B;Bonn;20.02.2026;09.06.2026;14.10.2026
41209;Sperrmüll;01.01.2026;31.12.2026;Heinkelstr.;Brüser Berg;53125;2;9998;1;9999;;;BHH;Brüser Berg;BH;Hardtberg;B;Bonn;20.02.2026;09.06.2026;14.10.2026
41194;Sperrmüll;01.01.2026;31.12.2026;Hugo-Junkers-Str.;Brüser Berg;53125;2;9998;1;9999;;;BHH;Brüser Berg;BH;Hardtberg;B;Bonn;20.02.2026;09.06.2026;14.10.2026
40954;Sperrmüll;01.01.2026;31.12.2026;Jenastr.;Brüser Berg;53125;2;9998;1;23;;;BHH;Brüser Berg;BH;Hardtberg;B;Bonn;20.02.2026;09.06.2026;14.10.2026
40969;Sperrmüll;01.01.2026;31.12.2026;Jenastr.;Brüser Berg;53125;;;25;9999;;;BHH;Brüser Berg;BH;Hardtberg;B;Bonn;20.02.2026;09.06.2026;14.10.2026
34801;Sperrmüll;01.01.2026;31.12.2026;Köhlstr.;Brüser Berg;53125;2;9998;1;9999;;;BHH;Brüser Berg;BH;Hardtberg;B;Bonn;20.02.2026;09.06.2026;14.10.2026
34771;Sperrmüll;01.01.2026;31.12.2026;Lilienthalstr.;Brüser Berg;53125;2;9998;1;9999;;;BHH;Brüser Berg;BH;Hardtberg;B;Bonn;20.02.2026;09.06.2026;14.10.2026
38979;Sperrmüll;01.01.2026;31.12.2026;Marie-Curie-Str.;Brüser Berg;53125;2;9998;1;9999;;;BHH;Brüser Berg;BH;Hardtberg;B;Bonn;20.02.2026;09.06.2026;14.10.2026
40859;Sperrmüll;01.01.2026;31.12.2026;Messerschmittstr.;Brüser Berg;53125;2;9998;1;9999;;;BHH;Brüser Berg;BH;Hardtberg;B;Bonn;20.02.2026;09.06.2026;14.10.2026
40229;Sperrmüll;01.01.2026;31.12.2026;Morseweg;Brüser Berg;53125;2;9998;1;9999;;;BHH;Brüser Berg;BH;Hardtberg;B;Bonn;20.02.2026;09.06.2026;14.10.2026
39009;Sperrmüll;01.01.2026;31.12.2026;Newtonstr.;Brüser Berg;53125;2;9998;1;9999;;;BHH;Brüser Berg;BH;Hardtberg;B;Bonn;20.02.2026;09.06.2026;14.10.2026
34816;Sperrmüll;01.01.2026;31.12.2026;Nipkowstr.;Brüser Berg;53125;2;9998;1;9999;;;BHH;Brüser Berg;BH;Hardtberg;B;Bonn;20.02.2026;09.06.2026;14.10.2026
38424;Sperrmüll;01.01.2026;31.12.2026;Pascalstr.;Brüser Berg;53125;2;9998;1;9999;;;BHH;Brüser Berg;BH;Hardtberg;B;Bonn;20.02.2026;09.06.2026;14.10.2026
40799;Sperrmüll;01.01.2026;31.12.2026;Philipp-Reis-Str.;Brüser Berg;53125;2;9998;1;9999;;;BHH;Brüser Berg;BH;Hardtberg;B;Bonn;20.02.2026;09.06.2026;14.10.2026
34741;Sperrmüll;01.01.2026;31.12.2026;Philippsonstr.;Brüser Berg;53125;2;9998;1;9999;;;BHH;Brüser Berg;BH;Hardtberg;B;Bonn;20.02.2026;09.06.2026;14.10.2026
37944;Sperrmüll;01.01.2026;31.12.2026;Réaumurstr.;Brüser Berg;53125;2;9998;1;9999;;;BHH;Brüser Berg;BH;Hardtberg;B;Bonn;20.02.2026;09.06.2026;14.10.2026
37959;Sperrmüll;01.01.2026;31.12.2026;Riemannstr.;Brüser Berg;53125;2;9998;1;9999;;;BHH;Brüser Berg;BH;Hardtberg;B;Bonn;20.02.2026;09.06.2026;14.10.2026
38944;Sperrmüll;01.01.2026;31.12.2026;Schießstandweg;Brüser Berg;53125;2;9998;1;9999;;;BHH;Brüser Berg;BH;Hardtberg;B;Bonn;20.02.2026;09.06.2026;14.10.2026
34726;Sperrmüll;01.01.2026;31.12.2026;Schönfeldstr.;Brüser Berg;53125;2;9998;1;9999;;;BHH;Brüser Berg;BH;Hardtberg;B;Bonn;20.02.2026;09.06.2026;14.10.2026
40769;Sperrmüll;01.01.2026;31.12.2026;Von-Guericke-Allee;Brüser Berg;53125;2;9998;1;9999;;;BHH;Brüser Berg;BH;Hardtberg;B;Bonn;20.02.2026;09.06.2026;14.10.2026
40349;Sperrmüll;01.01.2026;31.12.2026;Weimarer Str.;Brüser Berg;53125;2;9998;1;9999;;;BHH;Brüser Berg;BH;Hardtberg;B;Bonn;20.02.2026;09.06.2026;14.10.2026
41044;Sperrmüll;01.01.2026;31.12.2026;Wittenbergstr.;Brüser Berg;53125;2;9998;1;9999;;;BHH;Brüser Berg;BH;Hardtberg;B;Bonn;20.02.2026;09.06.2026;14.10.2026
36449;Sperrmüll;01.01.2026;31.12.2026;Adolf-Heuser-Weg;Buschdorf;53117;2;9998;1;9999;;;BNE;Buschdorf;BN;Bonn-Nord;B;Bonn;08.01.2026;08.05.2026;17.09.2026
35680;Sperrmüll;01.01.2026;31.12.2026;Aegidienstr.;Buschdorf;53117;2;14;1;7;;Franz-Grünkornstr - Buschdorfr;BNE;Buschdorf;BN;Bonn-Nord;B;Bonn;08.01.2026;08.05.2026;17.09.2026
35695;Sperrmüll;01.01.2026;31.12.2026;Aegidienstr.;Buschdorf;53117;16;9998;9;9999;;Buschdorferstr - Anna-Schubrir;BNE;Buschdorf;BN;Bonn-Nord;B;Bonn;08.01.2026;08.05.2026;17.09.2026
36524;Sperrmüll;01.01.2026;31.12.2026;Aloys-Müller-Weg;Buschdorf;53117;2;9998;1;9999;;;BNE;Buschdorf;BN;Bonn-Nord;B;Bonn;08.01.2026;08.05.2026;17.09.2026
42960;Sperrmüll;01.01.2026;31.12.2026;Am Apfelbaum;Buschdorf;53117;2;9998;1;9999;;;BNE;Buschdorf;BN;Bonn-Nord;B;Bonn;08.01.2026;08.05.2026;17.09.2026
35421;Sperrmüll;01.01.2026;31.12.2026;Am Paulusacker;Buschdorf;53117;2;9998;1;9999;;;BNE;Buschdorf;BN;Bonn-Nord;B;Bonn;07.01.2026;07.05.2026;16.09.2026
35436;Sperrmüll;01.01.2026;31.12.2026;Am Petrusacker;Buschdorf;53117;2;9998;1;9999;;;BNE;Buschdorf;BN;Bonn-Nord;B;Bonn;07.01.2026;07.05.2026;16.09.2026
35835;Sperrmüll;01.01.2026;31.12.2026;Am Spielplatz;Buschdorf;53117;2;9998;1;9999;;;BNE;Buschdorf;BN;Bonn-Nord;B;Bonn;08.01.2026;08.05.2026;17.09.2026
35406;Sperrmüll;01.01.2026;31.12.2026;An der Buschdorfer Burg;Buschdorf;53117;2;9998;1;9999;;;BNE;Buschdorf;BN;Bonn-Nord;B;Bonn;08.01.2026;08.05.2026;17.09.2026
35451;Sperrmüll;01.01.2026;31.12.2026;An der Landstr.;Buschdorf;53117;2;9998;1;9999;;;BNE;Buschdorf;BN;Bonn-Nord;B;Bonn;07.01.2026;07.05.2026;16.09.2026
36494;Sperrmüll;01.01.2026;31.12.2026;Anna-Schubring-Str.;Buschdorf;53117;2;9998;1;9999;;;BNE;Buschdorf;BN;Bonn-Nord;B;Bonn;08.01.2026;08.05.2026;17.09.2026
35575;Sperrmüll;01.01.2026;31.12.2026;Antilopenweg;Buschdorf;53117;2;9998;1;9999;;;BNE;Buschdorf;BN;Bonn-Nord;B;Bonn;07.01.2026;07.05.2026;16.09.2026
35466;Sperrmüll;01.01.2026;31.12.2026;Anton-Engels-Str.;Buschdorf;53117;2;9998;1;9999;;;BNE;Buschdorf;BN;Bonn-Nord;B;Bonn;08.01.2026;08.05.2026;17.09.2026
35980;Sperrmüll;01.01.2026;31.12.2026;Azaleenweg;Buschdorf;53117;2;9998;1;9999;;;BNE;Buschdorf;BN;Bonn-Nord;B;Bonn;08.01.2026;08.05.2026;17.09.2026
35635;Sperrmüll;01.01.2026;31.12.2026;Buschdorfer Str.;Buschdorf;53117;2;8;1;3;;Von den Driesch - Schickgasse;BNE;Buschdorf;BN;Bonn-Nord;B;Bonn;08.01.2026;08.05.2026;17.09.2026
35650;Sperrmüll;01.01.2026;31.12.2026;Buschdorfer Str.;Buschdorf;53117;10;9998;5;9999;;Schickgasse - Otto-Hahnstr;BNE;Buschdorf;BN;Bonn-Nord;B;Bonn;08.01.2026;08.05.2026;17.09.2026
36344;Sperrmüll;01.01.2026;31.12.2026;Carlo-Mense-Str.;Buschdorf;53117;2;9998;1;9999;;;BNE;Buschdorf;BN;Bonn-Nord;B;Bonn;08.01.2026;08.05.2026;17.09.2026
36284;Sperrmüll;01.01.2026;31.12.2026;Christian-Lassen-Str.;Buschdorf;53117;2;9998;1;9999;;;BNE;Buschdorf;BN;Bonn-Nord;B;Bonn;07.01.2026;07.05.2026;16.09.2026
3102;Sperrmüll;01.01.2026;31.12.2026;Dellweg;Buschdorf;53117;2;9998;1;9999;;;BNE;Buschdorf;BN;Bonn-Nord;B;Bonn;08.01.2026;08.05.2026;17.09.2026
35515;Sperrmüll;01.01.2026;31.12.2026;Dresdener Str.;Buschdorf;53117;2;9998;1;9999;;;BNE;Buschdorf;BN;Bonn-Nord;B;Bonn;08.01.2026;08.05.2026;17.09.2026
35530;Sperrmüll;01.01.2026;31.12.2026;Egerstr.;Buschdorf;53117;2;9998;1;9999;;;BNE;Buschdorf;BN;Bonn-Nord;B;Bonn;08.01.2026;08.05.2026;17.09.2026
35545;Sperrmüll;01.01.2026;31.12.2026;Eisenacher Str.;Buschdorf;53117;2;9998;1;9999;;;BNE;Buschdorf;BN;Bonn-Nord;B;Bonn;08.01.2026;08.05.2026;17.09.2026
35560;Sperrmüll;01.01.2026;31.12.2026;Elbingstr.;Buschdorf;53117;2;9998;1;9999;;;BNE;Buschdorf;BN;Bonn-Nord;B;Bonn;08.01.2026;08.05.2026;17.09.2026
36509;Sperrmüll;01.01.2026;31.12.2026;Elisabeth-Daub-Str.;Buschdorf;53117;2;9998;1;9999;;;BNE;Buschdorf;BN;Bonn-Nord;B;Bonn;08.01.2026;08.05.2026;17.09.2026
36404;Sperrmüll;01.01.2026;31.12.2026;Ernst-Meurer-Weg;Buschdorf;53117;2;9998;1;9999;;;BNE;Buschdorf;BN;Bonn-Nord;B;Bonn;08.01.2026;08.05.2026;17.09.2026
36299;Sperrmüll;01.01.2026;31.12.2026;Ernst-Robert-Curtius-Str.;Buschdorf;53117;2;9998;1;9999;;;BNE;Buschdorf;BN;Bonn-Nord;B;Bonn;07.01.2026;07.05.2026;16.09.2026
36464;Sperrmüll;01.01.2026;31.12.2026;Franz-Grünkorn-Str.;Buschdorf;53117;2;9998;1;9999;;;BNE;Buschdorf;BN;Bonn-Nord;B;Bonn;08.01.2026;08.05.2026;17.09.2026
35481;Sperrmüll;01.01.2026;31.12.2026;Friedlandstr.;Buschdorf;53117;2;9998;1;9999;;;BNE;Buschdorf;BN;Bonn-Nord;B;Bonn;08.01.2026;08.05.2026;17.09.2026
36434;Sperrmüll;01.01.2026;31.12.2026;Hans-Herter-Str.;Buschdorf;53117;2;9998;1;9999;;;BNE;Buschdorf;BN;Bonn-Nord;B;Bonn;07.01.2026;07.05.2026;16.09.2026
35995;Sperrmüll;01.01.2026;31.12.2026;Heinrich-Bursch-Str.;Buschdorf;53117;2;9998;1;9999;;;BNE;Buschdorf;BN;Bonn-Nord;B;Bonn;08.01.2026;08.05.2026;17.09.2026
36359;Sperrmüll;01.01.2026;31.12.2026;Heinrich-Nauen-Str.;Buschdorf;53117;2;9998;1;9999;;;BNE;Buschdorf;BN;Bonn-Nord;B;Bonn;08.01.2026;08.05.2026;17.09.2026
36209;Sperrmüll;01.01.2026;31.12.2026;Heinrich-Settels-Str.;Buschdorf;53117;2;9998;1;9999;;;BNE;Buschdorf;BN;Bonn-Nord;B;Bonn;08.01.2026;08.05.2026;17.09.2026
36389;Sperrmüll;01.01.2026;31.12.2026;Hermann-Dienz-Str.;Buschdorf;53117;2;9998;1;9999;;;BNE;Buschdorf;BN;Bonn-Nord;B;Bonn;08.01.2026;08.05.2026;17.09.2026
36179;Sperrmüll;01.01.2026;31.12.2026;Im Dahl;Buschdorf;53117;2;9998;1;9999;;;BNE;Buschdorf;BN;Bonn-Nord;B;Bonn;08.01.2026;08.05.2026;17.09.2026
42979;Sperrmüll;01.01.2026;31.12.2026;Im großen Garten;Buschdorf;53117;2;9998;1;9999;;;BNE;Buschdorf;BN;Bonn-Nord;B;Bonn;08.01.2026;08.05.2026;17.09.2026
36329;Sperrmüll;01.01.2026;31.12.2026;Im Schildchen;Buschdorf;53117;2;9998;1;9999;;;BNE;Buschdorf;BN;Bonn-Nord;B;Bonn;08.01.2026;08.05.2026;17.09.2026
6264;Sperrmüll;01.01.2026;31.12.2026;Im Winkel;Buschdorf;53117;2;9998;1;9999;;;BNE;Buschdorf;BN;Bonn-Nord;B;Bonn;08.01.2026;08.05.2026;17.09.2026
36239;Sperrmüll;01.01.2026;31.12.2026;Jakob-Mager-Str.;Buschdorf;53117;2;9998;1;9999;;;BNE;Buschdorf;BN;Bonn-Nord;B;Bonn;08.01.2026;08.05.2026;17.09.2026
36419;Sperrmüll;01.01.2026;31.12.2026;Johann-Wirtz-Str.;Buschdorf;53117;2;9998;1;9999;;;BNE;Buschdorf;BN;Bonn-Nord;B;Bonn;08.01.2026;08.05.2026;17.09.2026
36010;Sperrmüll;01.01.2026;31.12.2026;Josef-Kuth-Str.;Buschdorf;53117;2;9998;1;9999;;;BNE;Buschdorf;BN;Bonn-Nord;B;Bonn;08.01.2026;08.05.2026;17.09.2026
35665;Sperrmüll;01.01.2026;31.12.2026;Karlsbader Str.;Buschdorf;53117;2;9998;1;9999;;;BNE;Buschdorf;BN;Bonn-Nord;B;Bonn;08.01.2026;08.05.2026;17.09.2026
35710;Sperrmüll;01.01.2026;31.12.2026;Klosterweg;Buschdorf;53117;2;14;1;13;;Schickgasse - Aegidienstr;BNE;Buschdorf;BN;Bonn-Nord;B;Bonn;08.01.2026;08.05.2026;17.09.2026
42945;Sperrmüll;01.01.2026;31.12.2026;Klosterweg;Buschdorf;53117;16;9998;15;9999;;Aegidienstr - Otto - Hahnstr;BNE;Buschdorf;BN;Bonn-Nord;B;Bonn;08.01.2026;08.05.2026;17.09.2026
35745;Sperrmüll;01.01.2026;31.12.2026;Lärchenstr.;Buschdorf;53117;2;9998;1;9999;;;BNE;Buschdorf;BN;Bonn-Nord;B;Bonn;08.01.2026;08.05.2026;17.09.2026
36374;Sperrmüll;01.01.2026;31.12.2026;Leo-Breuer-Weg;Buschdorf;53117;2;9998;1;9999;;;BNE;Buschdorf;BN;Bonn-Nord;B;Bonn;08.01.2026;08.05.2026;17.09.2026
36224;Sperrmüll;01.01.2026;31.12.2026;Ludwig-Schopp-Str.;Buschdorf;53117;2;9998;1;9999;;;BNE;Buschdorf;BN;Bonn-Nord;B;Bonn;08.01.2026;08.05.2026;17.09.2026
36194;Sperrmüll;01.01.2026;31.12.2026;Martin-Görgens-Str.;Buschdorf;53117;2;9998;1;9999;;;BNE;Buschdorf;BN;Bonn-Nord;B;Bonn;08.01.2026;08.05.2026;17.09.2026
35760;Sperrmüll;01.01.2026;31.12.2026;Naumburger Str.;Buschdorf;53117;2;9998;1;9999;;;BNE;Buschdorf;BN;Bonn-Nord;B;Bonn;08.01.2026;08.05.2026;17.09.2026
35496;Sperrmüll;01.01.2026;31.12.2026;Otto-Hahn-Str.;Buschdorf;53117;2;74;1;103;;Kölnstr - Klosterweg;BNE;Buschdorf;BN;Bonn-Nord;B;Bonn;08.01.2026;08.05.2026;17.09.2026
43123;Sperrmüll;01.01.2026;31.12.2026;Otto-Hahn-Str.;Buschdorf;53117;76;9998;105;9999;;Klosterweg - Schlesienstr;BNE;Buschdorf;BN;Bonn-Nord;B;Bonn;08.01.2026;08.05.2026;17.09.2026
35725;Sperrmüll;01.01.2026;31.12.2026;Peter-Klein-Str.;Buschdorf;53117;2;9998;1;9999;;;BNE;Buschdorf;BN;Bonn-Nord;B;Bonn;08.01.2026;08.05.2026;17.09.2026
35775;Sperrmüll;01.01.2026;31.12.2026;Ratiborstr.;Buschdorf;53117;2;9998;1;9999;;;BNE;Buschdorf;BN;Bonn-Nord;B;Bonn;08.01.2026;08.05.2026;17.09.2026
35790;Sperrmüll;01.01.2026;31.12.2026;Rostocker Str.;Buschdorf;53117;2;9998;1;9999;;;BNE;Buschdorf;BN;Bonn-Nord;B;Bonn;08.01.2026;08.05.2026;17.09.2026
35805;Sperrmüll;01.01.2026;31.12.2026;Schickgasse;Buschdorf;53117;2;9998;1;9999;;;BNE;Buschdorf;BN;Bonn-Nord;B;Bonn;08.01.2026;08.05.2026;17.09.2026
12368;Sperrmüll;01.01.2026;31.12.2026;Schlesienstr.;Buschdorf;53119;2;100;1;101;;Oppelnerstr - Hohestr;BNE;Buschdorf;BN;Bonn-Nord;B;Bonn;07.01.2026;07.05.2026;16.09.2026
12383;Sperrmüll;01.01.2026;31.12.2026;Schlesienstr.;Buschdorf;53119;102;9998;103;9999;;Oppelnerstr - Kölnstr;BNE;Buschdorf;BN;Bonn-Nord;B;Bonn;07.01.2026;07.05.2026;16.09.2026
35885;Sperrmüll;01.01.2026;31.12.2026;Ulmenweg;Buschdorf;53117;2;9998;1;9999;;;BNE;Buschdorf;BN;Bonn-Nord;B;Bonn;08.01.2026;08.05.2026;17.09.2026
35590;Sperrmüll;01.01.2026;31.12.2026;Von-den-Driesch-Str.;Buschdorf;53117;2;16;1;59;;A.d.Buschdorfer.B.-Friedlandst;BNE;Buschdorf;BN;Bonn-Nord;B;Bonn;08.01.2026;08.05.2026;17.09.2026
35605;Sperrmüll;01.01.2026;31.12.2026;Von-den-Driesch-Str.;Buschdorf;53117;18;9998;61;9999;;Friedlandstr - Otto-Hahnstr;BNE;Buschdorf;BN;Bonn-Nord;B;Bonn;08.01.2026;08.05.2026;17.09.2026
1369;Sperrmüll;01.01.2026;31.12.2026;Am Bleidriesch;Dottendorf;53129;2;9998;1;9999;;;BZF;Dottendorf;BZ;Bonn-Zentrum;B;Bonn;06.03.2026;23.06.2026;11.11.2026
698;Sperrmüll;01.01.2026;31.12.2026;Am Quirinusbrunnen;Dottendorf;53129;2;9998;1;9999;;;BZF;Dottendorf;BZ;Bonn-Zentrum;B;Bonn;10.03.2026;14.07.2026;18.12.2026
1459;Sperrmüll;01.01.2026;31.12.2026;Am Zinnbruch;Dottendorf;53129;2;9998;1;9999;;;BZF;Dottendorf;BZ;Bonn-Zentrum;B;Bonn;05.03.2026;22.06.2026;10.11.2026
2780;Sperrmüll;01.01.2026;31.12.2026;Auf dem Junkerfeld;Dottendorf;53129;2;9998;1;9999;;;BZF;Dottendorf;BZ;Bonn-Zentrum;B;Bonn;10.03.2026;14.07.2026;18.12.2026
2977;Sperrmüll;01.01.2026;31.12.2026;Christian-Miesen-Str.;Dottendorf;53129;2;9998;1;9999;;;BZF;Dottendorf;BZ;Bonn-Zentrum;B;Bonn;05.03.2026;22.06.2026;10.11.2026
3027;Sperrmüll;01.01.2026;31.12.2026;Christoph-Fischer-Weg;Dottendorf;53129;2;9998;1;9999;;;BZF;Dottendorf;BZ;Bonn-Zentrum;B;Bonn;05.03.2026;22.06.2026;10.11.2026
3057;Sperrmüll;01.01.2026;31.12.2026;Damaschkestr.;Dottendorf;53129;2;9998;1;9999;;;BZF;Dottendorf;BZ;Bonn-Zentrum;B;Bonn;05.03.2026;22.06.2026;10.11.2026
3242;Sperrmüll;01.01.2026;31.12.2026;Dottendorfer Str.;Dottendorf;53129;2;64;1;69;;Quirinstr - Servatiusstr;BZF;Dottendorf;BZ;Bonn-Zentrum;B;Bonn;05.03.2026;22.06.2026;10.11.2026
3257;Sperrmüll;01.01.2026;31.12.2026;Dottendorfer Str.;Dottendorf;53129;66;9998;71;9999;;Servatiusstr - Bahn;BZF;Dottendorf;BZ;Bonn-Zentrum;B;Bonn;05.03.2026;22.06.2026;10.11.2026
3333;Sperrmüll;01.01.2026;31.12.2026;Droste-Hülshoff-Str.;Dottendorf;53129;2;9998;1;9999;;;BZF;Dottendorf;BZ;Bonn-Zentrum;B;Bonn;05.03.2026;22.06.2026;10.11.2026
5844;Sperrmüll;01.01.2026;31.12.2026;Elisabeth-Selbert-Platz;Dottendorf;53129;2;9998;1;9999;;;BZF;Dottendorf;BZ;Bonn-Zentrum;B;Bonn;05.02.2026;21.05.2026;30.09.2026
3919;Sperrmüll;01.01.2026;31.12.2026;Eschelbachstr.;Dottendorf;53129;2;9998;1;9999;;;BZF;Dottendorf;BZ;Bonn-Zentrum;B;Bonn;05.03.2026;22.06.2026;10.11.2026
3979;Sperrmüll;01.01.2026;31.12.2026;Eulenweg;Dottendorf;53129;2;9998;1;9999;;;BZF;Dottendorf;BZ;Bonn-Zentrum;B;Bonn;05.03.2026;22.06.2026;10.11.2026
4074;Sperrmüll;01.01.2026;31.12.2026;F.-A.-Schmidt-Weg;Dottendorf;53129;2;9998;1;9999;;;BZF;Dottendorf;BZ;Bonn-Zentrum;B;Bonn;05.03.2026;22.06.2026;10.11.2026
4967;Sperrmüll;01.01.2026;31.12.2026;Gustav-Oel-Str.;Dottendorf;53129;2;9998;1;9999;;;BZF;Dottendorf;BZ;Bonn-Zentrum;B;Bonn;10.03.2026;14.07.2026;18.12.2026
5347;Sperrmüll;01.01.2026;31.12.2026;Harleßstr.;Dottendorf;53129;2;9998;1;9999;;;BZF;Dottendorf;BZ;Bonn-Zentrum;B;Bonn;05.03.2026;22.06.2026;10.11.2026
5407;Sperrmüll;01.01.2026;31.12.2026;Hausdorffstr.;Dottendorf;53129;2;4;1;21;;Reuterstr - August-Bierstr;BZF;Dottendorf;BZ;Bonn-Zentrum;B;Bonn;04.03.2026;19.06.2026;09.11.2026
5422;Sperrmüll;01.01.2026;31.12.2026;Hausdorffstr.;Dottendorf;53129;80;156;73;159;;Eduard-Ottostr. - Pützstr.;BZF;Dottendorf;BZ;Bonn-Zentrum;B;Bonn;04.03.2026;19.06.2026;09.11.2026
5437;Sperrmüll;01.01.2026;31.12.2026;Hausdorffstr.;Dottendorf;53129;158;196;161;221;;Pützstr. - Bergstr.;BZF;Dottendorf;BZ;Bonn-Zentrum;B;Bonn;04.03.2026;19.06.2026;09.11.2026
5452;Sperrmüll;01.01.2026;31.12.2026;Hausdorffstr.;Dottendorf;53129;198;234;223;239;;Bergstr.- Urstadtstr;BZF;Dottendorf;BZ;Bonn-Zentrum;B;Bonn;04.03.2026;19.06.2026;09.11.2026
5467;Sperrmüll;01.01.2026;31.12.2026;Hausdorffstr.;Dottendorf;53129;236;9998;241;9999;;Urstadtstr - Dottendorferstr;BZF;Dottendorf;BZ;Bonn-Zentrum;B;Bonn;05.03.2026;22.06.2026;10.11.2026
42464;Sperrmüll;01.01.2026;31.12.2026;Hausdorffstr.;Dottendorf;53129;6;78;23;71;;August-Bierstr - Eduard-Ottost;BZF;Dottendorf;BZ;Bonn-Zentrum;B;Bonn;04.03.2026;19.06.2026;09.11.2026
6419;Sperrmüll;01.01.2026;31.12.2026;Heinrich-Schneiders-Str.;Dottendorf;53129;2;9998;1;9999;;;BZF;Dottendorf;BZ;Bonn-Zentrum;B;Bonn;05.03.2026;22.06.2026;10.11.2026
6234;Sperrmüll;01.01.2026;31.12.2026;Heinrich-Winand-Weg;Dottendorf;53129;2;9998;1;9999;;;BZF;Dottendorf;BZ;Bonn-Zentrum;B;Bonn;05.03.2026;22.06.2026;10.11.2026
5719;Sperrmüll;01.01.2026;31.12.2026;Hermann-Milde-Str.;Dottendorf;53129;2;9998;1;9999;;;BZF;Dottendorf;BZ;Bonn-Zentrum;B;Bonn;05.03.2026;22.06.2026;10.11.2026
5859;Sperrmüll;01.01.2026;31.12.2026;Hinsenkampstr.;Dottendorf;53129;2;9998;1;9999;;;BZF;Dottendorf;BZ;Bonn-Zentrum;B;Bonn;05.03.2026;22.06.2026;10.11.2026
6204;Sperrmüll;01.01.2026;31.12.2026;Hinter Hoben;Dottendorf;53129;2;9998;1;9999;;;BZF;Dottendorf;BZ;Bonn-Zentrum;B;Bonn;05.03.2026;22.06.2026;10.11.2026
5889;Sperrmüll;01.01.2026;31.12.2026;Hittorfstr.;Dottendorf;53129;2;9998;1;9999;;;BZF;Dottendorf;BZ;Bonn-Zentrum;B;Bonn;05.03.2026;22.06.2026;10.11.2026
6249;Sperrmüll;01.01.2026;31.12.2026;Im Dottenberg;Dottendorf;53129;2;9998;1;9999;;;BZF;Dottendorf;BZ;Bonn-Zentrum;B;Bonn;05.03.2026;22.06.2026;10.11.2026
6309;Sperrmüll;01.01.2026;31.12.2026;Im Kirchenbenden;Dottendorf;53129;2;9998;1;9999;;;BZF;Dottendorf;BZ;Bonn-Zentrum;B;Bonn;05.03.2026;22.06.2026;10.11.2026
6339;Sperrmüll;01.01.2026;31.12.2026;Im Maigarten;Dottendorf;53129;2;9998;1;9999;;;BZF;Dottendorf;BZ;Bonn-Zentrum;B;Bonn;05.03.2026;22.06.2026;10.11.2026
6771;Sperrmüll;01.01.2026;31.12.2026;Im Sonnenpütz;Dottendorf;53129;2;9998;1;9999;;;BZF;Dottendorf;BZ;Bonn-Zentrum;B;Bonn;04.03.2026;19.06.2026;09.11.2026
10548;Sperrmüll;01.01.2026;31.12.2026;In der Raste;Dottendorf;53129;2;9998;1;9999;;;BZF;Dottendorf;BZ;Bonn-Zentrum;B;Bonn;05.03.2026;22.06.2026;10.11.2026
7050;Sperrmüll;01.01.2026;31.12.2026;Kallenweg;Dottendorf;53129;2;9998;1;9999;;;BZF;Dottendorf;BZ;Bonn-Zentrum;B;Bonn;04.03.2026;19.06.2026;09.11.2026
4602;Sperrmüll;01.01.2026;31.12.2026;Karl-Barth-Str.;Dottendorf;53129;2;14;1;55;;Rheinweg - Gierenweg;BZF;Dottendorf;BZ;Bonn-Zentrum;B;Bonn;06.03.2026;23.06.2026;11.11.2026
4617;Sperrmüll;01.01.2026;31.12.2026;Karl-Barth-Str.;Dottendorf;53129;16;9998;57;9999;;Gierenweg - Dottendorferstr;BZF;Dottendorf;BZ;Bonn-Zentrum;B;Bonn;06.03.2026;23.06.2026;11.11.2026
7296;Sperrmüll;01.01.2026;31.12.2026;Kessenicher Str.;Dottendorf;53129;2;32;1;33;;Bergstr - Urstadtstr;BZF;Dottendorf;BZ;Bonn-Zentrum;B;Bonn;04.03.2026;19.06.2026;09.11.2026
7311;Sperrmüll;01.01.2026;31.12.2026;Kessenicher Str.;Dottendorf;53129;178;208;175;199;;Dottendorferstr - Winzerstr;BZF;Dottendorf;BZ;Bonn-Zentrum;B;Bonn;05.03.2026;22.06.2026;10.11.2026
7326;Sperrmüll;01.01.2026;31.12.2026;Kessenicher Str.;Dottendorf;53129;34;176;35;173;;Urstadtstr - Dottendorferstr;BZF;Dottendorf;BZ;Bonn-Zentrum;B;Bonn;05.03.2026;22.06.2026;10.11.2026
42494;Sperrmüll;01.01.2026;31.12.2026;Kessenicher Str.;Dottendorf;53129;210;9998;201;9999;;Winzerstr - Im Bachele;BZF;Dottendorf;BZ;Bonn-Zentrum;B;Bonn;05.03.2026;22.06.2026;10.11.2026
8209;Sperrmüll;01.01.2026;31.12.2026;Langwartweg;Dottendorf;53129;2;9998;1;9999;;;BZF;Dottendorf;BZ;Bonn-Zentrum;B;Bonn;05.03.2026;22.06.2026;10.11.2026
43485;Sperrmüll;01.01.2026;31.12.2026;Loki-Schmidt-Platz;Dottendorf;53129;2;9998;1;9999;;;BZF;Dottendorf;BZ;Bonn-Zentrum;B;Bonn;05.03.2026;22.06.2026;10.11.2026
8430;Sperrmüll;01.01.2026;31.12.2026;Mönkemöllerstr.;Dottendorf;53129;2;16;1;11;;Quirinstr - Damaschkestr;BZF;Dottendorf;BZ;Bonn-Zentrum;B;Bonn;05.03.2026;22.06.2026;10.11.2026
8445;Sperrmüll;01.01.2026;31.12.2026;Mönkemöllerstr.;Dottendorf;53129;18;34;13;17;;Damaschkestr - Am Quirinusbrun;BZF;Dottendorf;BZ;Bonn-Zentrum;B;Bonn;05.03.2026;22.06.2026;10.11.2026
44411;Sperrmüll;01.01.2026;31.12.2026;Mönkemöllerstr.;Dottendorf;53129;36;9998;19;9999;;Am Quirinusbrunnen - Ende;BZF;Dottendorf;BZ;Bonn-Zentrum;B;Bonn;10.03.2026;14.07.2026;18.12.2026
9877;Sperrmüll;01.01.2026;31.12.2026;Oberer Lindweg;Dottendorf;53129;2;9998;1;9999;;;BZF;Dottendorf;BZ;Bonn-Zentrum;B;Bonn;06.03.2026;23.06.2026;11.11.2026
9922;Sperrmüll;01.01.2026;31.12.2026;Oeliedenweg;Dottendorf;53129;2;9998;1;9999;;;BZF;Dottendorf;BZ;Bonn-Zentrum;B;Bonn;05.03.2026;22.06.2026;10.11.2026
10361;Sperrmüll;01.01.2026;31.12.2026;Pleimesstr.;Dottendorf;53129;2;9998;1;9999;;;BZF;Dottendorf;BZ;Bonn-Zentrum;B;Bonn;05.03.2026;22.06.2026;10.11.2026
10518;Sperrmüll;01.01.2026;31.12.2026;Quirinstr.;Dottendorf;53129;2;9998;1;9999;;;BZF;Dottendorf;BZ;Bonn-Zentrum;B;Bonn;05.03.2026;22.06.2026;10.11.2026
10533;Sperrmüll;01.01.2026;31.12.2026;Quirinusplatz;Dottendorf;53129;2;9998;1;9999;;;BZF;Dottendorf;BZ;Bonn-Zentrum;B;Bonn;05.03.2026;22.06.2026;10.11.2026
11099;Sperrmüll;01.01.2026;31.12.2026;Rochusweg;Dottendorf;53129;2;18;1;9;;Winzerstr - Eulenweg;BZF;Dottendorf;BZ;Bonn-Zentrum;B;Bonn;05.03.2026;22.06.2026;10.11.2026
11114;Sperrmüll;01.01.2026;31.12.2026;Rochusweg;Dottendorf;53129;20;9998;11;9999;;Eulenweg - Ende;BZF;Dottendorf;BZ;Bonn-Zentrum;B;Bonn;05.03.2026;22.06.2026;10.11.2026
11799;Sperrmüll;01.01.2026;31.12.2026;Schüllerweg;Dottendorf;53129;2;9998;1;9999;;;BZF;Dottendorf;BZ;Bonn-Zentrum;B;Bonn;05.03.2026;22.06.2026;10.11.2026
21326;Sperrmüll;01.01.2026;31.12.2026;Servatiusstr.;Dottendorf;53129;2;104;1;27;;Dottendorferst-Schwalbengarten;BZF;Dottendorf;BZ;Bonn-Zentrum;B;Bonn;06.03.2026;23.06.2026;11.11.2026
21346;Sperrmüll;01.01.2026;31.12.2026;Servatiusstr.;Dottendorf;53175;106;9998;29;9999;;Schwalbengarten - Annabergerst;BZF;Dottendorf;BZ;Bonn-Zentrum;B;Bonn;06.03.2026;23.06.2026;11.11.2026
11874;Sperrmüll;01.01.2026;31.12.2026;Siegweg;Dottendorf;53129;2;9998;1;9999;;;BZF;Dottendorf;BZ;Bonn-Zentrum;B;Bonn;05.03.2026;22.06.2026;10.11.2026
12103;Sperrmüll;01.01.2026;31.12.2026;Stephanstr.;Dottendorf;53129;2;9998;1;9999;;;BZF;Dottendorf;BZ;Bonn-Zentrum;B;Bonn;06.03.2026;23.06.2026;11.11.2026
12818;Sperrmüll;01.01.2026;31.12.2026;Urstadtstr.;Dottendorf;53129;2;9998;1;9999;;;BZF;Dottendorf;BZ;Bonn-Zentrum;B;Bonn;04.03.2026;19.06.2026;09.11.2026
12923;Sperrmüll;01.01.2026;31.12.2026;Villenstr.;Dottendorf;53129;2;9998;1;9999;;;BZF;Dottendorf;BZ;Bonn-Zentrum;B;Bonn;05.03.2026;22.06.2026;10.11.2026
13134;Sperrmüll;01.01.2026;31.12.2026;Wasserland;Dottendorf;53129;2;9998;1;9999;;;BZF;Dottendorf;BZ;Bonn-Zentrum;B;Bonn;05.03.2026;22.06.2026;10.11.2026
13514;Sperrmüll;01.01.2026;31.12.2026;Winzerstr.;Dottendorf;53129;2;60;1;67;;kessenicherstr - Damaschkestr;BZF;Dottendorf;BZ;Bonn-Zentrum;B;Bonn;05.03.2026;22.06.2026;10.11.2026
13529;Sperrmüll;01.01.2026;31.12.2026;Winzerstr.;Dottendorf;53129;62;86;69;105;;Damaschkestr - Ende;BZF;Dottendorf;BZ;Bonn-Zentrum;B;Bonn;05.03.2026;22.06.2026;10.11.2026
43898;Sperrmüll;01.01.2026;31.12.2026;Winzerstr.;Dottendorf;53129;88;9998;107;9999;;Damaschkestr (Sackgasse);BZF;Dottendorf;BZ;Bonn-Zentrum;B;Bonn;10.03.2026;14.07.2026;18.12.2026
41699;Sperrmüll;01.01.2026;31.12.2026;Alfterer Str.;Dransdorf;53121;2;9998;1;9999;38;;BNC;Dransdorf1;BN;Bonn-Nord;B;Bonn;09.02.2026;27.05.2026;07.10.2026
43304;Sperrmüll;01.01.2026;31.12.2026;Alfterer Str.;Dransdorf;53121;;;;;;;BNC;Dransdorf1;BN;Bonn-Nord;B;Bonn;09.02.2026;27.05.2026;07.10.2026
7341;Sperrmüll;01.01.2026;31.12.2026;Am Kettelerplatz;Dransdorf;53121;2;9998;1;9999;;;BNC;Dransdorf1;BN;Bonn-Nord;B;Bonn;09.02.2026;27.05.2026;07.10.2026
838;Sperrmüll;01.01.2026;31.12.2026;An der Dransdorfer Burg;Dransdorf;53121;2;9998;1;9999;;;BNC;Dransdorf1;BN;Bonn-Nord;B;Bonn;09.02.2026;27.05.2026;07.10.2026
12728;Sperrmüll;01.01.2026;31.12.2026;An der Schwarzen Brücke;Dransdorf;53121;2;9998;1;9999;;;BNC;Dransdorf1;BN;Bonn-Nord;B;Bonn;09.02.2026;27.05.2026;07.10.2026
1153;Sperrmüll;01.01.2026;31.12.2026;Auf dem Dransdorfer Berg;Dransdorf;53121;2;9998;1;9999;;;BNC;Dransdorf1;BN;Bonn-Nord;B;Bonn;09.02.2026;27.05.2026;07.10.2026
6851;Sperrmüll;01.01.2026;31.12.2026;Auf der Koppel;Dransdorf;53121;2;9998;1;9999;;;BNC;Dransdorf1;BN;Bonn-Nord;B;Bonn;09.02.2026;27.05.2026;07.10.2026
1702;Sperrmüll;01.01.2026;31.12.2026;Bendenweg;Dransdorf;53121;2;9998;1;9999;;;BNC;Dransdorf1;BN;Bonn-Nord;B;Bonn;09.02.2026;27.05.2026;07.10.2026
1737;Sperrmüll;01.01.2026;31.12.2026;Bergiusstr.;Dransdorf;53121;2;9998;1;9999;;;BNC;Dransdorf1;BN;Bonn-Nord;B;Bonn;09.02.2026;27.05.2026;07.10.2026
2525;Sperrmüll;01.01.2026;31.12.2026;Bunsenstr.;Dransdorf;53121;2;9998;1;9999;;;BNC;Dransdorf1;BN;Bonn-Nord;B;Bonn;09.02.2026;27.05.2026;07.10.2026
6560;Sperrmüll;01.01.2026;31.12.2026;Carl-Duisberg-Str.;Dransdorf;53121;2;9998;1;9999;;;BNC;Dransdorf1;BN;Bonn-Nord;B;Bonn;09.02.2026;27.05.2026;07.10.2026
4044;Sperrmüll;01.01.2026;31.12.2026;Carmen-Sylva-Weg;Dransdorf;53121;2;9998;1;9999;;;BNC;Dransdorf1;BN;Bonn-Nord;B;Bonn;09.02.2026;27.05.2026;07.10.2026
3455;Sperrmüll;01.01.2026;31.12.2026;Elisabeth-Enseling-Str.;Dransdorf;53121;2;9998;1;9999;;;BNC;Dransdorf1;BN;Bonn-Nord;B;Bonn;10.02.2026;01.06.2026;09.10.2026
12758;Sperrmüll;01.01.2026;31.12.2026;Euskirchener Bahnweg;Dransdorf;53121;2;9998;1;9999;;;BNC;Dransdorf1;BN;Bonn-Nord;B;Bonn;09.02.2026;27.05.2026;07.10.2026
4266;Sperrmüll;01.01.2026;31.12.2026;Fraunhoferstr.;Dransdorf;53121;2;9998;1;9999;;;BNC;Dransdorf1;BN;Bonn-Nord;B;Bonn;09.02.2026;27.05.2026;07.10.2026
44394;Sperrmüll;01.01.2026;31.12.2026;Frieda-Mager-Allee;Dransdorf;53121;2;9998;1;9999;;;BNC;Dransdorf1;BN;Bonn-Nord;B;Bonn;09.02.2026;27.05.2026;07.10.2026
5057;Sperrmüll;01.01.2026;31.12.2026;Gerhart-Hauptmann-Str.;Dransdorf;53121;2;9998;1;9999;;;BNC;Dransdorf1;BN;Bonn-Nord;B;Bonn;09.02.2026;27.05.2026;07.10.2026
4922;Sperrmüll;01.01.2026;31.12.2026;Grootestr.;Dransdorf;53121;2;50;1;59;;Siemensstr - Justus-v-Liebigsr;BNC;Dransdorf1;BN;Bonn-Nord;B;Bonn;26.01.2026;12.05.2026;21.09.2026
4937;Sperrmüll;01.01.2026;31.12.2026;Grootestr.;Dransdorf;53121;74;9998;103;9999;;Kleinestr - Ende;BNC;Dransdorf1;BN;Bonn-Nord;B;Bonn;26.01.2026;12.05.2026;21.09.2026
42509;Sperrmüll;01.01.2026;31.12.2026;Grootestr.;Dransdorf;53121;52;72;61;101;;Justus-v-Liebigstr - Kleinestr;BNC;Dransdorf1;BN;Bonn-Nord;B;Bonn;26.01.2026;12.05.2026;21.09.2026
6219;Sperrmüll;01.01.2026;31.12.2026;Haberstr.;Dransdorf;53121;2;9998;1;9999;;;BNC;Dransdorf1;BN;Bonn-Nord;B;Bonn;09.02.2026;27.05.2026;07.10.2026
6159;Sperrmüll;01.01.2026;31.12.2026;Hans-Sachs-Str.;Dransdorf;53121;2;9998;1;9999;;;BNC;Dransdorf1;BN;Bonn-Nord;B;Bonn;09.02.2026;27.05.2026;07.10.2026
6189;Sperrmüll;01.01.2026;31.12.2026;Hölderlinstr.;Dransdorf;53121;2;9998;1;9999;;;BNC;Dransdorf1;BN;Bonn-Nord;B;Bonn;26.01.2026;12.05.2026;21.09.2026
41909;Sperrmüll;01.01.2026;31.12.2026;Im Dransdorfer Feld;Dransdorf;53121;2;9998;1;9999;;;BNC;Dransdorf1;BN;Bonn-Nord;B;Bonn;09.02.2026;27.05.2026;07.10.2026
42329;Sperrmüll;01.01.2026;31.12.2026;Im Haeringsthal;Dransdorf;53121;2;9998;1;9999;;;BNC;Dransdorf1;BN;Bonn-Nord;B;Bonn;26.01.2026;12.05.2026;21.09.2026
6404;Sperrmüll;01.01.2026;31.12.2026;Im Uhlengarten;Dransdorf;53121;2;9998;1;9999;;;BNC;Dransdorf1;BN;Bonn-Nord;B;Bonn;09.02.2026;27.05.2026;07.10.2026
6786;Sperrmüll;01.01.2026;31.12.2026;Justus-von-Liebig-Str.;Dransdorf;53121;2;9998;1;9999;7;;BNC;Dransdorf1;BN;Bonn-Nord;B;Bonn;09.02.2026;27.05.2026;07.10.2026
43590;Sperrmüll;01.01.2026;31.12.2026;Justus-von-Liebig-Str.;Dransdorf;53121;;;;;;;BNC;Dransdorf1;BN;Bonn-Nord;B;Bonn;09.02.2026;27.05.2026;07.10.2026
7812;Sperrmüll;01.01.2026;31.12.2026;Klara-M.-Faßbinder-Str.;Dransdorf;53121;2;9998;1;9999;;;BNC;Dransdorf1;BN;Bonn-Nord;B;Bonn;26.01.2026;12.05.2026;21.09.2026
7446;Sperrmüll;01.01.2026;31.12.2026;Kleine Str.;Dransdorf;53121;2;9998;1;9999;;;BNC;Dransdorf1;BN;Bonn-Nord;B;Bonn;26.01.2026;12.05.2026;21.09.2026
7827;Sperrmüll;01.01.2026;31.12.2026;Kleingartenstr.;Dransdorf;53121;2;9998;1;9999;;;BNC;Dransdorf1;BN;Bonn-Nord;B;Bonn;26.01.2026;12.05.2026;21.09.2026
8022;Sperrmüll;01.01.2026;31.12.2026;Kolpingstr.;Dransdorf;53121;2;9998;1;9999;;;BNC;Dransdorf1;BN;Bonn-Nord;B;Bonn;09.02.2026;27.05.2026;07.10.2026
8129;Sperrmüll;01.01.2026;31.12.2026;Lambertusweg;Dransdorf;53121;2;9998;1;9999;;;BNC;Dransdorf1;BN;Bonn-Nord;B;Bonn;09.02.2026;27.05.2026;07.10.2026
6174;Sperrmüll;01.01.2026;31.12.2026;Lenaustr.;Dransdorf;53121;2;9998;1;9999;;;BNC;Dransdorf1;BN;Bonn-Nord;B;Bonn;26.01.2026;12.05.2026;21.09.2026
6575;Sperrmüll;01.01.2026;31.12.2026;Maximilian-Kolbe-Brücke;Dransdorf;53119;2;9998;1;9999;;;BNC;Dransdorf1;BN;Bonn-Nord;B;Bonn;26.01.2026;12.05.2026;21.09.2026
41804;Sperrmüll;01.01.2026;31.12.2026;Meßdorfer Str.;Dransdorf;53121;2;80;1;109;;Alftererstr - Martin-Legrosstr;BNC;Dransdorf1;BN;Bonn-Nord;B;Bonn;10.02.2026;01.06.2026;09.10.2026
41819;Sperrmüll;01.01.2026;31.12.2026;Meßdorfer Str.;Dransdorf;53123;200;254;163;189;;Gielsdorferstr - Im Brocken;BNC;Dransdorf1;BN;Bonn-Nord;B;Bonn;10.02.2026;01.06.2026;09.10.2026
41834;Sperrmüll;01.01.2026;31.12.2026;Meßdorfer Str.;Dransdorf;53123;;;;;;;BNC;Dransdorf1;BN;Bonn-Nord;B;Bonn;10.02.2026;01.06.2026;09.10.2026
41849;Sperrmüll;01.01.2026;31.12.2026;Meßdorfer Str.;Dransdorf;53123;256;9998;191;9999;;Im Brocken - Bahnhofstr;BNC;Dransdorf1;BN;Bonn-Nord;B;Bonn;10.02.2026;01.06.2026;09.10.2026
41864;Sperrmüll;01.01.2026;31.12.2026;Meßdorfer Str.;Dransdorf;53123;82;198;111;161;151, 153;Martin-Legrosstr-Gielsdorferst;BNC;Dransdorf1;BN;Bonn-Nord;B;Bonn;10.02.2026;01.06.2026;09.10.2026
9506;Sperrmüll;01.01.2026;31.12.2026;Mörikestr.;Dransdorf;53121;2;9998;1;9999;;;BNC;Dransdorf1;BN;Bonn-Nord;B;Bonn;26.01.2026;12.05.2026;21.09.2026
10091;Sperrmüll;01.01.2026;31.12.2026;Pfarrer-Schneider-Str.;Dransdorf;53121;2;9998;1;9999;;;BNC;Dransdorf1;BN;Bonn-Nord;B;Bonn;26.01.2026;12.05.2026;21.09.2026
11039;Sperrmüll;01.01.2026;31.12.2026;Robert-Kirchhoff-Str.;Dransdorf;53121;2;9998;1;9999;;;BNC;Dransdorf1;BN;Bonn-Nord;B;Bonn;09.02.2026;27.05.2026;07.10.2026
11295;Sperrmüll;01.01.2026;31.12.2026;Roisdorfer Weg;Dransdorf;53121;2;9998;1;9999;;;BNC;Dransdorf1;BN;Bonn-Nord;B;Bonn;09.02.2026;27.05.2026;07.10.2026
11250;Sperrmüll;01.01.2026;31.12.2026;Römerweg;Dransdorf;53121;2;34;1;15;;Kettelerpl-Justus-von-Liebigst;BNC;Dransdorf1;BN;Bonn-Nord;B;Bonn;09.02.2026;27.05.2026;07.10.2026
11265;Sperrmüll;01.01.2026;31.12.2026;Römerweg;Dransdorf;53121;36;9998;17;9999;;Justus-von-Liebigstr - Ende;BNC;Dransdorf1;BN;Bonn-Nord;B;Bonn;09.02.2026;27.05.2026;07.10.2026
11829;Sperrmüll;01.01.2026;31.12.2026;Saime-Genc-Ring;Dransdorf;53121;2;9998;1;9999;;;BNC;Dransdorf1;BN;Bonn-Nord;B;Bonn;26.01.2026;12.05.2026;21.09.2026
2091;Sperrmüll;01.01.2026;31.12.2026;Siemensstr.;Dransdorf;53121;2;106;1;151;;Am Propsthof - Auf dem Hügel;BNC;Dransdorf1;BN;Bonn-Nord;B;Bonn;09.02.2026;27.05.2026;07.10.2026
2111;Sperrmüll;01.01.2026;31.12.2026;Siemensstr.;Dransdorf;53121;108;208;153;211;;A.d.Hügel - A.d.Dransd.Burg;BNC;Dransdorf1;BN;Bonn-Nord;B;Bonn;09.02.2026;27.05.2026;07.10.2026
2131;Sperrmüll;01.01.2026;31.12.2026;Siemensstr.;Dransdorf;53121;210;9998;213;9999;;A.d.Dransdorfer Burg-Grootestr;BNC;Dransdorf1;BN;Bonn-Nord;B;Bonn;09.02.2026;27.05.2026;07.10.2026
44362;Sperrmüll;01.01.2026;31.12.2026;Vili-Viorel-Paun-Platz;Dransdorf;53121;2;9998;1;9999;;;BHA;Endenich;BH;Hardtberg;B;Bonn;09.02.2026;27.05.2026;07.10.2026
13029;Sperrmüll;01.01.2026;31.12.2026;Vorgebirgsbahnweg;Dransdorf;53121;2;9998;1;9999;;;BNC;Dransdorf1;BN;Bonn-Nord;B;Bonn;09.02.2026;27.05.2026;07.10.2026
13634;Sperrmüll;01.01.2026;31.12.2026;Wolfgang-Paul-Str.;Dransdorf;53121;2;9998;1;9999;;;BNC;Dransdorf1;BN;Bonn-Nord;B;Bonn;26.01.2026;12.05.2026;21.09.2026
41924;Sperrmüll;01.01.2026;31.12.2026;Am Dörnchen;Dransdorf (HA);53121;2;9998;1;9999;;;BNH;Dransdorf2;BN;Bonn-Nord;B;Bonn;09.02.2026;27.05.2026;07.10.2026
41684;Sperrmüll;01.01.2026;31.12.2026;An der alten Stadtgärtnerei;Dransdorf (HA);53121;2;9998;1;9999;;;BNH;Dransdorf2;BN;Bonn-Nord;B;Bonn;09.02.2026;27.05.2026;07.10.2026
42134;Sperrmüll;01.01.2026;31.12.2026;An der Dransdorfer Mühle;Dransdorf (HA);53121;2;9998;1;9999;;;BNH;Dransdorf2;BN;Bonn-Nord;B;Bonn;09.02.2026;27.05.2026;07.10.2026
41394;Sperrmüll;01.01.2026;31.12.2026;Auf dem Tonnenpfad;Dransdorf (HA);53123;2;9998;1;9999;;;BNH;Dransdorf2;BN;Bonn-Nord;B;Bonn;10.02.2026;01.06.2026;09.10.2026
36614;Sperrmüll;01.01.2026;31.12.2026;Alte Str.;Duisdorf;53123;2;9998;1;9999;;;BHG;Duisdorf;BH;Hardtberg;B;Bonn;11.02.2026;02.06.2026;08.10.2026
36569;Sperrmüll;01.01.2026;31.12.2026;Alter Heerweg;Duisdorf;53123;2;20;1;37;;Rochusstr - Bahnhofstr;BHG;Duisdorf;BH;Hardtberg;B;Bonn;11.02.2026;02.06.2026;08.10.2026
36584;Sperrmüll;01.01.2026;31.12.2026;Alter Heerweg;Duisdorf;53123;22;62;39;71;;Bahnhofstr - Roncallistr;BHG;Duisdorf;BH;Hardtberg;B;Bonn;10.02.2026;01.06.2026;09.10.2026
36599;Sperrmüll;01.01.2026;31.12.2026;Alter Heerweg;Duisdorf;53123;64;9998;73;9999;;Roncallistr - Bonner Logsweg;BHG;Duisdorf;BH;Hardtberg;B;Bonn;10.02.2026;01.06.2026;09.10.2026
38654;Sperrmüll;01.01.2026;31.12.2026;Alter Römerweg;Duisdorf;53123;2;9998;1;9999;;;BHG;Duisdorf;BH;Hardtberg;B;Bonn;19.02.2026;08.06.2026;13.10.2026
37414;Sperrmüll;01.01.2026;31.12.2026;Am Bruch;Duisdorf;53123;2;9998;1;9999;;;BHG;Duisdorf;BH;Hardtberg;B;Bonn;10.02.2026;01.06.2026;09.10.2026
36904;Sperrmüll;01.01.2026;31.12.2026;Am Burgweiher;Duisdorf;53123;16;54;29;61;53, 53A;Lessenicherstr - Bahnhofstr;BHG;Duisdorf;BH;Hardtberg;B;Bonn;11.02.2026;02.06.2026;08.10.2026
36919;Sperrmüll;01.01.2026;31.12.2026;Am Burgweiher;Duisdorf;53123;;;;;;;BHG;Duisdorf;BH;Hardtberg;B;Bonn;11.02.2026;02.06.2026;08.10.2026
36934;Sperrmüll;01.01.2026;31.12.2026;Am Burgweiher;Duisdorf;53123;56;9998;63;9999;;Bahnhofstr - Im Mühlenfeld;BHG;Duisdorf;BH;Hardtberg;B;Bonn;11.02.2026;02.06.2026;08.10.2026
42776;Sperrmüll;01.01.2026;31.12.2026;Am Burgweiher;Duisdorf;53123;2;14;1;27;;Rochusstr - Lessenicherstr;BHG;Duisdorf;BH;Hardtberg;B;Bonn;11.02.2026;02.06.2026;08.10.2026
37384;Sperrmüll;01.01.2026;31.12.2026;Am Dichbach;Duisdorf;53123;2;9998;1;9999;;;BHG;Duisdorf;BH;Hardtberg;B;Bonn;11.02.2026;02.06.2026;08.10.2026
36649;Sperrmüll;01.01.2026;31.12.2026;Am Schickshof;Duisdorf;53123;2;9998;1;9999;;;BHG;Duisdorf;BH;Hardtberg;B;Bonn;11.02.2026;02.06.2026;08.10.2026
37399;Sperrmüll;01.01.2026;31.12.2026;Am Sennertspfad;Duisdorf;53123;2;9998;1;9999;;;BHG;Duisdorf;BH;Hardtberg;B;Bonn;11.02.2026;02.06.2026;08.10.2026
37624;Sperrmüll;01.01.2026;31.12.2026;Am Wesselpütz;Duisdorf;53123;2;9998;1;9999;;;BHG;Duisdorf;BH;Hardtberg;B;Bonn;11.02.2026;02.06.2026;08.10.2026
37864;Sperrmüll;01.01.2026;31.12.2026;An der Burg Medinghoven;Duisdorf;53123;2;9998;1;9999;;;BHG;Duisdorf;BH;Hardtberg;B;Bonn;19.02.2026;08.06.2026;13.10.2026
38199;Sperrmüll;01.01.2026;31.12.2026;An der Kurfürstenquelle;Duisdorf;53123;2;9998;1;9999;;;BHG;Duisdorf;BH;Hardtberg;B;Bonn;11.02.2026;02.06.2026;08.10.2026
37879;Sperrmüll;01.01.2026;31.12.2026;Anton-Mai-Str.;Duisdorf;53123;2;9998;1;9999;;;BHG;Duisdorf;BH;Hardtberg;B;Bonn;19.02.2026;08.06.2026;13.10.2026
41379;Sperrmüll;01.01.2026;31.12.2026;Auf der Erk;Duisdorf;53123;2;9998;1;9999;;;BHG;Duisdorf;BH;Hardtberg;B;Bonn;10.02.2026;01.06.2026;09.10.2026
37429;Sperrmüll;01.01.2026;31.12.2026;Auf der Urdel;Duisdorf;53123;2;9998;1;9999;;;BHG;Duisdorf;BH;Hardtberg;B;Bonn;11.02.2026;02.06.2026;08.10.2026
40694;Sperrmüll;01.01.2026;31.12.2026;Augustinusstr.;Duisdorf;53123;2;9998;1;9999;;;BHG;Duisdorf;BH;Hardtberg;B;Bonn;23.02.2026;10.06.2026;15.10.2026
36724;Sperrmüll;01.01.2026;31.12.2026;Bahnhofstr.;Duisdorf;53123;2;8;3;11;;Rochusstr - Am Burgweiher;BHG;Duisdorf;BH;Hardtberg;B;Bonn;11.02.2026;02.06.2026;08.10.2026
36739;Sperrmüll;01.01.2026;31.12.2026;Bahnhofstr.;Duisdorf;53123;10;32;13;33;;Am Burgweiher - Bundesbahn;BHG;Duisdorf;BH;Hardtberg;B;Bonn;11.02.2026;02.06.2026;08.10.2026
36754;Sperrmüll;01.01.2026;31.12.2026;Bahnhofstr.;Duisdorf;53123;62;9998;99;9999;;Alter Heerweg - Meßdorferstr;BHG;Duisdorf;BH;Hardtberg;B;Bonn;11.02.2026;02.06.2026;08.10.2026
36769;Sperrmüll;01.01.2026;31.12.2026;Bahnhofstr.;Duisdorf;53123;34;60;35;97;;Bundesbahn - Alter Heerweg;BHG;Duisdorf;BH;Hardtberg;B;Bonn;11.02.2026;02.06.2026;08.10.2026
41269;Sperrmüll;01.01.2026;31.12.2026;Basketsring;Duisdorf;53123;2;9998;1;9999;;;BHG;Duisdorf;BH;Hardtberg;B;Bonn;23.02.2026;10.06.2026;15.10.2026
36784;Sperrmüll;01.01.2026;31.12.2026;Beckstr.;Duisdorf;53123;2;9998;1;9999;;;BHG;Duisdorf;BH;Hardtberg;B;Bonn;23.02.2026;10.06.2026;15.10.2026
38639;Sperrmüll;01.01.2026;31.12.2026;Billrothstr.;Duisdorf;53123;2;9998;1;9999;;;BHG;Duisdorf;BH;Hardtberg;B;Bonn;18.02.2026;03.06.2026;12.10.2026
38994;Sperrmüll;01.01.2026;31.12.2026;Blaumeisenweg;Duisdorf;53123;2;9998;1;9999;;;BHG;Duisdorf;BH;Hardtberg;B;Bonn;18.02.2026;03.06.2026;12.10.2026
37759;Sperrmüll;01.01.2026;31.12.2026;Briandstr.;Duisdorf;53123;2;9998;1;9999;;;BHG;Duisdorf;BH;Hardtberg;B;Bonn;19.02.2026;08.06.2026;13.10.2026
36874;Sperrmüll;01.01.2026;31.12.2026;Brunnenstr.;Duisdorf;53123;2;9998;1;9999;;;BHG;Duisdorf;BH;Hardtberg;B;Bonn;11.02.2026;02.06.2026;08.10.2026
37054;Sperrmüll;01.01.2026;31.12.2026;Buchfinkenweg;Duisdorf;53123;2;9998;1;9999;;;BHG;Duisdorf;BH;Hardtberg;B;Bonn;18.02.2026;03.06.2026;12.10.2026
36694;Sperrmüll;01.01.2026;31.12.2026;Buntspechtweg;Duisdorf;53123;2;9998;1;9999;;;BHG;Duisdorf;BH;Hardtberg;B;Bonn;18.02.2026;03.06.2026;12.10.2026
36949;Sperrmüll;01.01.2026;31.12.2026;Buschackerweg;Duisdorf;53123;2;9998;1;9999;;;BHG;Duisdorf;BH;Hardtberg;B;Bonn;19.02.2026;08.06.2026;13.10.2026
38094;Sperrmüll;01.01.2026;31.12.2026;Carl-Schurz-Str.;Duisdorf;53123;2;9998;1;9999;;;BHG;Duisdorf;BH;Hardtberg;B;Bonn;18.02.2026;03.06.2026;12.10.2026
37579;Sperrmüll;01.01.2026;31.12.2026;Clara-Viebig-Str.;Duisdorf;53123;2;9998;1;9999;;;BHG;Duisdorf;BH;Hardtberg;B;Bonn;10.02.2026;01.06.2026;09.10.2026
37744;Sperrmüll;01.01.2026;31.12.2026;Dachsweg;Duisdorf;53125;2;9998;1;9999;;;BHG;Duisdorf;BH;Hardtberg;B;Bonn;19.02.2026;08.06.2026;13.10.2026
37974;Sperrmüll;01.01.2026;31.12.2026;De-Gasperi-Str.;Duisdorf;53123;2;9998;1;9999;;;BHG;Duisdorf;BH;Hardtberg;B;Bonn;19.02.2026;08.06.2026;13.10.2026
36979;Sperrmüll;01.01.2026;31.12.2026;Delpstr.;Duisdorf;53123;2;9998;1;9999;;;BHG;Duisdorf;BH;Hardtberg;B;Bonn;23.02.2026;10.06.2026;15.10.2026
34691;Sperrmüll;01.01.2026;31.12.2026;Derlestr.;Duisdorf;53123;2;40;;;;Am Burgweiher -Kon.Adenauer D.;BHG;Duisdorf;BH;Hardtberg;B;Bonn;11.02.2026;02.06.2026;08.10.2026
34711;Sperrmüll;01.01.2026;31.12.2026;Derlestr.;Duisdorf;53123;42;9998;;;;Ko.Adenauer D - Wesselh.Weg;BHG;Duisdorf;BH;Hardtberg;B;Bonn;19.02.2026;08.06.2026;13.10.2026
37009;Sperrmüll;01.01.2026;31.12.2026;Distelfinkweg;Duisdorf;53123;2;9998;1;9999;;;BHG;Duisdorf;BH;Hardtberg;B;Bonn;18.02.2026;03.06.2026;12.10.2026
37024;Sperrmüll;01.01.2026;31.12.2026;Edith-Stein-Anlage;Duisdorf;53123;2;9998;1;9999;;;BHG;Duisdorf;BH;Hardtberg;B;Bonn;23.02.2026;10.06.2026;15.10.2026
37699;Sperrmüll;01.01.2026;31.12.2026;Eichhörnchenweg;Duisdorf;53125;2;9998;1;9999;;;BHG;Duisdorf;BH;Hardtberg;B;Bonn;19.02.2026;08.06.2026;13.10.2026
37714;Sperrmüll;01.01.2026;31.12.2026;Einsteinstr.;Duisdorf;53123;2;9998;1;9999;6, 8;;BHG;Duisdorf;BH;Hardtberg;B;Bonn;18.02.2026;03.06.2026;12.10.2026
37729;Sperrmüll;01.01.2026;31.12.2026;Einsteinstr.;Duisdorf;53123;;;;;;;BHG;Duisdorf;BH;Hardtberg;B;Bonn;18.02.2026;03.06.2026;12.10.2026
36964;Sperrmüll;01.01.2026;31.12.2026;Ettighofferstr.;Duisdorf;53123;2;9998;1;9999;;;BHG;Duisdorf;BH;Hardtberg;B;Bonn;18.02.2026;03.06.2026;12.10.2026
37774;Sperrmüll;01.01.2026;31.12.2026;Europaring;Duisdorf;53123;2;52;1;63;;Derlestr - Briandstr;BHG;Duisdorf;BH;Hardtberg;B;Bonn;19.02.2026;08.06.2026;13.10.2026
37789;Sperrmüll;01.01.2026;31.12.2026;Europaring;Duisdorf;53123;54;78;65;169;;Stresemannstr - K.Adenauer.D;BHG;Duisdorf;BH;Hardtberg;B;Bonn;19.02.2026;08.06.2026;13.10.2026
37804;Sperrmüll;01.01.2026;31.12.2026;Europaring;Duisdorf;53123;80;88;;;;Sackgasse (K.Adenauer.A.);BHG;Duisdorf;BH;Hardtberg;B;Bonn;19.02.2026;08.06.2026;13.10.2026
37819;Sperrmüll;01.01.2026;31.12.2026;Europaring;Duisdorf;53123;90;9998;171;9999;;Sackgasse;BHG;Duisdorf;BH;Hardtberg;B;Bonn;19.02.2026;08.06.2026;13.10.2026
41639;Sperrmüll;01.01.2026;31.12.2026;Ferdinand-Porsche-Str.;Duisdorf;53123;2;9998;1;9999;;;BHG;Duisdorf;BH;Hardtberg;B;Bonn;10.02.2026;01.06.2026;09.10.2026
37039;Sperrmüll;01.01.2026;31.12.2026;Finkenhof;Duisdorf;53123;2;9998;1;9999;;;BHG;Duisdorf;BH;Hardtberg;B;Bonn;23.02.2026;10.06.2026;15.10.2026
38484;Sperrmüll;01.01.2026;31.12.2026;Flemingstr.;Duisdorf;53123;2;9998;1;9999;;;BHG;Duisdorf;BH;Hardtberg;B;Bonn;18.02.2026;03.06.2026;12.10.2026
37069;Sperrmüll;01.01.2026;31.12.2026;Fontainengraben;Duisdorf;53123;2;148;1;9999;;Villemomblerstr - Verteidigung;BHG;Duisdorf;BH;Hardtberg;B;Bonn;18.02.2026;03.06.2026;12.10.2026
37084;Sperrmüll;01.01.2026;31.12.2026;Fontainengraben;Duisdorf;53123;150;9998;;;;Verteidigung;BHG;Duisdorf;BH;Hardtberg;B;Bonn;18.02.2026;03.06.2026;12.10.2026
38824;Sperrmüll;01.01.2026;31.12.2026;Freiligrathstr.;Duisdorf;53123;2;9998;1;9999;;;BHG;Duisdorf;BH;Hardtberg;B;Bonn;18.02.2026;03.06.2026;12.10.2026
43198;Sperrmüll;01.01.2026;31.12.2026;Fritz-Bauer-Str.;Duisdorf;53123;2;9998;1;9999;;;BHG;Duisdorf;BH;Hardtberg;B;Bonn;23.02.2026;10.06.2026;15.10.2026
37654;Sperrmüll;01.01.2026;31.12.2026;Fuchsweg;Duisdorf;53125;2;9998;1;9999;;;BHG;Duisdorf;BH;Hardtberg;B;Bonn;19.02.2026;08.06.2026;13.10.2026
36679;Sperrmüll;01.01.2026;31.12.2026;Gellertstr.;Duisdorf;53123;2;9998;1;9999;;;BHG;Duisdorf;BH;Hardtberg;B;Bonn;18.02.2026;03.06.2026;12.10.2026
37303;Sperrmüll;01.01.2026;31.12.2026;Gerberaweg;Duisdorf;53123;2;9998;1;9999;;;BHG;Duisdorf;BH;Hardtberg;B;Bonn;10.02.2026;01.06.2026;09.10.2026
36829;Sperrmüll;01.01.2026;31.12.2026;Geschwister-Scholl-Str.;Duisdorf;53123;2;9998;1;9999;;;BHG;Duisdorf;BH;Hardtberg;B;Bonn;23.02.2026;10.06.2026;15.10.2026
37114;Sperrmüll;01.01.2026;31.12.2026;Goerdelerstr.;Duisdorf;53123;2;9998;1;9999;;;BHG;Duisdorf;BH;Hardtberg;B;Bonn;23.02.2026;10.06.2026;15.10.2026
37129;Sperrmüll;01.01.2026;31.12.2026;Gottfried-Kinkel-Str.;Duisdorf;53123;2;9998;1;9999;;;BHG;Duisdorf;BH;Hardtberg;B;Bonn;18.02.2026;03.06.2026;12.10.2026
36664;Sperrmüll;01.01.2026;31.12.2026;Grasmückenweg;Duisdorf;53123;2;9998;1;9999;;;BHG;Duisdorf;BH;Hardtberg;B;Bonn;18.02.2026;03.06.2026;12.10.2026
37144;Sperrmüll;01.01.2026;31.12.2026;Grimmgasse;Duisdorf;53123;2;30;1;29;;Altestr - Am Wesselpütz;BHG;Duisdorf;BH;Hardtberg;B;Bonn;11.02.2026;02.06.2026;08.10.2026
42584;Sperrmüll;01.01.2026;31.12.2026;Grimmgasse;Duisdorf;53123;32;9998;31;9999;;Am Wesselpütz - Sackgasse;BHG;Duisdorf;BH;Hardtberg;B;Bonn;11.02.2026;02.06.2026;08.10.2026
37639;Sperrmüll;01.01.2026;31.12.2026;Gutenbergstr.;Duisdorf;53123;2;9998;1;9999;;;BHG;Duisdorf;BH;Hardtberg;B;Bonn;23.02.2026;10.06.2026;15.10.2026
37669;Sperrmüll;01.01.2026;31.12.2026;Hasenweg;Duisdorf;53125;2;9998;1;9999;;;BHG;Duisdorf;BH;Hardtberg;B;Bonn;19.02.2026;08.06.2026;13.10.2026
38274;Sperrmüll;01.01.2026;31.12.2026;Haubenlerchenweg;Duisdorf;53123;2;9998;1;9999;;;BHG;Duisdorf;BH;Hardtberg;B;Bonn;18.02.2026;03.06.2026;12.10.2026
37834;Sperrmüll;01.01.2026;31.12.2026;Heilsbachstr.;Duisdorf;53123;2;4;;;;Derlestr - Witterschlickerstr;BHG;Duisdorf;BH;Hardtberg;B;Bonn;11.02.2026;02.06.2026;08.10.2026
37849;Sperrmüll;01.01.2026;31.12.2026;Heilsbachstr.;Duisdorf;53123;6;9998;1;9999;;Witterschlickerstr-R.Schickele;BHG;Duisdorf;BH;Hardtberg;B;Bonn;19.02.2026;08.06.2026;13.10.2026
37989;Sperrmüll;01.01.2026;31.12.2026;Helmholtzstr.;Duisdorf;53123;2;18;1;13;;Rochusstr - Buchfinkenweg;BHG;Duisdorf;BH;Hardtberg;B;Bonn;18.02.2026;03.06.2026;12.10.2026
38004;Sperrmüll;01.01.2026;31.12.2026;Helmholtzstr.;Duisdorf;53123;20;38;;;;Sackgasse;BHG;Duisdorf;BH;Hardtberg;B;Bonn;18.02.2026;03.06.2026;12.10.2026
38019;Sperrmüll;01.01.2026;31.12.2026;Helmholtzstr.;Duisdorf;53123;40;9998;15;9999;;Buchfinkenweg - Maarweg;BHG;Duisdorf;BH;Hardtberg;B;Bonn;18.02.2026;03.06.2026;12.10.2026
38624;Sperrmüll;01.01.2026;31.12.2026;Henri-Spaak-Str.;Duisdorf;53123;2;9998;1;9999;;;BHG;Duisdorf;BH;Hardtberg;B;Bonn;19.02.2026;08.06.2026;13.10.2026
38034;Sperrmüll;01.01.2026;31.12.2026;Hinter Aue;Duisdorf;53123;2;9998;1;9999;;;BHG;Duisdorf;BH;Hardtberg;B;Bonn;18.02.2026;03.06.2026;12.10.2026
39024;Sperrmüll;01.01.2026;31.12.2026;Hüttenweg;Duisdorf;53123;2;9998;1;9999;;;BHG;Duisdorf;BH;Hardtberg;B;Bonn;18.02.2026;03.06.2026;12.10.2026
37684;Sperrmüll;01.01.2026;31.12.2026;Igelweg;Duisdorf;53125;2;9998;1;9999;;;BHG;Duisdorf;BH;Hardtberg;B;Bonn;19.02.2026;08.06.2026;13.10.2026
39039;Sperrmüll;01.01.2026;31.12.2026;Iltisweg;Duisdorf;53125;2;9998;1;9999;;;BHG;Duisdorf;BH;Hardtberg;B;Bonn;19.02.2026;08.06.2026;13.10.2026
37334;Sperrmüll;01.01.2026;31.12.2026;Im Ahlgasserfeld;Duisdorf;53123;2;9998;1;9999;;;BHG;Duisdorf;BH;Hardtberg;B;Bonn;11.02.2026;02.06.2026;08.10.2026
37273;Sperrmüll;01.01.2026;31.12.2026;Im Burgacker;Duisdorf;53123;2;9998;1;9999;;;BHG;Duisdorf;BH;Hardtberg;B;Bonn;11.02.2026;02.06.2026;08.10.2026
37349;Sperrmüll;01.01.2026;31.12.2026;Im Göseler;Duisdorf;53123;2;9998;1;9999;;;BHG;Duisdorf;BH;Hardtberg;B;Bonn;11.02.2026;02.06.2026;08.10.2026
37444;Sperrmüll;01.01.2026;31.12.2026;Im grünen Winkel;Duisdorf;53123;2;9998;1;9999;;;BHG;Duisdorf;BH;Hardtberg;B;Bonn;10.02.2026;01.06.2026;09.10.2026
38049;Sperrmüll;01.01.2026;31.12.2026;Im Mühlenfeld;Duisdorf;53123;2;9998;1;9999;;;BHG;Duisdorf;BH;Hardtberg;B;Bonn;11.02.2026;02.06.2026;08.10.2026
36709;Sperrmüll;01.01.2026;31.12.2026;In der Dehlen;Duisdorf;53125;2;9998;1;9999;;;BHG;Duisdorf;BH;Hardtberg;B;Bonn;20.02.2026;09.06.2026;14.10.2026
38064;Sperrmüll;01.01.2026;31.12.2026;Johanna-Kirchner-Str.;Duisdorf;53123;2;9998;1;9999;;;BHG;Duisdorf;BH;Hardtberg;B;Bonn;23.02.2026;10.06.2026;15.10.2026
37204;Sperrmüll;01.01.2026;31.12.2026;Josef-Böcker-Str.;Duisdorf;53123;2;9998;1;9999;;;BHG;Duisdorf;BH;Hardtberg;B;Bonn;19.02.2026;08.06.2026;13.10.2026
40199;Sperrmüll;01.01.2026;31.12.2026;Josef-Wirmer-Str.;Duisdorf;53123;2;9998;1;9999;;;BHG;Duisdorf;BH;Hardtberg;B;Bonn;23.02.2026;10.06.2026;15.10.2026
44032;Sperrmüll;01.01.2026;31.12.2026;Julius-Leber-Str.;Duisdorf;53123;6;9998;1;9999;;Auf dem Kirchbüschel - Leuschn;BHG;Duisdorf;BH;Hardtberg;B;Bonn;23.02.2026;10.06.2026;15.10.2026
44137;Sperrmüll;01.01.2026;31.12.2026;Julius-Leber-Str.;Duisdorf;53123;2;4;;;;Auf dem Kirchbüschel - Leuschn;BHG;Duisdorf;BH;Hardtberg;B;Bonn;23.02.2026;10.06.2026;15.10.2026
36844;Sperrmüll;01.01.2026;31.12.2026;Kannheideweg;Duisdorf;53123;2;9998;1;9999;;;BHG;Duisdorf;BH;Hardtberg;B;Bonn;19.02.2026;08.06.2026;13.10.2026
38079;Sperrmüll;01.01.2026;31.12.2026;Karl-Leisner-Str.;Duisdorf;53123;2;9998;1;9999;;;BHG;Duisdorf;BH;Hardtberg;B;Bonn;23.02.2026;10.06.2026;15.10.2026
38394;Sperrmüll;01.01.2026;31.12.2026;Katharinenstr.;Duisdorf;53123;2;9998;1;9999;;;BHG;Duisdorf;BH;Hardtberg;B;Bonn;11.02.2026;02.06.2026;08.10.2026
38124;Sperrmüll;01.01.2026;31.12.2026;Kirchplatz;Duisdorf;53123;2;9998;1;9999;;;BHG;Duisdorf;BH;Hardtberg;B;Bonn;11.02.2026;02.06.2026;08.10.2026
38139;Sperrmüll;01.01.2026;31.12.2026;Kirchweg;Duisdorf;53123;2;9998;1;9999;;;BHG;Duisdorf;BH;Hardtberg;B;Bonn;11.02.2026;02.06.2026;08.10.2026
37288;Sperrmüll;01.01.2026;31.12.2026;Klarastr.;Duisdorf;53123;2;9998;1;9999;;;BHG;Duisdorf;BH;Hardtberg;B;Bonn;11.02.2026;02.06.2026;08.10.2026
38154;Sperrmüll;01.01.2026;31.12.2026;Klosterstr.;Duisdorf;53123;2;8;1;15;;Villemomblerstr - Königsb.Weg;BHG;Duisdorf;BH;Hardtberg;B;Bonn;18.02.2026;03.06.2026;12.10.2026
38169;Sperrmüll;01.01.2026;31.12.2026;Klosterstr.;Duisdorf;53123;10;9998;17;9999;;Königsbergerweg - Weißstr;BHG;Duisdorf;BH;Hardtberg;B;Bonn;18.02.2026;03.06.2026;12.10.2026
38184;Sperrmüll;01.01.2026;31.12.2026;Königsberger Weg;Duisdorf;53123;2;9998;1;9999;;;BHG;Duisdorf;BH;Hardtberg;B;Bonn;18.02.2026;03.06.2026;12.10.2026
37914;Sperrmüll;01.01.2026;31.12.2026;Konrad-Adenauer-Damm;Duisdorf;53123;2;9998;1;9999;;;BHG;Duisdorf;BH;Hardtberg;B;Bonn;19.02.2026;08.06.2026;13.10.2026
37099;Sperrmüll;01.01.2026;31.12.2026;Köslinstr.;Duisdorf;53123;2;9998;1;9999;;;BHG;Duisdorf;BH;Hardtberg;B;Bonn;18.02.2026;03.06.2026;12.10.2026
36554;Sperrmüll;01.01.2026;31.12.2026;Kragstr.;Duisdorf;53123;2;9998;1;9999;;;BHG;Duisdorf;BH;Hardtberg;B;Bonn;19.02.2026;08.06.2026;13.10.2026
38109;Sperrmüll;01.01.2026;31.12.2026;Kuckucksweg;Duisdorf;53123;2;9998;1;9999;;;BHG;Duisdorf;BH;Hardtberg;B;Bonn;18.02.2026;03.06.2026;12.10.2026
36859;Sperrmüll;01.01.2026;31.12.2026;Küstriner Str.;Duisdorf;53123;2;9998;1;9999;;;BHG;Duisdorf;BH;Hardtberg;B;Bonn;18.02.2026;03.06.2026;12.10.2026
38409;Sperrmüll;01.01.2026;31.12.2026;Ladestr.;Duisdorf;53123;2;9998;1;9999;;;BHG;Duisdorf;BH;Hardtberg;B;Bonn;11.02.2026;02.06.2026;08.10.2026
38289;Sperrmüll;01.01.2026;31.12.2026;Lessenicher Str.;Duisdorf;53123;;;1;9;;Rochusstr - Am Burgweiher;BHG;Duisdorf;BH;Hardtberg;B;Bonn;11.02.2026;02.06.2026;08.10.2026
38304;Sperrmüll;01.01.2026;31.12.2026;Lessenicher Str.;Duisdorf;53123;16;9998;25;9999;;Bahn - Orchideenweg;BHG;Duisdorf;BH;Hardtberg;B;Bonn;10.02.2026;01.06.2026;09.10.2026
38319;Sperrmüll;01.01.2026;31.12.2026;Lessenicher Str.;Duisdorf;53123;2;14;11;23;;Am Burgweiher - Bahn;BHG;Duisdorf;BH;Hardtberg;B;Bonn;18.02.2026;03.06.2026;12.10.2026
38334;Sperrmüll;01.01.2026;31.12.2026;Letterhausstr.;Duisdorf;53123;2;9998;1;9999;;;BHG;Duisdorf;BH;Hardtberg;B;Bonn;23.02.2026;10.06.2026;15.10.2026
38349;Sperrmüll;01.01.2026;31.12.2026;Leuschnerstr.;Duisdorf;53123;2;9998;1;9999;;;BHG;Duisdorf;BH;Hardtberg;B;Bonn;23.02.2026;10.06.2026;15.10.2026
36799;Sperrmüll;01.01.2026;31.12.2026;Lilienweg;Duisdorf;53123;2;9998;1;9999;;;BHG;Duisdorf;BH;Hardtberg;B;Bonn;11.02.2026;02.06.2026;08.10.2026
37159;Sperrmüll;01.01.2026;31.12.2026;Ludwig-Richter-Str.;Duisdorf;53123;2;9998;1;9999;3, 3A, 3B, 3C, 5, 5A, 7A, 7B, 11, 11A, 11B;;BHG;Duisdorf;BH;Hardtberg;B;Bonn;23.02.2026;10.06.2026;15.10.2026
37174;Sperrmüll;01.01.2026;31.12.2026;Ludwig-Richter-Str.;Duisdorf;53123;;;;;;;BHG;Duisdorf;BH;Hardtberg;B;Bonn;23.02.2026;10.06.2026;15.10.2026
38364;Sperrmüll;01.01.2026;31.12.2026;Maarweg;Duisdorf;53123;2;24;1;23;;Rochusstr - Buchfinkenweg;BHG;Duisdorf;BH;Hardtberg;B;Bonn;18.02.2026;03.06.2026;12.10.2026
38379;Sperrmüll;01.01.2026;31.12.2026;Maarweg;Duisdorf;53123;26;9998;25;9999;;Buchfinkenweg - Ende;BHG;Duisdorf;BH;Hardtberg;B;Bonn;18.02.2026;03.06.2026;12.10.2026
38794;Sperrmüll;01.01.2026;31.12.2026;Matthäistr.;Duisdorf;53123;2;14;1;15;;Ab Schieffelingsweg;BHG;Duisdorf;BH;Hardtberg;B;Bonn;23.02.2026;10.06.2026;15.10.2026
38809;Sperrmüll;01.01.2026;31.12.2026;Matthäistr.;Duisdorf;53123;16;9998;17;9999;;Richtung Augustinusstr;BHG;Duisdorf;BH;Hardtberg;B;Bonn;23.02.2026;10.06.2026;15.10.2026
40034;Sperrmüll;01.01.2026;31.12.2026;Max-Habermann-Str.;Duisdorf;53123;2;9998;1;9999;;;BHG;Duisdorf;BH;Hardtberg;B;Bonn;23.02.2026;10.06.2026;15.10.2026
36814;Sperrmüll;01.01.2026;31.12.2026;Nelkenweg;Duisdorf;53123;2;9998;1;9999;;;BHG;Duisdorf;BH;Hardtberg;B;Bonn;11.02.2026;02.06.2026;08.10.2026
37504;Sperrmüll;01.01.2026;31.12.2026;Nonnenstrombergstr.;Duisdorf;53123;2;9998;1;9999;;;BHG;Duisdorf;BH;Hardtberg;B;Bonn;11.02.2026;02.06.2026;08.10.2026
37319;Sperrmüll;01.01.2026;31.12.2026;Orchideenweg;Duisdorf;53123;2;9998;1;9999;;;BHG;Duisdorf;BH;Hardtberg;B;Bonn;10.02.2026;01.06.2026;09.10.2026
37489;Sperrmüll;01.01.2026;31.12.2026;Ossietzkystr.;Duisdorf;53123;2;9998;1;9999;;;BHG;Duisdorf;BH;Hardtberg;B;Bonn;23.02.2026;10.06.2026;15.10.2026
37459;Sperrmüll;01.01.2026;31.12.2026;Pfarrer-Pohl-Str.;Duisdorf;53123;2;9998;1;9999;;;BHG;Duisdorf;BH;Hardtberg;B;Bonn;10.02.2026;01.06.2026;09.10.2026
37519;Sperrmüll;01.01.2026;31.12.2026;Professor-Huber-Str.;Duisdorf;53123;2;9998;1;9999;;;BHG;Duisdorf;BH;Hardtberg;B;Bonn;23.02.2026;10.06.2026;15.10.2026
37894;Sperrmüll;01.01.2026;31.12.2026;René-Schickele-Str.;Duisdorf;53123;2;9998;1;9999;;;BHG;Duisdorf;BH;Hardtberg;B;Bonn;19.02.2026;08.06.2026;13.10.2026
38469;Sperrmüll;01.01.2026;31.12.2026;Robelstr.;Duisdorf;53123;2;9998;1;9999;;;BHG;Duisdorf;BH;Hardtberg;B;Bonn;11.02.2026;02.06.2026;08.10.2026
38499;Sperrmüll;01.01.2026;31.12.2026;Rochusplatz;Duisdorf;53123;2;9998;1;9999;;;BHG;Duisdorf;BH;Hardtberg;B;Bonn;11.02.2026;02.06.2026;08.10.2026
38514;Sperrmüll;01.01.2026;31.12.2026;Rochusstr.;Duisdorf;53123;2;50;1;153;130;Provinzialstr - Villemomblersr;BHG;Duisdorf;BH;Hardtberg;B;Bonn;18.02.2026;03.06.2026;12.10.2026
38534;Sperrmüll;01.01.2026;31.12.2026;Rochusstr.;Duisdorf;53123;148;210;155;193;;Villemomblerstr. - Schmittstr;BHG;Duisdorf;BH;Hardtberg;B;Bonn;11.02.2026;02.06.2026;08.10.2026
38549;Sperrmüll;01.01.2026;31.12.2026;Rochusstr.;Duisdorf;53123;268;286;255;287;;Derlestr - Am Burgweiher;BHG;Duisdorf;BH;Hardtberg;B;Bonn;19.02.2026;08.06.2026;13.10.2026
38564;Sperrmüll;01.01.2026;31.12.2026;Rochusstr.;Duisdorf;53123;212;266;195;253;;Schmittstr. - Derlestr;BHG;Duisdorf;BH;Hardtberg;B;Bonn;11.02.2026;02.06.2026;08.10.2026
38579;Sperrmüll;01.01.2026;31.12.2026;Rochusstr.;Duisdorf;53123;;;;;;Autobahnmeisterei Duisdorf;BHG;Duisdorf;BH;Hardtberg;B;Bonn;11.02.2026;02.06.2026;08.10.2026
38594;Sperrmüll;01.01.2026;31.12.2026;Rochusstr.;Duisdorf;53123;288;9998;289;9999;400;Am Burgweiher - K.Adenauer.D;BHG;Duisdorf;BH;Hardtberg;B;Bonn;11.02.2026;02.06.2026;08.10.2026
43108;Sperrmüll;01.01.2026;31.12.2026;Rochusstr.;Duisdorf;53123;;;;;;;BHG;Duisdorf;BH;Hardtberg;B;Bonn;18.02.2026;03.06.2026;12.10.2026
44257;Sperrmüll;01.01.2026;31.12.2026;Rochusstr.;Duisdorf;53123;52;146;;;;Helmholzstr. - Maarweg;BHG;Duisdorf;BH;Hardtberg;B;Bonn;18.02.2026;03.06.2026;12.10.2026
38609;Sperrmüll;01.01.2026;31.12.2026;Rödderstr.;Duisdorf;53123;2;9998;1;9999;;;BHG;Duisdorf;BH;Hardtberg;B;Bonn;18.02.2026;03.06.2026;12.10.2026
38669;Sperrmüll;01.01.2026;31.12.2026;Rosenhain;Duisdorf;53123;2;9998;1;9999;;;BHG;Duisdorf;BH;Hardtberg;B;Bonn;11.02.2026;02.06.2026;08.10.2026
38684;Sperrmüll;01.01.2026;31.12.2026;Rudolf-Herzog-Str.;Duisdorf;53123;2;9998;1;9999;;;BHG;Duisdorf;BH;Hardtberg;B;Bonn;10.02.2026;01.06.2026;09.10.2026
38714;Sperrmüll;01.01.2026;31.12.2026;Schieffelingsweg;Duisdorf;53123;2;9998;1;9999;;;BHG;Duisdorf;BH;Hardtberg;B;Bonn;23.02.2026;10.06.2026;15.10.2026
37364;Sperrmüll;01.01.2026;31.12.2026;Schmittgasser Kirchweg;Duisdorf;53123;2;9998;1;9999;;;BHG;Duisdorf;BH;Hardtberg;B;Bonn;10.02.2026;01.06.2026;09.10.2026
38734;Sperrmüll;01.01.2026;31.12.2026;Schmittstr.;Duisdorf;53123;2;14;1;15;;Rochusstr - Weißstr;BHG;Duisdorf;BH;Hardtberg;B;Bonn;11.02.2026;02.06.2026;08.10.2026
38749;Sperrmüll;01.01.2026;31.12.2026;Schmittstr.;Duisdorf;53123;16;9998;17;9999;;Weißstr - Weierbornstr;BHG;Duisdorf;BH;Hardtberg;B;Bonn;11.02.2026;02.06.2026;08.10.2026
38764;Sperrmüll;01.01.2026;31.12.2026;Schwalbenweg;Duisdorf;53123;2;9998;1;9999;;;BHG;Duisdorf;BH;Hardtberg;B;Bonn;11.02.2026;02.06.2026;08.10.2026
38699;Sperrmüll;01.01.2026;31.12.2026;Semmelweisstr.;Duisdorf;53123;2;9998;1;9999;;;BHG;Duisdorf;BH;Hardtberg;B;Bonn;18.02.2026;03.06.2026;12.10.2026
38779;Sperrmüll;01.01.2026;31.12.2026;Steinpilzweg;Duisdorf;53123;2;9998;1;9999;;;BHG;Duisdorf;BH;Hardtberg;B;Bonn;11.02.2026;02.06.2026;08.10.2026
37929;Sperrmüll;01.01.2026;31.12.2026;Stresemannstr.;Duisdorf;53123;2;9998;1;9999;;;BHG;Duisdorf;BH;Hardtberg;B;Bonn;19.02.2026;08.06.2026;13.10.2026
40049;Sperrmüll;01.01.2026;31.12.2026;Ulrich-von-Hassell-Str.;Duisdorf;53123;2;9998;1;9999;;;BHG;Duisdorf;BH;Hardtberg;B;Bonn;23.02.2026;10.06.2026;15.10.2026
37474;Sperrmüll;01.01.2026;31.12.2026;Ursulastr.;Duisdorf;53123;2;9998;1;9999;;;BHG;Duisdorf;BH;Hardtberg;B;Bonn;11.02.2026;02.06.2026;08.10.2026
38214;Sperrmüll;01.01.2026;31.12.2026;Villemombler Str.;Duisdorf;53123;2;72;1;75;;Rochusstr - Schieffelingsweg;BHG;Duisdorf;BH;Hardtberg;B;Bonn;18.02.2026;03.06.2026;12.10.2026
38229;Sperrmüll;01.01.2026;31.12.2026;Villemombler Str.;Duisdorf;53123;74;80;77;101;;Schiffelingsweg - Autobahn;BHG;Duisdorf;BH;Hardtberg;B;Bonn;23.02.2026;10.06.2026;15.10.2026
38244;Sperrmüll;01.01.2026;31.12.2026;Villemombler Str.;Duisdorf;53127;82;192;103;175;;Autobahn - Provinzialstr;BHG;Duisdorf;BH;Hardtberg;B;Bonn;24.02.2026;11.06.2026;16.10.2026
38259;Sperrmüll;01.01.2026;31.12.2026;Villemombler Str.;Duisdorf;53127;194;9998;177;9999;;Provinzialstr - Enggasse;BHG;Duisdorf;BH;Hardtberg;B;Bonn;24.02.2026;11.06.2026;16.10.2026
38839;Sperrmüll;01.01.2026;31.12.2026;Virchowstr.;Duisdorf;53123;2;9998;1;9999;;;BHG;Duisdorf;BH;Hardtberg;B;Bonn;18.02.2026;03.06.2026;12.10.2026
37564;Sperrmüll;01.01.2026;31.12.2026;Von-Hompesch-Str.;Duisdorf;53123;2;9998;1;9999;;;BHG;Duisdorf;BH;Hardtberg;B;Bonn;19.02.2026;08.06.2026;13.10.2026
40874;Sperrmüll;01.01.2026;31.12.2026;Von-Witzleben-Str.;Duisdorf;53123;2;9998;1;9999;;;BHG;Duisdorf;BH;Hardtberg;B;Bonn;23.02.2026;10.06.2026;15.10.2026
38854;Sperrmüll;01.01.2026;31.12.2026;Weierbornstr.;Duisdorf;53123;2;44;1;31;;Rochusstr - Schmittstr;BHG;Duisdorf;BH;Hardtberg;B;Bonn;11.02.2026;02.06.2026;08.10.2026
38869;Sperrmüll;01.01.2026;31.12.2026;Weierbornstr.;Duisdorf;53123;46;9998;33;9999;;Schmittstr - Fontainengraben;BHG;Duisdorf;BH;Hardtberg;B;Bonn;11.02.2026;02.06.2026;08.10.2026
38884;Sperrmüll;01.01.2026;31.12.2026;Weiherpfad;Duisdorf;53123;2;9998;1;9999;;;BHG;Duisdorf;BH;Hardtberg;B;Bonn;11.02.2026;02.06.2026;08.10.2026
36994;Sperrmüll;01.01.2026;31.12.2026;Weilbergstr.;Duisdorf;53123;2;9998;1;9999;;;BHG;Duisdorf;BH;Hardtberg;B;Bonn;11.02.2026;02.06.2026;08.10.2026
38899;Sperrmüll;01.01.2026;31.12.2026;Weißstr.;Duisdorf;53123;2;9998;1;9999;;;BHG;Duisdorf;BH;Hardtberg;B;Bonn;18.02.2026;03.06.2026;12.10.2026
36889;Sperrmüll;01.01.2026;31.12.2026;Wesselheideweg;Duisdorf;53123;2;100;1;99;;;BHG;Duisdorf;BH;Hardtberg;B;Bonn;19.02.2026;08.06.2026;13.10.2026
43093;Sperrmüll;01.01.2026;31.12.2026;Wesselheideweg;Duisdorf;53123;102;9998;101;9999;;;BHG;Duisdorf;BH;Hardtberg;B;Bonn;19.02.2026;08.06.2026;13.10.2026
38454;Sperrmüll;01.01.2026;31.12.2026;Wieselweg;Duisdorf;53125;2;9998;1;9999;;;BHG;Duisdorf;BH;Hardtberg;B;Bonn;19.02.2026;08.06.2026;13.10.2026
38914;Sperrmüll;01.01.2026;31.12.2026;Witterschlicker Allee;Duisdorf;53125;2;100;1;101;;Witterschlick;BHG;Duisdorf;BH;Hardtberg;B;Bonn;19.02.2026;08.06.2026;13.10.2026
37609;Sperrmüll;01.01.2026;31.12.2026;Witterschlicker Str.;Duisdorf;53123;2;9998;1;9999;;;BHG;Duisdorf;BH;Hardtberg;B;Bonn;19.02.2026;08.06.2026;13.10.2026
1253;Sperrmüll;01.01.2026;31.12.2026;Albert-Schweitzer-Str.;Endenich;53115;2;9998;1;9999;;;BHA;Endenich;BH;Hardtberg;B;Bonn;03.03.2026;17.06.2026;05.11.2026
193;Sperrmüll;01.01.2026;31.12.2026;Alfred-Bucherer-Str.;Endenich;53115;2;48;1;47;;Frongasse - Endenicher-Allee;BHA;Endenich;BH;Hardtberg;B;Bonn;04.02.2026;28.05.2026;06.10.2026
208;Sperrmüll;01.01.2026;31.12.2026;Alfred-Bucherer-Str.;Endenich;53115;50;9998;49;9999;;Endenicher-Allee - Sebastianst;BHA;Endenich;BH;Hardtberg;B;Bonn;04.02.2026;28.05.2026;06.10.2026
285;Sperrmüll;01.01.2026;31.12.2026;Alte Heerstr.;Endenich;53121;2;9998;1;9999;;;BHA;Endenich;BH;Hardtberg;B;Bonn;18.02.2026;03.06.2026;12.10.2026
2252;Sperrmüll;01.01.2026;31.12.2026;Am Bleichgraben;Endenich;53121;2;9998;1;9999;;;BHA;Endenich;BH;Hardtberg;B;Bonn;04.02.2026;28.05.2026;06.10.2026
421;Sperrmüll;01.01.2026;31.12.2026;Am Burggraben;Endenich;53121;2;9998;1;9999;;;BHA;Endenich;BH;Hardtberg;B;Bonn;04.02.2026;28.05.2026;06.10.2026
1489;Sperrmüll;01.01.2026;31.12.2026;Am Cöllenhof;Endenich;53121;2;9998;1;9999;;;BHA;Endenich;BH;Hardtberg;B;Bonn;04.02.2026;28.05.2026;06.10.2026
436;Sperrmüll;01.01.2026;31.12.2026;Am Eichkamp;Endenich;53121;2;9998;1;9999;;;BHA;Endenich;BH;Hardtberg;B;Bonn;04.02.2026;28.05.2026;06.10.2026
1399;Sperrmüll;01.01.2026;31.12.2026;Am Klostergarten;Endenich;53121;2;9998;1;9999;;;BHA;Endenich;BH;Hardtberg;B;Bonn;03.03.2026;17.06.2026;05.11.2026
653;Sperrmüll;01.01.2026;31.12.2026;Am Propsthof;Endenich;53121;2;30;1;17;;Bornheimerstr - Am Dickobskr.;BHA;Endenich;BH;Hardtberg;B;Bonn;09.02.2026;27.05.2026;07.10.2026
668;Sperrmüll;01.01.2026;31.12.2026;Am Propsthof;Endenich;53121;106;9998;105;9999;;Auf dem Hügel - Ende;BHA;Endenich;BH;Hardtberg;B;Bonn;09.02.2026;27.05.2026;07.10.2026
683;Sperrmüll;01.01.2026;31.12.2026;Am Propsthof;Endenich;53121;32;104;19;103;;Am Dickobskreuz-A.d.Hügel;BHA;Endenich;BH;Hardtberg;B;Bonn;09.02.2026;27.05.2026;07.10.2026
1474;Sperrmüll;01.01.2026;31.12.2026;Am Schwanenmorgen;Endenich;53121;2;9998;1;9999;;;BHA;Endenich;BH;Hardtberg;B;Bonn;04.02.2026;28.05.2026;06.10.2026
898;Sperrmüll;01.01.2026;31.12.2026;An der Immenburg;Endenich;53121;2;9998;1;9999;;;BHA;Endenich;BH;Hardtberg;B;Bonn;04.02.2026;28.05.2026;06.10.2026
12773;Sperrmüll;01.01.2026;31.12.2026;An der Weißen Brücke;Endenich;53121;2;9998;1;9999;;;BHA;Endenich;BH;Hardtberg;B;Bonn;18.02.2026;03.06.2026;12.10.2026
1183;Sperrmüll;01.01.2026;31.12.2026;Auf dem Hügel;Endenich;53121;2;14;1;63;;Herm.Wandersl.R.- Steinweg;BHA;Endenich;BH;Hardtberg;B;Bonn;04.02.2026;28.05.2026;06.10.2026
1203;Sperrmüll;01.01.2026;31.12.2026;Auf dem Hügel;Endenich;53121;50;56;123;9999;;Am Propsthof - Siemensstr;BHA;Endenich;BH;Hardtberg;B;Bonn;09.02.2026;27.05.2026;07.10.2026
1218;Sperrmüll;01.01.2026;31.12.2026;Auf dem Hügel;Endenich;53121;16;48;65;121;;Steinweg - Am Propsthof;BHA;Endenich;BH;Hardtberg;B;Bonn;04.02.2026;28.05.2026;06.10.2026
44062;Sperrmüll;01.01.2026;31.12.2026;Auf dem Hügel;Endenich;53121;58;9998;;;;Am Propsthof - Siemensstr;BHA;Endenich;BH;Hardtberg;B;Bonn;09.02.2026;27.05.2026;07.10.2026
1444;Sperrmüll;01.01.2026;31.12.2026;Babette-Koch-Weg;Endenich;53121;2;9998;1;9999;;;BHA;Endenich;BH;Hardtberg;B;Bonn;18.02.2026;03.06.2026;12.10.2026
58;Sperrmüll;01.01.2026;31.12.2026;Bergfeldstr.;Endenich;53121;2;9998;1;9999;;;BHA;Endenich;BH;Hardtberg;B;Bonn;03.03.2026;17.06.2026;05.11.2026
2344;Sperrmüll;01.01.2026;31.12.2026;Brahmsstr.;Endenich;53121;2;9998;1;9999;;;BHA;Endenich;BH;Hardtberg;B;Bonn;04.02.2026;28.05.2026;06.10.2026
2992;Sperrmüll;01.01.2026;31.12.2026;Carl-Justi-Str.;Endenich;53121;2;9998;1;9999;;;BHA;Endenich;BH;Hardtberg;B;Bonn;09.02.2026;27.05.2026;07.10.2026
3378;Sperrmüll;01.01.2026;31.12.2026;Dohmstr.;Endenich;53121;2;9998;1;9999;;;BHA;Endenich;BH;Hardtberg;B;Bonn;03.03.2026;17.06.2026;05.11.2026
3500;Sperrmüll;01.01.2026;31.12.2026;Effertzstr.;Endenich;53121;2;20;1;19;;Endenicherstr - H.Wandersleb R;BHA;Endenich;BH;Hardtberg;B;Bonn;04.02.2026;28.05.2026;06.10.2026
3519;Sperrmüll;01.01.2026;31.12.2026;Effertzstr.;Endenich;53121;22;9998;21;9999;;H.Wandersleb R. - Steinweg;BHA;Endenich;BH;Hardtberg;B;Bonn;18.02.2026;03.06.2026;12.10.2026
4059;Sperrmüll;01.01.2026;31.12.2026;Emilie-Heyermann-Weg;Endenich;53121;2;9998;1;9999;;;BHA;Endenich;BH;Hardtberg;B;Bonn;04.02.2026;28.05.2026;06.10.2026
3704;Sperrmüll;01.01.2026;31.12.2026;Endenicher Allee;Endenich;53115;2;70;1;19;;Beethovenplatz - Autobahn;BHA;Endenich;BH;Hardtberg;B;Bonn;03.02.2026;26.05.2026;02.10.2026
3724;Sperrmüll;01.01.2026;31.12.2026;Endenicher Allee;Endenich;53121;72;9998;21;9999;;Autobahn - Alfred-Buchererstr;BHA;Endenich;BH;Hardtberg;B;Bonn;04.02.2026;28.05.2026;06.10.2026
3739;Sperrmüll;01.01.2026;31.12.2026;Endenicher Str.;Endenich;53115;2;18;1;53;;Herwarthstr - Wittelsbacher.R;BZB;Weststadt;BZ;Bonn-Zentrum;B;Bonn;03.02.2026;26.05.2026;02.10.2026
3754;Sperrmüll;01.01.2026;31.12.2026;Endenicher Str.;Endenich;53115;;;55;193;;Wittelsbacherring - Autobahn;BHA;Endenich;BH;Hardtberg;B;Bonn;03.02.2026;26.05.2026;02.10.2026
3769;Sperrmüll;01.01.2026;31.12.2026;Endenicher Str.;Endenich;53115;20;140;;;;Wittelsbacherring - Autobahn;BHA;Endenich;BH;Hardtberg;B;Bonn;03.02.2026;26.05.2026;02.10.2026
3784;Sperrmüll;01.01.2026;31.12.2026;Endenicher Str.;Endenich;53121;142;300;195;343;;Regerstr - Pastoratsgasse;BHA;Endenich;BH;Hardtberg;B;Bonn;04.02.2026;28.05.2026;06.10.2026
3799;Sperrmüll;01.01.2026;31.12.2026;Endenicher Str.;Endenich;53121;302;9998;345;9999;;Pastoratsgasse - Hainstr;BHA;Endenich;BH;Hardtberg;B;Bonn;04.02.2026;28.05.2026;06.10.2026
3814;Sperrmüll;01.01.2026;31.12.2026;Engelbertzstr.;Endenich;53121;2;9998;1;9999;;;BHA;Endenich;BH;Hardtberg;B;Bonn;04.02.2026;28.05.2026;06.10.2026
2016;Sperrmüll;01.01.2026;31.12.2026;Erich-Hoffmann-Str.;Endenich;53121;2;10;1;9;;Endenicherstr - H.Wandersl.R;BHA;Endenich;BH;Hardtberg;B;Bonn;04.02.2026;28.05.2026;06.10.2026
2031;Sperrmüll;01.01.2026;31.12.2026;Erich-Hoffmann-Str.;Endenich;53121;12;9998;11;9999;;H.Wandersl.R - Steinweg;BHA;Endenich;BH;Hardtberg;B;Bonn;18.02.2026;03.06.2026;12.10.2026
4009;Sperrmüll;01.01.2026;31.12.2026;Euskirchener Str.;Endenich;53121;2;9998;1;9999;;;BHA;Endenich;BH;Hardtberg;B;Bonn;04.02.2026;28.05.2026;06.10.2026
4124;Sperrmüll;01.01.2026;31.12.2026;Flodelingsweg;Endenich;53121;2;26;1;21;;Sebastianstr - Kapellenstr;BHA;Endenich;BH;Hardtberg;B;Bonn;03.03.2026;17.06.2026;05.11.2026
4144;Sperrmüll;01.01.2026;31.12.2026;Flodelingsweg;Endenich;53121;82;9998;109;9999;;Hainstr (Sackgasse);BHA;Endenich;BH;Hardtberg;B;Bonn;04.02.2026;28.05.2026;06.10.2026
4159;Sperrmüll;01.01.2026;31.12.2026;Flodelingsweg;Endenich;53121;28;80;23;107;;kapellenstr - Hainstr;BHA;Endenich;BH;Hardtberg;B;Bonn;03.03.2026;17.06.2026;05.11.2026
4434;Sperrmüll;01.01.2026;31.12.2026;Frongasse;Endenich;53121;2;9998;1;9999;;;BHA;Endenich;BH;Hardtberg;B;Bonn;04.02.2026;28.05.2026;06.10.2026
5012;Sperrmüll;01.01.2026;31.12.2026;Gandhistr.;Endenich;53121;2;9998;1;9999;;;BHA;Endenich;BH;Hardtberg;B;Bonn;18.02.2026;03.06.2026;12.10.2026
9172;Sperrmüll;01.01.2026;31.12.2026;Gerhard-Domagk-Str.;Endenich;53121;2;9998;1;9999;;;BHA;Endenich;BH;Hardtberg;B;Bonn;03.02.2026;26.05.2026;02.10.2026
5287;Sperrmüll;01.01.2026;31.12.2026;Hainstr.;Endenich;53121;2;9998;1;9999;;;BHA;Endenich;BH;Hardtberg;B;Bonn;04.02.2026;28.05.2026;06.10.2026
5317;Sperrmüll;01.01.2026;31.12.2026;Hans-Cloos-Str.;Endenich;53121;2;9998;1;9999;;;BHA;Endenich;BH;Hardtberg;B;Bonn;04.02.2026;28.05.2026;06.10.2026
12698;Sperrmüll;01.01.2026;31.12.2026;Heerweg;Endenich;53121;2;9998;1;9999;;;BHA;Endenich;BH;Hardtberg;B;Bonn;10.02.2026;01.06.2026;09.10.2026
12743;Sperrmüll;01.01.2026;31.12.2026;Heinz-Stelling-Weg;Endenich;53121;2;9998;1;9999;;;BHA;Endenich;BH;Hardtberg;B;Bonn;09.02.2026;27.05.2026;07.10.2026
5207;Sperrmüll;01.01.2026;31.12.2026;Hermann-Wandersleb-Ring;Endenich;53121;2;9998;1;9999;;;BHA;Endenich;BH;Hardtberg;B;Bonn;18.02.2026;03.06.2026;12.10.2026
5874;Sperrmüll;01.01.2026;31.12.2026;Hirschgasse;Endenich;53121;2;9998;1;9999;;;BHA;Endenich;BH;Hardtberg;B;Bonn;03.03.2026;17.06.2026;05.11.2026
6114;Sperrmüll;01.01.2026;31.12.2026;Humperdinckstr.;Endenich;53121;2;9998;1;9999;;;BHA;Endenich;BH;Hardtberg;B;Bonn;04.02.2026;28.05.2026;06.10.2026
6469;Sperrmüll;01.01.2026;31.12.2026;Im jungen Wingert;Endenich;53121;2;9998;1;9999;;;BHA;Endenich;BH;Hardtberg;B;Bonn;03.03.2026;17.06.2026;05.11.2026
6806;Sperrmüll;01.01.2026;31.12.2026;Josef-Schell-Str.;Endenich;53121;2;9998;1;9999;;;BHA;Endenich;BH;Hardtberg;B;Bonn;03.03.2026;17.06.2026;05.11.2026
7065;Sperrmüll;01.01.2026;31.12.2026;Kapellenstr.;Endenich;53121;2;10;1;19;;Röckumstr - Flodelingsweg;BHA;Endenich;BH;Hardtberg;B;Bonn;03.03.2026;17.06.2026;05.11.2026
7080;Sperrmüll;01.01.2026;31.12.2026;Kapellenstr.;Endenich;53121;12;40;21;41;;Flodelingsweg - Autobahn;BHA;Endenich;BH;Hardtberg;B;Bonn;03.03.2026;17.06.2026;05.11.2026
7095;Sperrmüll;01.01.2026;31.12.2026;Kapellenstr.;Endenich;53115;42;9998;43;9999;;Autobahn - Kreuzbergstr;BHA;Endenich;BH;Hardtberg;B;Bonn;24.02.2026;11.06.2026;16.10.2026
11649;Sperrmüll;01.01.2026;31.12.2026;Kollegienweg;Endenich;53121;2;9998;1;9999;;;BHA;Endenich;BH;Hardtberg;B;Bonn;04.02.2026;28.05.2026;06.10.2026
7902;Sperrmüll;01.01.2026;31.12.2026;Konradstr.;Endenich;53121;2;9998;1;9999;;;BHA;Endenich;BH;Hardtberg;B;Bonn;03.03.2026;17.06.2026;05.11.2026
8475;Sperrmüll;01.01.2026;31.12.2026;Lipschitzstr.;Endenich;53121;2;9998;1;9999;;;BHA;Endenich;BH;Hardtberg;B;Bonn;09.02.2026;27.05.2026;07.10.2026
8625;Sperrmüll;01.01.2026;31.12.2026;Lutfridstr.;Endenich;53121;2;9998;1;9999;;;BHA;Endenich;BH;Hardtberg;B;Bonn;04.02.2026;28.05.2026;06.10.2026
8882;Sperrmüll;01.01.2026;31.12.2026;Magdalenenstr.;Endenich;53121;2;6;1;7;;Ab Endenicherstr;BHA;Endenich;BH;Hardtberg;B;Bonn;04.02.2026;28.05.2026;06.10.2026
8897;Sperrmüll;01.01.2026;31.12.2026;Magdalenenstr.;Endenich;53121;8;9998;9;9999;;Frongasse - Röckumstr;BHA;Endenich;BH;Hardtberg;B;Bonn;04.02.2026;28.05.2026;06.10.2026
8927;Sperrmüll;01.01.2026;31.12.2026;Malusiusstr.;Endenich;53121;2;9998;1;9999;;;BHA;Endenich;BH;Hardtberg;B;Bonn;04.02.2026;28.05.2026;06.10.2026
12683;Sperrmüll;01.01.2026;31.12.2026;Maria-von-Linden-Weg;Endenich;53121;2;9998;1;9999;;;BHA;Endenich;BH;Hardtberg;B;Bonn;04.02.2026;28.05.2026;06.10.2026
6279;Sperrmüll;01.01.2026;31.12.2026;Max-Bruch-Str.;Endenich;53121;2;9998;1;9999;;;BHA;Endenich;BH;Hardtberg;B;Bonn;04.02.2026;28.05.2026;06.10.2026
6129;Sperrmüll;01.01.2026;31.12.2026;Max-Cohen-Str.;Endenich;53121;2;9998;1;9999;;;BHA;Endenich;BH;Hardtberg;B;Bonn;04.02.2026;28.05.2026;06.10.2026
12713;Sperrmüll;01.01.2026;31.12.2026;Meßdorfer Feldweg;Endenich;53121;2;9998;1;9999;;;BHA;Endenich;BH;Hardtberg;B;Bonn;04.02.2026;28.05.2026;06.10.2026
9368;Sperrmüll;01.01.2026;31.12.2026;Mohrstr.;Endenich;53121;2;9998;1;9999;;;BHA;Endenich;BH;Hardtberg;B;Bonn;09.02.2026;27.05.2026;07.10.2026
9398;Sperrmüll;01.01.2026;31.12.2026;Monschauer Str.;Endenich;53121;2;9998;1;9999;;;BHA;Endenich;BH;Hardtberg;B;Bonn;04.02.2026;28.05.2026;06.10.2026
10011;Sperrmüll;01.01.2026;31.12.2026;Ostwaldstr.;Endenich;53115;2;9998;1;9999;;;BHA;Endenich;BH;Hardtberg;B;Bonn;04.02.2026;28.05.2026;06.10.2026
10196;Sperrmüll;01.01.2026;31.12.2026;Pastoratsgasse;Endenich;53121;2;9998;1;9999;;;BHA;Endenich;BH;Hardtberg;B;Bonn;04.02.2026;28.05.2026;06.10.2026
10331;Sperrmüll;01.01.2026;31.12.2026;Pfaffenweiherweg;Endenich;53121;2;9998;1;9999;;;BHA;Endenich;BH;Hardtberg;B;Bonn;04.02.2026;28.05.2026;06.10.2026
10106;Sperrmüll;01.01.2026;31.12.2026;Pfarrer-Byns-Str.;Endenich;53121;2;9998;1;9999;;;BHA;Endenich;BH;Hardtberg;B;Bonn;04.02.2026;28.05.2026;06.10.2026
2705;Sperrmüll;01.01.2026;31.12.2026;Pfarrer-Martini-Str.;Endenich;53121;2;9998;1;9999;;;BHA;Endenich;BH;Hardtberg;B;Bonn;03.03.2026;17.06.2026;05.11.2026
10594;Sperrmüll;01.01.2026;31.12.2026;Regerstr.;Endenich;53121;2;9998;1;9999;;;BHA;Endenich;BH;Hardtberg;B;Bonn;04.02.2026;28.05.2026;06.10.2026
43289;Sperrmüll;01.01.2026;31.12.2026;Robert-Havemann-Str.;Endenich;0;2;9998;1;9999;;;BHA;Endenich;BH;Hardtberg;B;Bonn;09.02.2026;27.05.2026;07.10.2026
11129;Sperrmüll;01.01.2026;31.12.2026;Röckumstr.;Endenich;53121;2;104;1;79;;Sebastianstr - Flodelingsweg;BHA;Endenich;BH;Hardtberg;B;Bonn;03.03.2026;17.06.2026;05.11.2026
11144;Sperrmüll;01.01.2026;31.12.2026;Röckumstr.;Endenich;53121;106;9998;81;9999;;Flodelingsweg - Autobahn;BHA;Endenich;BH;Hardtberg;B;Bonn;03.03.2026;17.06.2026;05.11.2026
11709;Sperrmüll;01.01.2026;31.12.2026;Schleidener Str.;Endenich;53121;2;9998;1;9999;;;BHA;Endenich;BH;Hardtberg;B;Bonn;04.02.2026;28.05.2026;06.10.2026
2615;Sperrmüll;01.01.2026;31.12.2026;Schmittenpfädchen;Endenich;53121;2;9998;1;9999;;;BHA;Endenich;BH;Hardtberg;B;Bonn;04.02.2026;28.05.2026;06.10.2026
11889;Sperrmüll;01.01.2026;31.12.2026;Sebastianstr.;Endenich;53115;2;58;1;55;;Clemens-Augustr - C.Trollstr;BHA;Endenich;BH;Hardtberg;B;Bonn;03.03.2026;17.06.2026;05.11.2026
11904;Sperrmüll;01.01.2026;31.12.2026;Sebastianstr.;Endenich;53115;84;90;105;153;;Autobahn - Flodelingsweg;BHA;Endenich;BH;Hardtberg;B;Bonn;04.02.2026;28.05.2026;06.10.2026
11919;Sperrmüll;01.01.2026;31.12.2026;Sebastianstr.;Endenich;53115;60;82;57;103;;Carl-Trollstr - Autobahn;BHA;Endenich;BH;Hardtberg;B;Bonn;03.03.2026;17.06.2026;05.11.2026
11934;Sperrmüll;01.01.2026;31.12.2026;Sebastianstr.;Endenich;53115;92;9998;155;9999;;Flodelingsweg - Röckumstr;BHA;Endenich;BH;Hardtberg;B;Bonn;04.02.2026;28.05.2026;06.10.2026
12073;Sperrmüll;01.01.2026;31.12.2026;Steinweg;Endenich;53121;2;48;1;51;;Auf dem Hügel - Effertsstr;BHA;Endenich;BH;Hardtberg;B;Bonn;04.02.2026;28.05.2026;06.10.2026
12088;Sperrmüll;01.01.2026;31.12.2026;Steinweg;Endenich;53121;50;9998;53;9999;;Effertsstr - Erich-Hoffmannstr;BHA;Endenich;BH;Hardtberg;B;Bonn;18.02.2026;03.06.2026;12.10.2026
12483;Sperrmüll;01.01.2026;31.12.2026;Theodor-Brinkmann-Str.;Endenich;53115;2;9998;1;9999;;;BHA;Endenich;BH;Hardtberg;B;Bonn;04.02.2026;28.05.2026;06.10.2026
11754;Sperrmüll;01.01.2026;31.12.2026;Theodor-Litt-Str.;Endenich;53121;2;9998;1;9999;;;BHA;Endenich;BH;Hardtberg;B;Bonn;18.02.2026;03.06.2026;12.10.2026
4526;Sperrmüll;01.01.2026;31.12.2026;Ulrich-Haberland-Str.;Endenich;53121;2;9998;1;9999;;;BHA;Endenich;BH;Hardtberg;B;Bonn;04.02.2026;28.05.2026;06.10.2026
43530;Sperrmüll;01.01.2026;31.12.2026;Václav-Havel-Platz;Endenich;53121;2;9998;1;9999;;;BHA;Endenich;BH;Hardtberg;B;Bonn;09.02.2026;27.05.2026;07.10.2026
12908;Sperrmüll;01.01.2026;31.12.2026;Verweyenstr.;Endenich;53121;2;9998;1;9999;;;BHA;Endenich;BH;Hardtberg;B;Bonn;09.02.2026;27.05.2026;07.10.2026
12969;Sperrmüll;01.01.2026;31.12.2026;Von-Hymmen-Platz;Endenich;53121;2;9998;1;9999;;;BHA;Endenich;BH;Hardtberg;B;Bonn;04.02.2026;28.05.2026;06.10.2026
12984;Sperrmüll;01.01.2026;31.12.2026;Von-Lapp-Str.;Endenich;53121;2;9998;1;9999;;;BHA;Endenich;BH;Hardtberg;B;Bonn;04.02.2026;28.05.2026;06.10.2026
2449;Sperrmüll;01.01.2026;31.12.2026;Von-Weichs-Str.;Endenich;53121;2;9998;1;9999;;;BHA;Endenich;BH;Hardtberg;B;Bonn;04.02.2026;28.05.2026;06.10.2026
13407;Sperrmüll;01.01.2026;31.12.2026;Wiesenweg;Endenich;53121;2;9998;1;9999;;;BHA;Endenich;BH;Hardtberg;B;Bonn;04.02.2026;28.05.2026;06.10.2026
13980;Sperrmüll;01.01.2026;31.12.2026;Am Bommerich;Friesdorf;53175;2;9998;1;9999;;;BGF;Friesdorf;BG;Bad Godesberg;B;Bonn;06.03.2026;23.06.2026;11.11.2026
14055;Sperrmüll;01.01.2026;31.12.2026;Am Buschacker;Friesdorf;53175;2;9998;1;9999;;;BGF;Friesdorf;BG;Bad Godesberg;B;Bonn;10.03.2026;26.06.2026;13.11.2026
18095;Sperrmüll;01.01.2026;31.12.2026;Am Güsgensberg;Friesdorf;53175;2;9998;1;9999;;;BGF;Friesdorf;BG;Bad Godesberg;B;Bonn;06.03.2026;23.06.2026;11.11.2026
16675;Sperrmüll;01.01.2026;31.12.2026;Am Klufterhof;Friesdorf;53175;2;9998;1;9999;;;BGF;Friesdorf;BG;Bad Godesberg;B;Bonn;09.03.2026;24.06.2026;12.11.2026
23196;Sperrmüll;01.01.2026;31.12.2026;Am Südfriedhof;Friesdorf;53175;2;9998;1;9999;;;BGF;Friesdorf;BG;Bad Godesberg;B;Bonn;06.03.2026;23.06.2026;11.11.2026
23136;Sperrmüll;01.01.2026;31.12.2026;Am Weckhasen;Friesdorf;53175;2;9998;1;9999;;;BGF;Friesdorf;BG;Bad Godesberg;B;Bonn;06.03.2026;23.06.2026;11.11.2026
15350;Sperrmüll;01.01.2026;31.12.2026;Am Woltersweiher;Friesdorf;53175;2;9998;1;9999;;;BGF;Friesdorf;BG;Bad Godesberg;B;Bonn;09.03.2026;24.06.2026;12.11.2026
23736;Sperrmüll;01.01.2026;31.12.2026;An Brenigs Ziegelei;Friesdorf;53175;2;9998;1;9999;;;BGF;Friesdorf;BG;Bad Godesberg;B;Bonn;10.03.2026;26.06.2026;13.11.2026
14315;Sperrmüll;01.01.2026;31.12.2026;An der Arndtruhe;Friesdorf;53175;2;9998;1;9999;;;BGF;Friesdorf;BG;Bad Godesberg;B;Bonn;10.03.2026;26.06.2026;13.11.2026
14420;Sperrmüll;01.01.2026;31.12.2026;Annaberger Str.;Friesdorf;53175;2;42;1;37;;Godesb.Allee - Bahn;BGF;Friesdorf;BG;Bad Godesberg;B;Bonn;09.03.2026;24.06.2026;12.11.2026
14435;Sperrmüll;01.01.2026;31.12.2026;Annaberger Str.;Friesdorf;53175;118;216;135;241;;Bernkastelerstr - Im Bachele;BGF;Friesdorf;BG;Bad Godesberg;B;Bonn;06.03.2026;23.06.2026;11.11.2026
14450;Sperrmüll;01.01.2026;31.12.2026;Annaberger Str.;Friesdorf;53175;296;498;311;499;;;BGF;Friesdorf;BG;Bad Godesberg;B;Bonn;06.03.2026;23.06.2026;11.11.2026
14465;Sperrmüll;01.01.2026;31.12.2026;Annaberger Str.;Friesdorf;53175;;;;;;;BGF;Friesdorf;BG;Bad Godesberg;B;Bonn;06.03.2026;23.06.2026;11.11.2026
14480;Sperrmüll;01.01.2026;31.12.2026;Annaberger Str.;Friesdorf;53175;500;9998;501;9999;;Annaberger - Hof;BGF;Friesdorf;BG;Bad Godesberg;B;Bonn;27.02.2026;16.06.2026;04.11.2026
14495;Sperrmüll;01.01.2026;31.12.2026;Annaberger Str.;Friesdorf;53175;218;294;243;309;289;;BGF;Friesdorf;BG;Bad Godesberg;B;Bonn;06.03.2026;23.06.2026;11.11.2026
43243;Sperrmüll;01.01.2026;31.12.2026;Annaberger Str.;Friesdorf;53175;44;116;39;133;;Bahn - Bernkastelerstr;BGF;Friesdorf;BG;Bad Godesberg;B;Bonn;06.03.2026;23.06.2026;11.11.2026
23361;Sperrmüll;01.01.2026;31.12.2026;August-Bebel-Allee;Friesdorf;53175;2;9998;1;9999;;;BGF;Friesdorf;BG;Bad Godesberg;B;Bonn;09.03.2026;24.06.2026;12.11.2026
23826;Sperrmüll;01.01.2026;31.12.2026;Bachaue;Friesdorf;53175;2;9998;1;9999;;;BGF;Friesdorf;BG;Bad Godesberg;B;Bonn;06.03.2026;23.06.2026;11.11.2026
14800;Sperrmüll;01.01.2026;31.12.2026;Bahnstr.;Friesdorf;53175;2;9998;1;9999;;;BGF;Friesdorf;BG;Bad Godesberg;B;Bonn;09.03.2026;24.06.2026;12.11.2026
15030;Sperrmüll;01.01.2026;31.12.2026;Bodelschwinghstr.;Friesdorf;53175;2;9998;1;9999;;;BGF;Friesdorf;BG;Bad Godesberg;B;Bonn;09.03.2026;24.06.2026;12.11.2026
15695;Sperrmüll;01.01.2026;31.12.2026;Dreizehnmorgenweg;Friesdorf;53175;2;9998;1;9999;;;BGF;Friesdorf;BG;Bad Godesberg;B;Bonn;09.03.2026;24.06.2026;12.11.2026
15710;Sperrmüll;01.01.2026;31.12.2026;Dromersheimer Str.;Friesdorf;53175;2;9998;1;9999;;;BGF;Friesdorf;BG;Bad Godesberg;B;Bonn;09.03.2026;24.06.2026;12.11.2026
15900;Sperrmüll;01.01.2026;31.12.2026;Eltviller Str.;Friesdorf;53175;2;9998;1;9999;;;BGF;Friesdorf;BG;Bad Godesberg;B;Bonn;09.03.2026;24.06.2026;12.11.2026
18140;Sperrmüll;01.01.2026;31.12.2026;Frankengraben;Friesdorf;53175;2;56;1;57;;Annaberger Str. - Schwalbengar;BGF;Friesdorf;BG;Bad Godesberg;B;Bonn;06.03.2026;23.06.2026;11.11.2026
44182;Sperrmüll;01.01.2026;31.12.2026;Frankengraben;Friesdorf;53175;58;9998;59;9999;;Schwalbengarten - Oberer Lindw;BGF;Friesdorf;BG;Bad Godesberg;B;Bonn;06.03.2026;23.06.2026;11.11.2026
15650;Sperrmüll;01.01.2026;31.12.2026;Franz-Linz-Str.;Friesdorf;53175;2;9998;1;9999;;;BGF;Friesdorf;BG;Bad Godesberg;B;Bonn;06.03.2026;23.06.2026;11.11.2026
18354;Sperrmüll;01.01.2026;31.12.2026;Godesberger Allee;Friesdorf;53175;;;1;71;;Bonnerstr - Hochkreuzallee;BGF;Friesdorf;BG;Bad Godesberg;B;Bonn;26.03.2026;13.07.2026;01.12.2026
18369;Sperrmüll;01.01.2026;31.12.2026;Godesberger Allee;Friesdorf;53175;2;90;;;;Bonnerstr - Hochkreuzallee;BGF;Friesdorf;BG;Bad Godesberg;B;Bonn;26.03.2026;13.07.2026;01.12.2026
18384;Sperrmüll;01.01.2026;31.12.2026;Godesberger Allee;Friesdorf;53175;92;9998;;;;Hochkreuzallee - Autobahn;BGF;Friesdorf;BG;Bad Godesberg;B;Bonn;27.03.2026;14.07.2026;04.12.2026
18399;Sperrmüll;01.01.2026;31.12.2026;Godesberger Allee;Friesdorf;53175;;;73;9999;;Hochkreuzallee - Autobahn;BGF;Friesdorf;BG;Bad Godesberg;B;Bonn;27.03.2026;14.07.2026;04.12.2026
16780;Sperrmüll;01.01.2026;31.12.2026;Grüner Weg;Friesdorf;53175;2;9998;23;9999;;;BGF;Friesdorf;BG;Bad Godesberg;B;Bonn;09.03.2026;24.06.2026;12.11.2026
43942;Sperrmüll;01.01.2026;31.12.2026;Grüner Weg;Friesdorf;53175;;;1;21;;Sackgasse;BGF;Friesdorf;BG;Bad Godesberg;B;Bonn;10.03.2026;14.07.2026;18.12.2026
23586;Sperrmüll;01.01.2026;31.12.2026;Hans-Rosenberg-Str.;Friesdorf;53175;2;9998;1;9999;;;BGF;Friesdorf;BG;Bad Godesberg;B;Bonn;10.03.2026;14.07.2026;18.12.2026
22315;Sperrmüll;01.01.2026;31.12.2026;Hubert-Peter-Str.;Friesdorf;53175;2;9998;1;9999;;;BGF;Friesdorf;BG;Bad Godesberg;B;Bonn;06.03.2026;23.06.2026;11.11.2026
15620;Sperrmüll;01.01.2026;31.12.2026;Im Bachele;Friesdorf;53175;2;50;1;53;;;BGF;Friesdorf;BG;Bad Godesberg;B;Bonn;06.03.2026;23.06.2026;11.11.2026
44107;Sperrmüll;01.01.2026;31.12.2026;Im Bachele;Friesdorf;53175;52;9998;55;9999;;;BGF;Friesdorf;BG;Bad Godesberg;B;Bonn;06.03.2026;23.06.2026;11.11.2026
14025;Sperrmüll;01.01.2026;31.12.2026;Im Buchengrund;Friesdorf;53175;2;9998;1;9999;;;BGF;Friesdorf;BG;Bad Godesberg;B;Bonn;10.03.2026;26.06.2026;13.11.2026
17465;Sperrmüll;01.01.2026;31.12.2026;Im Erlengrund;Friesdorf;53175;2;9998;1;9999;;;BGF;Friesdorf;BG;Bad Godesberg;B;Bonn;10.03.2026;26.06.2026;13.11.2026
17685;Sperrmüll;01.01.2026;31.12.2026;Im Weingarten;Friesdorf;53175;2;9998;1;9999;;;BGF;Friesdorf;BG;Bad Godesberg;B;Bonn;09.03.2026;24.06.2026;12.11.2026
17700;Sperrmüll;01.01.2026;31.12.2026;Im Wiesengrund;Friesdorf;53175;2;9998;1;9999;;;BGF;Friesdorf;BG;Bad Godesberg;B;Bonn;06.03.2026;23.06.2026;11.11.2026
17730;Sperrmüll;01.01.2026;31.12.2026;In der Kumme;Friesdorf;53175;2;9998;1;9999;;;BGF;Friesdorf;BG;Bad Godesberg;B;Bonn;09.03.2026;24.06.2026;12.11.2026
17745;Sperrmüll;01.01.2026;31.12.2026;In der Maar;Friesdorf;53175;2;9998;1;9999;;;BGF;Friesdorf;BG;Bad Godesberg;B;Bonn;09.03.2026;24.06.2026;12.11.2026
17865;Sperrmüll;01.01.2026;31.12.2026;Joseph-Roth-Str.;Friesdorf;53175;2;88;1;89;;Ürziger - Richt. Bernkasteler;BGF;Friesdorf;BG;Bad Godesberg;B;Bonn;09.03.2026;24.06.2026;12.11.2026
17880;Sperrmüll;01.01.2026;31.12.2026;Joseph-Roth-Str.;Friesdorf;53175;90;9998;91;9999;;Ürziger Richtung Annabergerstr;BGF;Friesdorf;BG;Bad Godesberg;B;Bonn;09.03.2026;24.06.2026;12.11.2026
16720;Sperrmüll;01.01.2026;31.12.2026;Kardinal-Galen-Weg;Friesdorf;53175;2;9998;1;9999;;;BGF;Friesdorf;BG;Bad Godesberg;B;Bonn;09.03.2026;24.06.2026;12.11.2026
18110;Sperrmüll;01.01.2026;31.12.2026;Kelzenbergstr.;Friesdorf;53175;2;9998;1;9999;;;BGF;Friesdorf;BG;Bad Godesberg;B;Bonn;09.03.2026;24.06.2026;12.11.2026
18170;Sperrmüll;01.01.2026;31.12.2026;Kleinefeldsweg;Friesdorf;53175;2;9998;1;9999;;;BGF;Friesdorf;BG;Bad Godesberg;B;Bonn;09.03.2026;24.06.2026;12.11.2026
18230;Sperrmüll;01.01.2026;31.12.2026;Klufterbachtal;Friesdorf;53175;2;9998;1;9999;;;BGF;Friesdorf;BG;Bad Godesberg;B;Bonn;10.03.2026;26.06.2026;13.11.2026
18245;Sperrmüll;01.01.2026;31.12.2026;Klufterplatz;Friesdorf;53175;2;9998;1;9999;;;BGF;Friesdorf;BG;Bad Godesberg;B;Bonn;06.03.2026;23.06.2026;11.11.2026
18260;Sperrmüll;01.01.2026;31.12.2026;Klufterstr.;Friesdorf;53175;2;9998;1;9999;;;BGF;Friesdorf;BG;Bad Godesberg;B;Bonn;09.03.2026;24.06.2026;12.11.2026
19221;Sperrmüll;01.01.2026;31.12.2026;Margaretenstr.;Friesdorf;53175;2;9998;1;9999;;;BGF;Friesdorf;BG;Bad Godesberg;B;Bonn;06.03.2026;23.06.2026;11.11.2026
23841;Sperrmüll;01.01.2026;31.12.2026;Marie-Schlei-Allee;Friesdorf;53175;2;9998;1;9999;;;BGF;Friesdorf;BG;Bad Godesberg;B;Bonn;09.03.2026;24.06.2026;12.11.2026
16825;Sperrmüll;01.01.2026;31.12.2026;Martin-Luther-Allee;Friesdorf;53175;2;9998;1;9999;;;BGF;Friesdorf;BG;Bad Godesberg;B;Bonn;09.03.2026;24.06.2026;12.11.2026
19846;Sperrmüll;01.01.2026;31.12.2026;Niersteiner Str.;Friesdorf;53175;2;9998;1;9999;;;BGF;Friesdorf;BG;Bad Godesberg;B;Bonn;09.03.2026;24.06.2026;12.11.2026
20181;Sperrmüll;01.01.2026;31.12.2026;Pfarrer-Merck-Str.;Friesdorf;53175;2;9998;1;9999;;;BGF;Friesdorf;BG;Bad Godesberg;B;Bonn;10.03.2026;26.06.2026;13.11.2026
20351;Sperrmüll;01.01.2026;31.12.2026;Prinzenstr.;Friesdorf;53175;2;188;1;201;;Annabergerstr - Winkelsweg;BGF;Friesdorf;BG;Bad Godesberg;B;Bonn;06.03.2026;23.06.2026;11.11.2026
44332;Sperrmüll;01.01.2026;31.12.2026;Prinzenstr.;Friesdorf;53175;190;9998;203;9999;;Annabergerstr - Winkelsweg;BGF;Friesdorf;BG;Bad Godesberg;B;Bonn;06.03.2026;23.06.2026;11.11.2026
20946;Sperrmüll;01.01.2026;31.12.2026;Rüdesheimer Str.;Friesdorf;53175;2;9998;1;9999;;;BGF;Friesdorf;BG;Bad Godesberg;B;Bonn;09.03.2026;24.06.2026;12.11.2026
21206;Sperrmüll;01.01.2026;31.12.2026;Schulplatz;Friesdorf;53175;2;9998;1;9999;;;BGF;Friesdorf;BG;Bad Godesberg;B;Bonn;06.03.2026;23.06.2026;11.11.2026
16690;Sperrmüll;01.01.2026;31.12.2026;Schwalbengarten;Friesdorf;53175;2;9998;1;9999;;;BGF;Friesdorf;BG;Bad Godesberg;B;Bonn;06.03.2026;23.06.2026;11.11.2026
21520;Sperrmüll;01.01.2026;31.12.2026;Sonnenscheinstr.;Friesdorf;53175;2;9998;1;9999;;;BGF;Friesdorf;BG;Bad Godesberg;B;Bonn;09.03.2026;24.06.2026;12.11.2026
22130;Sperrmüll;01.01.2026;31.12.2026;Ürziger Str.;Friesdorf;53175;2;9998;1;9999;;;BGF;Friesdorf;BG;Bad Godesberg;B;Bonn;09.03.2026;24.06.2026;12.11.2026
22495;Sperrmüll;01.01.2026;31.12.2026;Walramstr.;Friesdorf;53175;2;9998;1;9999;;;BGF;Friesdorf;BG;Bad Godesberg;B;Bonn;09.03.2026;24.06.2026;12.11.2026
22741;Sperrmüll;01.01.2026;31.12.2026;Winkelsweg;Friesdorf;53175;2;60;1;49;;;BGF;Friesdorf;BG;Bad Godesberg;B;Bonn;06.03.2026;23.06.2026;11.11.2026
44317;Sperrmüll;01.01.2026;31.12.2026;Winkelsweg;Friesdorf;53175;62;9998;51;9999;;;BGF;Friesdorf;BG;Bad Godesberg;B;Bonn;06.03.2026;23.06.2026;11.11.2026
22936;Sperrmüll;01.01.2026;31.12.2026;Zeller Str.;Friesdorf;53175;2;9998;1;9999;;;BGF;Friesdorf;BG;Bad Godesberg;B;Bonn;09.03.2026;24.06.2026;12.11.2026
25156;Sperrmüll;01.01.2026;31.12.2026;Abtstr.;Geislar;53225;2;9998;1;9999;;;BBM;Geislar;BB;Beuel;B;Bonn;23.04.2026;07.09.2026;15.12.2026
29310;Sperrmüll;01.01.2026;31.12.2026;Am Alten Pütz;Geislar;53225;2;9998;1;9999;;;BBM;Geislar;BB;Beuel;B;Bonn;21.04.2026;04.09.2026;14.12.2026
24481;Sperrmüll;01.01.2026;31.12.2026;Am Marienhof;Geislar;53225;2;9998;1;9999;;;BBM;Geislar;BB;Beuel;B;Bonn;21.04.2026;04.09.2026;14.12.2026
24361;Sperrmüll;01.01.2026;31.12.2026;Auestr.;Geislar;53225;2;9998;1;9999;;;BBM;Geislar;BB;Beuel;B;Bonn;21.04.2026;04.09.2026;14.12.2026
24646;Sperrmüll;01.01.2026;31.12.2026;Auf der Clemensbitze;Geislar;53225;2;9998;1;9999;;;BBM;Geislar;BB;Beuel;B;Bonn;23.04.2026;07.09.2026;15.12.2026
26226;Sperrmüll;01.01.2026;31.12.2026;Auf der Rötschen;Geislar;53225;2;9998;1;9999;;;BBM;Geislar;BB;Beuel;B;Bonn;21.04.2026;04.09.2026;14.12.2026
24631;Sperrmüll;01.01.2026;31.12.2026;Aurelianastr.;Geislar;53225;2;9998;1;9999;;;BBM;Geislar;BB;Beuel;B;Bonn;23.04.2026;07.09.2026;15.12.2026
24841;Sperrmüll;01.01.2026;31.12.2026;Baguettestr.;Geislar;53225;2;9998;1;9999;;;BBM;Geislar;BB;Beuel;B;Bonn;21.04.2026;04.09.2026;14.12.2026
24901;Sperrmüll;01.01.2026;31.12.2026;Bergergasse;Geislar;53225;2;9998;1;9999;;;BBM;Geislar;BB;Beuel;B;Bonn;21.04.2026;04.09.2026;14.12.2026
42149;Sperrmüll;01.01.2026;31.12.2026;Cellitinnenstr.;Geislar;53225;2;9998;1;9999;;;BBM;Geislar;BB;Beuel;B;Bonn;21.04.2026;04.09.2026;14.12.2026
25921;Sperrmüll;01.01.2026;31.12.2026;Fabristr.;Geislar;53225;2;8;1;7;;Im Kremerich - Geislaestr;BBM;Geislar;BB;Beuel;B;Bonn;21.04.2026;04.09.2026;14.12.2026
25936;Sperrmüll;01.01.2026;31.12.2026;Fabristr.;Geislar;53225;10;9998;9;9999;;Geislarstr . Aurelianastr;BBM;Geislar;BB;Beuel;B;Bonn;23.04.2026;07.09.2026;15.12.2026
26196;Sperrmüll;01.01.2026;31.12.2026;Florusstr.;Geislar;53225;2;9998;1;9999;;;BBM;Geislar;BB;Beuel;B;Bonn;23.04.2026;07.09.2026;15.12.2026
42164;Sperrmüll;01.01.2026;31.12.2026;Franz-Buchbender-Str.;Geislar;53225;2;9998;1;9999;;;BBM;Geislar;BB;Beuel;B;Bonn;21.04.2026;04.09.2026;14.12.2026
26681;Sperrmüll;01.01.2026;31.12.2026;Geislarstr.;Geislar;53225;2;64;1;53;;Oberdorfstr - Abtstr;BBM;Geislar;BB;Beuel;B;Bonn;21.04.2026;04.09.2026;14.12.2026
26696;Sperrmüll;01.01.2026;31.12.2026;Geislarstr.;Geislar;53225;66;9998;55;9999;;Abtstr - Käsbergstr;BBM;Geislar;BB;Beuel;B;Bonn;23.04.2026;07.09.2026;15.12.2026
26071;Sperrmüll;01.01.2026;31.12.2026;Hammstr.;Geislar;53225;2;9998;1;9999;;;BBM;Geislar;BB;Beuel;B;Bonn;23.04.2026;07.09.2026;15.12.2026
27201;Sperrmüll;01.01.2026;31.12.2026;Im Dohm;Geislar;53225;2;9998;1;9999;;;BBM;Geislar;BB;Beuel;B;Bonn;21.04.2026;04.09.2026;14.12.2026
26211;Sperrmüll;01.01.2026;31.12.2026;Im Kremerich;Geislar;53225;2;9998;1;9999;;;BBM;Geislar;BB;Beuel;B;Bonn;21.04.2026;04.09.2026;14.12.2026
42194;Sperrmüll;01.01.2026;31.12.2026;Im Rübengarten;Geislar;53225;2;9998;1;9999;;;BBM;Geislar;BB;Beuel;B;Bonn;21.04.2026;04.09.2026;14.12.2026
27021;Sperrmüll;01.01.2026;31.12.2026;Im Sand;Geislar;53225;2;9998;1;9999;;;BBM;Geislar;BB;Beuel;B;Bonn;23.04.2026;07.09.2026;15.12.2026
27486;Sperrmüll;01.01.2026;31.12.2026;Julius-Palm-Str.;Geislar;53225;2;9998;1;9999;;;BBM;Geislar;BB;Beuel;B;Bonn;21.04.2026;04.09.2026;14.12.2026
26521;Sperrmüll;01.01.2026;31.12.2026;Liestr.;Geislar;53225;2;9998;1;9999;;;BBM;Geislar;BB;Beuel;B;Bonn;21.04.2026;04.09.2026;14.12.2026
28524;Sperrmüll;01.01.2026;31.12.2026;Meindorfer Str.;Geislar;53225;2;9998;1;9999;;;BBM;Geislar;BB;Beuel;B;Bonn;21.04.2026;04.09.2026;14.12.2026
29014;Sperrmüll;01.01.2026;31.12.2026;Oberdorfstr.;Geislar;53225;2;100;1;101;116;Geislarstr - Ende;BBM;Geislar;BB;Beuel;B;Bonn;23.04.2026;07.09.2026;15.12.2026
29034;Sperrmüll;01.01.2026;31.12.2026;Oberdorfstr.;Geislar;53225;102;9998;103;9999;;;BBM;Geislar;BB;Beuel;B;Bonn;23.04.2026;07.09.2026;15.12.2026
29079;Sperrmüll;01.01.2026;31.12.2026;Peter-Heider-Str.;Geislar;53225;2;9998;1;9999;;;BBM;Geislar;BB;Beuel;B;Bonn;23.04.2026;07.09.2026;15.12.2026
29900;Sperrmüll;01.01.2026;31.12.2026;Sandorfstr.;Geislar;53225;2;9998;1;9999;;;BBM;Geislar;BB;Beuel;B;Bonn;21.04.2026;04.09.2026;14.12.2026
30205;Sperrmüll;01.01.2026;31.12.2026;Schnufertsberg;Geislar;53225;2;9998;1;9999;;;BBM;Geislar;BB;Beuel;B;Bonn;23.04.2026;07.09.2026;15.12.2026
42179;Sperrmüll;01.01.2026;31.12.2026;Schwester-Melania-Str.;Geislar;53225;2;9998;1;9999;;;BBM;Geislar;BB;Beuel;B;Bonn;21.04.2026;04.09.2026;14.12.2026
30055;Sperrmüll;01.01.2026;31.12.2026;Siegauenstr.;Geislar;53225;2;9998;1;9999;;;BBM;Geislar;BB;Beuel;B;Bonn;21.04.2026;04.09.2026;14.12.2026
376;Sperrmüll;01.01.2026;31.12.2026;Am Bonner Berg;Graurheindorf;53117;2;9998;1;9999;;;BNG;Graurheindorf;BN;Bonn-Nord;B;Bonn;05.01.2026;05.05.2026;14.09.2026
6484;Sperrmüll;01.01.2026;31.12.2026;Am Rheindorfer Hafen;Graurheindorf;53117;2;9998;1;9999;;;BNG;Graurheindorf;BN;Bonn-Nord;B;Bonn;05.01.2026;05.05.2026;14.09.2026
11310;Sperrmüll;01.01.2026;31.12.2026;Am Rheindorfer Ufer;Graurheindorf;53117;2;9998;1;9999;;;BNG;Graurheindorf;BN;Bonn-Nord;B;Bonn;05.01.2026;05.05.2026;14.09.2026
8957;Sperrmüll;01.01.2026;31.12.2026;An der Margarethenkirche;Graurheindorf;53117;2;9998;1;9999;;;BNG;Graurheindorf;BN;Bonn-Nord;B;Bonn;05.01.2026;05.05.2026;14.09.2026
5392;Sperrmüll;01.01.2026;31.12.2026;An der Pfaffenmütze;Graurheindorf;53117;2;9998;1;9999;;;BNG;Graurheindorf;BN;Bonn-Nord;B;Bonn;05.01.2026;05.05.2026;14.09.2026
1924;Sperrmüll;01.01.2026;31.12.2026;Birkheuserstr.;Graurheindorf;53117;2;9998;1;9999;;;BNG;Graurheindorf;BN;Bonn-Nord;B;Bonn;05.01.2026;05.05.2026;14.09.2026
2495;Sperrmüll;01.01.2026;31.12.2026;Brungsgasse;Graurheindorf;53117;2;9998;1;9999;;;BNG;Graurheindorf;BN;Bonn-Nord;B;Bonn;05.01.2026;05.05.2026;14.09.2026
2765;Sperrmüll;01.01.2026;31.12.2026;Buschdorfer Kirchweg;Graurheindorf;53117;2;9998;1;9999;;;BNG;Graurheindorf;BN;Bonn-Nord;B;Bonn;05.01.2026;05.05.2026;14.09.2026
2630;Sperrmüll;01.01.2026;31.12.2026;Estermannstr.;Graurheindorf;53117;2;134;1;127;;Werftstr - A.d Rheindorfer B.;BNG;Graurheindorf;BN;Bonn-Nord;B;Bonn;05.01.2026;05.05.2026;14.09.2026
2645;Sperrmüll;01.01.2026;31.12.2026;Estermannstr.;Graurheindorf;53117;136;9998;129;9999;;a.d.Rheind.B.- A.d.Margaret.K;BNG;Graurheindorf;BN;Bonn-Nord;B;Bonn;05.01.2026;05.05.2026;14.09.2026
3949;Sperrmüll;01.01.2026;31.12.2026;Estermannufer;Graurheindorf;53117;2;9998;1;9999;;;BNG;Graurheindorf;BN;Bonn-Nord;B;Bonn;05.01.2026;05.05.2026;14.09.2026
4389;Sperrmüll;01.01.2026;31.12.2026;Friesenweg;Graurheindorf;53117;2;9998;1;9999;;;BNG;Graurheindorf;BN;Bonn-Nord;B;Bonn;05.01.2026;05.05.2026;14.09.2026
5042;Sperrmüll;01.01.2026;31.12.2026;Gottbergstr.;Graurheindorf;53117;2;9998;1;9999;;;BNG;Graurheindorf;BN;Bonn-Nord;B;Bonn;05.01.2026;05.05.2026;14.09.2026
5302;Sperrmüll;01.01.2026;31.12.2026;Hafenstr.;Graurheindorf;53117;2;9998;1;9999;;;BNG;Graurheindorf;BN;Bonn-Nord;B;Bonn;05.01.2026;05.05.2026;14.09.2026
5734;Sperrmüll;01.01.2026;31.12.2026;Herpenstr.;Graurheindorf;53117;2;9998;1;9999;;;BNG;Graurheindorf;BN;Bonn-Nord;B;Bonn;05.01.2026;05.05.2026;14.09.2026
5749;Sperrmüll;01.01.2026;31.12.2026;Herseler Str.;Graurheindorf;53117;;;1;9999;;;BNG;Graurheindorf;BN;Bonn-Nord;B;Bonn;07.01.2026;07.05.2026;16.09.2026
42239;Sperrmüll;01.01.2026;31.12.2026;Herseler Str.;Graurheindorf;53117;2;9998;;;;;BNG;Graurheindorf;BN;Bonn-Nord;B;Bonn;07.01.2026;07.05.2026;16.09.2026
7476;Sperrmüll;01.01.2026;31.12.2026;Karl-Hoch-Str.;Graurheindorf;53117;2;9998;1;9999;;;BNG;Graurheindorf;BN;Bonn-Nord;B;Bonn;05.01.2026;05.05.2026;14.09.2026
8039;Sperrmüll;01.01.2026;31.12.2026;Keltenweg;Graurheindorf;53117;2;9998;1;9999;;;BNG;Graurheindorf;BN;Bonn-Nord;B;Bonn;05.01.2026;05.05.2026;14.09.2026
7932;Sperrmüll;01.01.2026;31.12.2026;Kranenweg;Graurheindorf;53117;2;9998;1;9999;;;BNG;Graurheindorf;BN;Bonn-Nord;B;Bonn;05.01.2026;05.05.2026;14.09.2026
8942;Sperrmüll;01.01.2026;31.12.2026;Margarethenplatz;Graurheindorf;53117;2;9998;1;9999;;;BNG;Graurheindorf;BN;Bonn-Nord;B;Bonn;05.01.2026;05.05.2026;14.09.2026
9308;Sperrmüll;01.01.2026;31.12.2026;Mertensgasse;Graurheindorf;53117;2;9998;1;9999;;;BNG;Graurheindorf;BN;Bonn-Nord;B;Bonn;05.01.2026;05.05.2026;14.09.2026
9353;Sperrmüll;01.01.2026;31.12.2026;Milchgasserweg;Graurheindorf;53117;2;9998;1;9999;;;BNG;Graurheindorf;BN;Bonn-Nord;B;Bonn;05.01.2026;05.05.2026;14.09.2026
11524;Sperrmüll;01.01.2026;31.12.2026;Salierweg;Graurheindorf;53117;2;9998;1;9999;;;BNG;Graurheindorf;BN;Bonn-Nord;B;Bonn;05.01.2026;05.05.2026;14.09.2026
13301;Sperrmüll;01.01.2026;31.12.2026;Werftstr.;Graurheindorf;53117;2;9998;1;9999;;;BNG;Graurheindorf;BN;Bonn-Nord;B;Bonn;05.01.2026;05.05.2026;14.09.2026
13724;Sperrmüll;01.01.2026;31.12.2026;Zweimühlenweg;Graurheindorf;53117;2;9998;1;9999;;;BNG;Graurheindorf;BN;Bonn-Nord;B;Bonn;05.01.2026;05.05.2026;14.09.2026
43;Sperrmüll;01.01.2026;31.12.2026;Achim-von-Arnim-Str.;Gronau;53113;2;9998;1;9999;;;BZG;Gronau;BZ;Bonn-Zentrum;B;Bonn;27.03.2026;14.07.2026;04.12.2026
3568;Sperrmüll;01.01.2026;31.12.2026;Adalbert-Stifter-Str.;Gronau;53113;2;9998;1;9999;;;BZG;Gronau;BZ;Bonn-Zentrum;B;Bonn;27.03.2026;14.07.2026;04.12.2026
1299;Sperrmüll;01.01.2026;31.12.2026;Adenauerallee;Gronau;53113;2;62;31;79;;Erste Fährgasse - Weberstr.;BZG;Gronau;BZ;Bonn-Zentrum;B;Bonn;30.01.2026;20.05.2026;29.09.2026
1319;Sperrmüll;01.01.2026;31.12.2026;Adenauerallee;Gronau;53113;64;166;81;135;;Weberstr - Simrockstr;BZG;Gronau;BZ;Bonn-Zentrum;B;Bonn;30.01.2026;20.05.2026;29.09.2026
1339;Sperrmüll;01.01.2026;31.12.2026;Adenauerallee;Gronau;53111;;;1;25;;Belderberg - Erste Fährgasse;BZG;Gronau;BZ;Bonn-Zentrum;B;Bonn;30.01.2026;20.05.2026;29.09.2026
1354;Sperrmüll;01.01.2026;31.12.2026;Adenauerallee;Gronau;53111;;;27;29;;;BZG;Gronau;BZ;Bonn-Zentrum;B;Bonn;30.01.2026;20.05.2026;29.09.2026
43028;Sperrmüll;01.01.2026;31.12.2026;Adenauerallee;Gronau;53113;168;9998;137;9999;;Simrockstr - Reuterstr;BZG;Gronau;BZ;Bonn-Zentrum;B;Bonn;30.01.2026;20.05.2026;29.09.2026
1123;Sperrmüll;01.01.2026;31.12.2026;Arndtstr.;Gronau;53113;2;9998;1;9999;;;BZG;Gronau;BZ;Bonn-Zentrum;B;Bonn;06.02.2026;29.05.2026;01.10.2026
1595;Sperrmüll;01.01.2026;31.12.2026;Baunscheidtstr.;Gronau;53113;2;9998;1;9999;;;BZG;Gronau;BZ;Bonn-Zentrum;B;Bonn;05.03.2026;22.06.2026;10.11.2026
2389;Sperrmüll;01.01.2026;31.12.2026;Brentanostr.;Gronau;53113;2;9998;1;9999;;;BZG;Gronau;BZ;Bonn-Zentrum;B;Bonn;27.03.2026;14.07.2026;04.12.2026
2735;Sperrmüll;01.01.2026;31.12.2026;Bundeskanzlerplatz;Gronau;53113;;;1;9999;;;BZG;Gronau;BZ;Bonn-Zentrum;B;Bonn;06.02.2026;29.05.2026;01.10.2026
43600;Sperrmüll;01.01.2026;31.12.2026;Bundeskanzlerplatz;Gronau;53113;2;9998;;;;;BZG;Gronau;BZ;Bonn-Zentrum;B;Bonn;05.03.2026;22.06.2026;10.11.2026
2675;Sperrmüll;01.01.2026;31.12.2026;Buschstr.;Gronau;53113;2;9998;1;9999;;;BZG;Gronau;BZ;Bonn-Zentrum;B;Bonn;06.02.2026;29.05.2026;01.10.2026
788;Sperrmüll;01.01.2026;31.12.2026;Charles-de-Gaulle-Str.;Gronau;53113;2;9998;1;9999;;;BZG;Gronau;BZ;Bonn-Zentrum;B;Bonn;27.03.2026;14.07.2026;04.12.2026
2947;Sperrmüll;01.01.2026;31.12.2026;Coburger Str.;Gronau;53113;2;9998;1;9999;;;BZG;Gronau;BZ;Bonn-Zentrum;B;Bonn;05.03.2026;22.06.2026;10.11.2026
3042;Sperrmüll;01.01.2026;31.12.2026;Dahlmannstr.;Gronau;53113;2;9998;1;9999;;;BZG;Gronau;BZ;Bonn-Zentrum;B;Bonn;27.03.2026;14.07.2026;04.12.2026
3964;Sperrmüll;01.01.2026;31.12.2026;E.-T.-A.-Hoffmann-Str.;Gronau;53113;2;9998;1;9999;;;BZG;Gronau;BZ;Bonn-Zentrum;B;Bonn;27.03.2026;14.07.2026;04.12.2026
3485;Sperrmüll;01.01.2026;31.12.2026;Eduard-Pflüger-Str.;Gronau;53113;2;9998;1;9999;;;BZG;Gronau;BZ;Bonn-Zentrum;B;Bonn;05.03.2026;22.06.2026;10.11.2026
4029;Sperrmüll;01.01.2026;31.12.2026;Emil-Nolde-Str.;Gronau;53113;2;9998;1;9999;;;BZG;Gronau;BZ;Bonn-Zentrum;B;Bonn;05.03.2026;22.06.2026;10.11.2026
5162;Sperrmüll;01.01.2026;31.12.2026;Franz-Josef-Strauß-Allee;Gronau;53113;2;9998;1;9999;;;BZG;Gronau;BZ;Bonn-Zentrum;B;Bonn;27.03.2026;14.07.2026;04.12.2026
4312;Sperrmüll;01.01.2026;31.12.2026;Friedrich-Ebert-Allee;Gronau;53113;;;1;9999;;;BZG;Gronau;BZ;Bonn-Zentrum;B;Bonn;27.03.2026;14.07.2026;04.12.2026
4328;Sperrmüll;01.01.2026;31.12.2026;Friedrich-Ebert-Allee;Gronau;53113;2;9998;;;;;BZG;Gronau;BZ;Bonn-Zentrum;B;Bonn;27.03.2026;14.07.2026;04.12.2026
4374;Sperrmüll;01.01.2026;31.12.2026;Friedrich-Wilhelm-Str.;Gronau;53113;2;9998;1;9999;;;BZG;Gronau;BZ;Bonn-Zentrum;B;Bonn;27.03.2026;14.07.2026;04.12.2026
8535;Sperrmüll;01.01.2026;31.12.2026;Fritz-Erler-Str.;Gronau;53113;2;9998;1;9999;;;BZG;Gronau;BZ;Bonn-Zentrum;B;Bonn;27.03.2026;14.07.2026;04.12.2026
9907;Sperrmüll;01.01.2026;31.12.2026;Fritz-Schäffer-Str.;Gronau;53113;2;9998;1;9999;;;BZG;Gronau;BZ;Bonn-Zentrum;B;Bonn;27.03.2026;14.07.2026;04.12.2026
13119;Sperrmüll;01.01.2026;31.12.2026;Genscherallee;Gronau;53113;2;9998;1;9999;;;BZG;Gronau;BZ;Bonn-Zentrum;B;Bonn;05.03.2026;22.06.2026;10.11.2026
5592;Sperrmüll;01.01.2026;31.12.2026;Heimkehrerweg;Gronau;53113;2;9998;1;9999;;;BZG;Gronau;BZ;Bonn-Zentrum;B;Bonn;27.03.2026;14.07.2026;04.12.2026
10286;Sperrmüll;01.01.2026;31.12.2026;Heinrich-Brüning-Str.;Gronau;53113;2;9998;1;9999;;;BZG;Gronau;BZ;Bonn-Zentrum;B;Bonn;27.03.2026;14.07.2026;04.12.2026
12803;Sperrmüll;01.01.2026;31.12.2026;Heinrich-Lübke-Str.;Gronau;53113;2;9998;1;9999;;;BZG;Gronau;BZ;Bonn-Zentrum;B;Bonn;27.03.2026;14.07.2026;04.12.2026
43153;Sperrmüll;01.01.2026;31.12.2026;Helmut-Kohl-Allee;Gronau;53113;2;9998;1;9999;;;BZG;Gronau;BZ;Bonn-Zentrum;B;Bonn;27.03.2026;14.07.2026;04.12.2026
42791;Sperrmüll;01.01.2026;31.12.2026;Helmut-Schmidt-Platz;Gronau;53113;2;9998;1;9999;;;BZG;Gronau;BZ;Bonn-Zentrum;B;Bonn;27.03.2026;14.07.2026;04.12.2026
5704;Sperrmüll;01.01.2026;31.12.2026;Hermann-Ehlers-Str.;Gronau;53113;2;9998;1;9999;;;BZG;Gronau;BZ;Bonn-Zentrum;B;Bonn;27.03.2026;14.07.2026;04.12.2026
5814;Sperrmüll;01.01.2026;31.12.2026;Heussallee;Gronau;53113;2;14;1;5;;F.Ebert-Allee - W.Churchill-A.;BZG;Gronau;BZ;Bonn-Zentrum;B;Bonn;27.03.2026;14.07.2026;04.12.2026
5829;Sperrmüll;01.01.2026;31.12.2026;Heussallee;Gronau;53113;16;9998;7;9999;;W.Churchill-A.- K.Schumacherst;BZG;Gronau;BZ;Bonn-Zentrum;B;Bonn;27.03.2026;14.07.2026;04.12.2026
6666;Sperrmüll;01.01.2026;31.12.2026;Joachimstr.;Gronau;53113;2;9998;1;9999;;;BZG;Gronau;BZ;Bonn-Zentrum;B;Bonn;06.02.2026;29.05.2026;01.10.2026
11664;Sperrmüll;01.01.2026;31.12.2026;Johannes-Henry-Str.;Gronau;53113;2;9998;1;9999;;;BZG;Gronau;BZ;Bonn-Zentrum;B;Bonn;06.02.2026;29.05.2026;01.10.2026
6726;Sperrmüll;01.01.2026;31.12.2026;Johanniterstr.;Gronau;53113;2;9998;1;9999;;;BZG;Gronau;BZ;Bonn-Zentrum;B;Bonn;27.03.2026;14.07.2026;04.12.2026
6821;Sperrmüll;01.01.2026;31.12.2026;Joseph-Beuys-Allee;Gronau;53113;2;9998;1;9999;;;BZG;Gronau;BZ;Bonn-Zentrum;B;Bonn;05.03.2026;22.06.2026;10.11.2026
6896;Sperrmüll;01.01.2026;31.12.2026;Kaiser-Friedrich-Str.;Gronau;53113;2;9998;1;9999;;;BZG;Gronau;BZ;Bonn-Zentrum;B;Bonn;30.01.2026;20.05.2026;29.09.2026
7005;Sperrmüll;01.01.2026;31.12.2026;Kaiserstr.;Gronau;53113;2;32;1;21;;Kaiserplatz-Fritz-Tillmannstr;BZG;Gronau;BZ;Bonn-Zentrum;B;Bonn;06.02.2026;29.05.2026;01.10.2026
7020;Sperrmüll;01.01.2026;31.12.2026;Kaiserstr.;Gronau;53113;54;110;89;153;;Weberstr - Joachimstr;BZG;Gronau;BZ;Bonn-Zentrum;B;Bonn;06.02.2026;29.05.2026;01.10.2026
7035;Sperrmüll;01.01.2026;31.12.2026;Kaiserstr.;Gronau;53113;34;52;23;87;;Fritz-Tillmannstr - Weberstr;BZG;Gronau;BZ;Bonn-Zentrum;B;Bonn;06.02.2026;29.05.2026;01.10.2026
42539;Sperrmüll;01.01.2026;31.12.2026;Kaiserstr.;Gronau;53113;112;9998;155;9999;;Joachimstr - Reuterstr;BZG;Gronau;BZ;Bonn-Zentrum;B;Bonn;06.02.2026;29.05.2026;01.10.2026
6866;Sperrmüll;01.01.2026;31.12.2026;Karl-Carstens-Str.;Gronau;53113;2;9998;1;9999;;;BZG;Gronau;BZ;Bonn-Zentrum;B;Bonn;27.03.2026;14.07.2026;04.12.2026
6881;Sperrmüll;01.01.2026;31.12.2026;Karl-Marx-Str.;Gronau;53113;2;9998;1;9999;;;BZG;Gronau;BZ;Bonn-Zentrum;B;Bonn;05.03.2026;22.06.2026;10.11.2026
43500;Sperrmüll;01.01.2026;31.12.2026;Katharina-Focke-Str.;Gronau;53113;2;9998;1;9999;;;BZG;Gronau;BZ;Bonn-Zentrum;B;Bonn;05.03.2026;22.06.2026;10.11.2026
8069;Sperrmüll;01.01.2026;31.12.2026;Kurt-Schumacher-Str.;Gronau;53113;2;9998;1;9999;;;BZG;Gronau;BZ;Bonn-Zentrum;B;Bonn;27.03.2026;14.07.2026;04.12.2026
8179;Sperrmüll;01.01.2026;31.12.2026;Langenbachstr.;Gronau;53113;2;9998;1;9999;;;BZG;Gronau;BZ;Bonn-Zentrum;B;Bonn;27.03.2026;14.07.2026;04.12.2026
8254;Sperrmüll;01.01.2026;31.12.2026;Lennéstr.;Gronau;53113;2;56;1;57;;Am Hofgarten - Weberstr;BZG;Gronau;BZ;Bonn-Zentrum;B;Bonn;06.02.2026;29.05.2026;01.10.2026
8269;Sperrmüll;01.01.2026;31.12.2026;Lennéstr.;Gronau;53113;58;9998;59;9999;;Weberstr - Niebuhrstr;BZG;Gronau;BZ;Bonn-Zentrum;B;Bonn;06.02.2026;29.05.2026;01.10.2026
9323;Sperrmüll;01.01.2026;31.12.2026;Marie-Kahle-Allee;Gronau;53113;2;9998;1;9999;;;BZG;Gronau;BZ;Bonn-Zentrum;B;Bonn;05.03.2026;22.06.2026;10.11.2026
9556;Sperrmüll;01.01.2026;31.12.2026;Menuhinstr.;Gronau;53113;2;9998;1;9999;;;BZG;Gronau;BZ;Bonn-Zentrum;B;Bonn;27.03.2026;14.07.2026;04.12.2026
9847;Sperrmüll;01.01.2026;31.12.2026;Nahum-Goldmann-Allee;Gronau;53113;2;9998;1;9999;;;BZG;Gronau;BZ;Bonn-Zentrum;B;Bonn;05.03.2026;22.06.2026;10.11.2026
9736;Sperrmüll;01.01.2026;31.12.2026;Niebuhrstr.;Gronau;53113;2;9998;1;9999;;;BZG;Gronau;BZ;Bonn-Zentrum;B;Bonn;06.02.2026;29.05.2026;01.10.2026
9937;Sperrmüll;01.01.2026;31.12.2026;Ollenhauerstr.;Gronau;53113;2;9998;1;9999;;;BZG;Gronau;BZ;Bonn-Zentrum;B;Bonn;05.03.2026;22.06.2026;10.11.2026
9862;Sperrmüll;01.01.2026;31.12.2026;Olof-Palme-Allee;Gronau;53113;2;9998;1;9999;;;BZG;Gronau;BZ;Bonn-Zentrum;B;Bonn;05.03.2026;22.06.2026;10.11.2026
10061;Sperrmüll;01.01.2026;31.12.2026;Oscar-Romero-Allee;Gronau;53113;2;9998;1;9999;;;BZG;Gronau;BZ;Bonn-Zentrum;B;Bonn;05.03.2026;22.06.2026;10.11.2026
10211;Sperrmüll;01.01.2026;31.12.2026;Paul-Clemen-Str.;Gronau;53113;2;9998;1;9999;;;BZG;Gronau;BZ;Bonn-Zentrum;B;Bonn;05.03.2026;22.06.2026;10.11.2026
3072;Sperrmüll;01.01.2026;31.12.2026;Petra-Kelly-Allee;Gronau;53113;2;9998;1;9999;;;BZG;Gronau;BZ;Bonn-Zentrum;B;Bonn;27.03.2026;14.07.2026;04.12.2026
10076;Sperrmüll;01.01.2026;31.12.2026;Platz der Deutschen Post;Gronau;53113;2;9998;1;9999;;;BZG;Gronau;BZ;Bonn-Zentrum;B;Bonn;27.03.2026;14.07.2026;04.12.2026
13664;Sperrmüll;01.01.2026;31.12.2026;Platz der Vereinten Nationen;Gronau;53113;2;9998;1;9999;;;BZG;Gronau;BZ;Bonn-Zentrum;B;Bonn;27.03.2026;14.07.2026;04.12.2026
11430;Sperrmüll;01.01.2026;31.12.2026;Raiffeisenstr.;Gronau;53113;2;9998;1;9999;;;BZG;Gronau;BZ;Bonn-Zentrum;B;Bonn;30.01.2026;20.05.2026;29.09.2026
10670;Sperrmüll;01.01.2026;31.12.2026;Reuterstr.;Gronau;53115;;;1;57;;Venusbergweg - Argelanderstr;BZG;Gronau;BZ;Bonn-Zentrum;B;Bonn;02.02.2026;22.05.2026;05.10.2026
10685;Sperrmüll;01.01.2026;31.12.2026;Reuterstr.;Gronau;53113;2;20;;;;Kirschallee - Luisenstr;BZG;Gronau;BZ;Bonn-Zentrum;B;Bonn;02.02.2026;22.05.2026;05.10.2026
10700;Sperrmüll;01.01.2026;31.12.2026;Reuterstr.;Gronau;53115;;;59;67;;Argelanderstr-gegenü.Renoisstr;BZG;Gronau;BZ;Bonn-Zentrum;B;Bonn;02.02.2026;22.05.2026;05.10.2026
10715;Sperrmüll;01.01.2026;31.12.2026;Reuterstr.;Gronau;53115;22;36;;;;Luisenstr - Argelanderstr;BZG;Gronau;BZ;Bonn-Zentrum;B;Bonn;02.02.2026;22.05.2026;05.10.2026
10730;Sperrmüll;01.01.2026;31.12.2026;Reuterstr.;Gronau;53113;;;111;145;;Bonner Talweg - Schumannstr;BZG;Gronau;BZ;Bonn-Zentrum;B;Bonn;02.02.2026;22.05.2026;05.10.2026
10745;Sperrmüll;01.01.2026;31.12.2026;Reuterstr.;Gronau;53129;78;100;;;;Bonner Talweg - Hausdorffstr;BZG;Gronau;BZ;Bonn-Zentrum;B;Bonn;02.02.2026;22.05.2026;05.10.2026
10760;Sperrmüll;01.01.2026;31.12.2026;Reuterstr.;Gronau;53113;;;147;199;;Schumannstr - Reuterbrücke;BZG;Gronau;BZ;Bonn-Zentrum;B;Bonn;02.02.2026;22.05.2026;05.10.2026
10775;Sperrmüll;01.01.2026;31.12.2026;Reuterstr.;Gronau;53129;102;9998;;;;Hausdorffstr - Adenauerallee;BZG;Gronau;BZ;Bonn-Zentrum;B;Bonn;02.02.2026;22.05.2026;05.10.2026
10790;Sperrmüll;01.01.2026;31.12.2026;Reuterstr.;Gronau;53113;;;201;9999;;Reuterbrücke - Adenauerallee;BZG;Gronau;BZ;Bonn-Zentrum;B;Bonn;06.02.2026;29.05.2026;01.10.2026
10805;Sperrmüll;01.01.2026;31.12.2026;Reuterstr.;Gronau;53113;38;76;;;;Argelanderstr - Bonner Talweg;BZG;Gronau;BZ;Bonn-Zentrum;B;Bonn;02.02.2026;22.05.2026;05.10.2026
10820;Sperrmüll;01.01.2026;31.12.2026;Reuterstr.;Gronau;53113;;;69;109;;gegenü.Renoisstr-Bonner Talweg;BZG;Gronau;BZ;Bonn-Zentrum;B;Bonn;02.02.2026;22.05.2026;05.10.2026
10904;Sperrmüll;01.01.2026;31.12.2026;Rheinweg;Gronau;53113;2;34;1;41;;Willy Brandt-Allee - Bahn;BZG;Gronau;BZ;Bonn-Zentrum;B;Bonn;05.03.2026;22.06.2026;10.11.2026
10919;Sperrmüll;01.01.2026;31.12.2026;Rheinweg;Gronau;53129;36;102;43;121;;Bahn - Karl-Barthstr;BZG;Gronau;BZ;Bonn-Zentrum;B;Bonn;04.03.2026;19.06.2026;09.11.2026
10934;Sperrmüll;01.01.2026;31.12.2026;Rheinweg;Gronau;53129;104;9998;123;9999;;Karl-Barthstr - Burbacherstr;BZG;Gronau;BZ;Bonn-Zentrum;B;Bonn;04.03.2026;19.06.2026;09.11.2026
11634;Sperrmüll;01.01.2026;31.12.2026;Schedestr.;Gronau;53113;2;9998;1;9999;;;BZG;Gronau;BZ;Bonn-Zentrum;B;Bonn;06.02.2026;29.05.2026;01.10.2026
11679;Sperrmüll;01.01.2026;31.12.2026;Schlegelstr.;Gronau;53113;2;9998;1;9999;;;BZG;Gronau;BZ;Bonn-Zentrum;B;Bonn;27.03.2026;14.07.2026;04.12.2026
12028;Sperrmüll;01.01.2026;31.12.2026;Simrockstr.;Gronau;53113;2;9998;1;9999;;;BZG;Gronau;BZ;Bonn-Zentrum;B;Bonn;06.02.2026;29.05.2026;01.10.2026
12323;Sperrmüll;01.01.2026;31.12.2026;Straßburger Weg;Gronau;53113;2;9998;1;9999;;;BZG;Gronau;BZ;Bonn-Zentrum;B;Bonn;05.03.2026;22.06.2026;10.11.2026
12293;Sperrmüll;01.01.2026;31.12.2026;Sträßchensweg;Gronau;53113;2;6;1;3;;F.J.Strauß-Allee - F.Wilhelmst;BZG;Gronau;BZ;Bonn-Zentrum;B;Bonn;27.03.2026;14.07.2026;04.12.2026
12308;Sperrmüll;01.01.2026;31.12.2026;Sträßchensweg;Gronau;53113;8;9998;5;9999;;F.Wilhelmstr - A.v.Arnimstr;BZG;Gronau;BZ;Bonn-Zentrum;B;Bonn;27.03.2026;14.07.2026;04.12.2026
12338;Sperrmüll;01.01.2026;31.12.2026;Stresemannufer;Gronau;53113;2;9998;1;9999;;;BZG;Gronau;BZ;Bonn-Zentrum;B;Bonn;27.03.2026;14.07.2026;04.12.2026
13559;Sperrmüll;01.01.2026;31.12.2026;Tempelstr.;Gronau;53113;2;9998;1;9999;;;BZG;Gronau;BZ;Bonn-Zentrum;B;Bonn;30.01.2026;20.05.2026;29.09.2026
13785;Sperrmüll;01.01.2026;31.12.2026;Tulpenfeld;Gronau;53113;2;9998;1;9999;;;BZG;Gronau;BZ;Bonn-Zentrum;B;Bonn;27.03.2026;14.07.2026;04.12.2026
13149;Sperrmüll;01.01.2026;31.12.2026;Weberstr.;Gronau;53113;2;50;1;39;;Adenauerallee - Kaiserstr;BZG;Gronau;BZ;Bonn-Zentrum;B;Bonn;06.02.2026;29.05.2026;01.10.2026
13164;Sperrmüll;01.01.2026;31.12.2026;Weberstr.;Gronau;53113;52;114;41;69;;Bahn - Bonner Talweg;BZG;Gronau;BZ;Bonn-Zentrum;B;Bonn;02.02.2026;22.05.2026;05.10.2026
13180;Sperrmüll;01.01.2026;31.12.2026;Weberstr.;Gronau;53113;116;9998;71;9999;;Bonner Talweg - Argelanderstr;BZG;Gronau;BZ;Bonn-Zentrum;B;Bonn;02.02.2026;22.05.2026;05.10.2026
13240;Sperrmüll;01.01.2026;31.12.2026;Welckerstr.;Gronau;53113;2;9998;1;9999;;;BZG;Gronau;BZ;Bonn-Zentrum;B;Bonn;27.03.2026;14.07.2026;04.12.2026
13422;Sperrmüll;01.01.2026;31.12.2026;Wilhelm-Spiritus-Ufer;Gronau;53113;2;9998;1;9999;;;BZG;Gronau;BZ;Bonn-Zentrum;B;Bonn;30.01.2026;20.05.2026;29.09.2026
13649;Sperrmüll;01.01.2026;31.12.2026;Willy-Brandt-Allee;Gronau;53113;2;9998;1;9999;11;;BZG;Gronau;BZ;Bonn-Zentrum;B;Bonn;27.03.2026;14.07.2026;04.12.2026
43575;Sperrmüll;01.01.2026;31.12.2026;Willy-Brandt-Allee;Gronau;53113;;;;;;;BZG;Gronau;BZ;Bonn-Zentrum;B;Bonn;27.03.2026;14.07.2026;04.12.2026
13589;Sperrmüll;01.01.2026;31.12.2026;Winston-Churchill-Str.;Gronau;53113;2;9998;1;9999;;;BZG;Gronau;BZ;Bonn-Zentrum;B;Bonn;27.03.2026;14.07.2026;04.12.2026
13694;Sperrmüll;01.01.2026;31.12.2026;Zitelmannstr.;Gronau;53113;2;9998;1;9999;;;BZG;Gronau;BZ;Bonn-Zentrum;B;Bonn;27.03.2026;14.07.2026;04.12.2026
13739;Sperrmüll;01.01.2026;31.12.2026;Zweite Fährgasse;Gronau;53113;2;9998;1;9999;;;BZG;Gronau;BZ;Bonn-Zentrum;B;Bonn;30.01.2026;20.05.2026;29.09.2026
37189;Sperrmüll;01.01.2026;31.12.2026;Hardthöhe;Hardthöhe;53125;2;9998;1;9999;;;BHJ;Hardthöhe;BH;Hardtberg;B;Bonn;23.02.2026;10.06.2026;15.10.2026
13905;Sperrmüll;01.01.2026;31.12.2026;Ahornweg;Heiderhof;53177;2;9998;1;9999;;;BGM;Heiderhof;BG;Bad Godesberg;B;Bonn;13.03.2026;30.06.2026;16.11.2026
13935;Sperrmüll;01.01.2026;31.12.2026;Akazienweg;Heiderhof;53177;2;9998;1;9999;;;BGM;Heiderhof;BG;Bad Godesberg;B;Bonn;13.03.2026;30.06.2026;16.11.2026
15105;Sperrmüll;01.01.2026;31.12.2026;Breiter Weg;Heiderhof;53177;2;9998;1;9999;;;BGM;Heiderhof;BG;Bad Godesberg;B;Bonn;13.03.2026;30.06.2026;16.11.2026
15960;Sperrmüll;01.01.2026;31.12.2026;Eschenweg;Heiderhof;53177;2;9998;1;9999;;;BGM;Heiderhof;BG;Bad Godesberg;B;Bonn;13.03.2026;30.06.2026;16.11.2026
16050;Sperrmüll;01.01.2026;31.12.2026;Fichtestr.;Heiderhof;53177;2;9998;1;9999;;;BGM;Heiderhof;BG;Bad Godesberg;B;Bonn;13.03.2026;30.06.2026;16.11.2026
16355;Sperrmüll;01.01.2026;31.12.2026;Fuderbachsweg;Heiderhof;53177;2;9998;1;9999;;;BGM;Heiderhof;BG;Bad Godesberg;B;Bonn;11.03.2026;25.06.2026;18.11.2026
16490;Sperrmüll;01.01.2026;31.12.2026;Gimmersdorfer Weg;Heiderhof;53177;2;9998;1;9999;;;BGM;Heiderhof;BG;Bad Godesberg;B;Bonn;12.03.2026;29.06.2026;17.11.2026
15195;Sperrmüll;01.01.2026;31.12.2026;Hainbuchenweg;Heiderhof;53177;2;9998;1;9999;;;BGM;Heiderhof;BG;Bad Godesberg;B;Bonn;13.03.2026;30.06.2026;16.11.2026
16915;Sperrmüll;01.01.2026;31.12.2026;Haselnußweg;Heiderhof;53177;2;9998;1;9999;;;BGM;Heiderhof;BG;Bad Godesberg;B;Bonn;13.03.2026;30.06.2026;16.11.2026
17010;Sperrmüll;01.01.2026;31.12.2026;Hegelstr.;Heiderhof;53177;2;9998;1;9999;;;BGM;Heiderhof;BG;Bad Godesberg;B;Bonn;13.03.2026;30.06.2026;16.11.2026
17025;Sperrmüll;01.01.2026;31.12.2026;Heiderhofring;Heiderhof;53177;2;9998;1;9999;;;BGM;Heiderhof;BG;Bad Godesberg;B;Bonn;13.03.2026;30.06.2026;16.11.2026
17285;Sperrmüll;01.01.2026;31.12.2026;Hohle Gasse;Heiderhof;53177;2;9998;1;9999;;;BGM;Heiderhof;BG;Bad Godesberg;B;Bonn;18.03.2026;01.07.2026;20.11.2026
17940;Sperrmüll;01.01.2026;31.12.2026;Kantstr.;Heiderhof;53177;2;9998;1;9999;;;BGM;Heiderhof;BG;Bad Godesberg;B;Bonn;13.03.2026;30.06.2026;16.11.2026
18015;Sperrmüll;01.01.2026;31.12.2026;Kastanienweg;Heiderhof;53177;2;9998;1;9999;;;BGM;Heiderhof;BG;Bad Godesberg;B;Bonn;13.03.2026;30.06.2026;16.11.2026
18919;Sperrmüll;01.01.2026;31.12.2026;Leibnizstr.;Heiderhof;53177;2;9998;1;9999;;;BGM;Heiderhof;BG;Bad Godesberg;B;Bonn;13.03.2026;30.06.2026;16.11.2026
18964;Sperrmüll;01.01.2026;31.12.2026;Ließemer Weg;Heiderhof;53177;2;9998;1;9999;;;BGM;Heiderhof;BG;Bad Godesberg;B;Bonn;12.03.2026;29.06.2026;17.11.2026
17760;Sperrmüll;01.01.2026;31.12.2026;Magnolienweg;Heiderhof;53177;2;9998;1;9999;;;BGM;Heiderhof;BG;Bad Godesberg;B;Bonn;13.03.2026;30.06.2026;16.11.2026
20441;Sperrmüll;01.01.2026;31.12.2026;Mandelbaumweg;Heiderhof;53177;2;9998;1;9999;;;BGM;Heiderhof;BG;Bad Godesberg;B;Bonn;13.03.2026;30.06.2026;16.11.2026
19326;Sperrmüll;01.01.2026;31.12.2026;Marktplatz;Heiderhof;53173;2;9998;1;9999;;;BGM;Heiderhof;BG;Bad Godesberg;B;Bonn;11.03.2026;25.06.2026;18.11.2026
19861;Sperrmüll;01.01.2026;31.12.2026;Nietzschestr.;Heiderhof;53177;2;9998;1;9999;;;BGM;Heiderhof;BG;Bad Godesberg;B;Bonn;27.01.2026;26.06.2026;15.12.2026
20071;Sperrmüll;01.01.2026;31.12.2026;Pappelweg;Heiderhof;53177;2;9998;1;9999;;;BGM;Heiderhof;BG;Bad Godesberg;B;Bonn;13.03.2026;30.06.2026;16.11.2026
20121;Sperrmüll;01.01.2026;31.12.2026;Pecher Str.;Heiderhof;53177;2;9998;1;9999;;;BGM;Heiderhof;BG;Bad Godesberg;B;Bonn;11.03.2026;25.06.2026;18.11.2026
20226;Sperrmüll;01.01.2026;31.12.2026;Philosophenring;Heiderhof;53177;2;9998;1;9999;;;BGM;Heiderhof;BG;Bad Godesberg;B;Bonn;13.03.2026;30.06.2026;16.11.2026
23571;Sperrmüll;01.01.2026;31.12.2026;Robinienweg;Heiderhof;53177;2;9998;1;9999;;;BGM;Heiderhof;BG;Bad Godesberg;B;Bonn;27.01.2026;26.06.2026;15.12.2026
20916;Sperrmüll;01.01.2026;31.12.2026;Rotdornweg;Heiderhof;53177;2;9998;1;9999;;;BGM;Heiderhof;BG;Bad Godesberg;B;Bonn;13.03.2026;30.06.2026;16.11.2026
15755;Sperrmüll;01.01.2026;31.12.2026;Schlehenweg;Heiderhof;53177;2;9998;1;9999;;;BGM;Heiderhof;BG;Bad Godesberg;B;Bonn;13.03.2026;30.06.2026;16.11.2026
21161;Sperrmüll;01.01.2026;31.12.2026;Schopenhauerstr.;Heiderhof;53177;2;9998;1;9999;;;BGM;Heiderhof;BG;Bad Godesberg;B;Bonn;13.03.2026;30.06.2026;16.11.2026
14955;Sperrmüll;01.01.2026;31.12.2026;Schwarzbirkenweg;Heiderhof;53177;2;9998;1;9999;;;BGM;Heiderhof;BG;Bad Godesberg;B;Bonn;13.03.2026;30.06.2026;16.11.2026
22055;Sperrmüll;01.01.2026;31.12.2026;Tulpenbaumweg;Heiderhof;53177;2;9998;1;9999;;;BGM;Heiderhof;BG;Bad Godesberg;B;Bonn;13.03.2026;30.06.2026;16.11.2026
22585;Sperrmüll;01.01.2026;31.12.2026;Weißdornweg;Heiderhof;53177;2;9998;1;9999;;;BGM;Heiderhof;BG;Bad Godesberg;B;Bonn;13.03.2026;30.06.2026;16.11.2026
23286;Sperrmüll;01.01.2026;31.12.2026;Andreas-Hermes-Str.;Hochkreuz;53175;2;9998;1;9999;;;BGA;Hochkreuz;BG;Bad Godesberg;B;Bonn;27.03.2026;14.07.2026;04.12.2026
14390;Sperrmüll;01.01.2026;31.12.2026;Anhalter Str.;Hochkreuz;53175;2;9998;1;9999;;;BGA;Hochkreuz;BG;Bad Godesberg;B;Bonn;27.03.2026;14.07.2026;04.12.2026
14910;Sperrmüll;01.01.2026;31.12.2026;Berliner Ring;Hochkreuz;53175;2;9998;1;9999;;;BGA;Hochkreuz;BG;Bad Godesberg;B;Bonn;27.03.2026;14.07.2026;04.12.2026
15090;Sperrmüll;01.01.2026;31.12.2026;Brandenburger Str.;Hochkreuz;53175;2;9998;1;9999;;;BGA;Hochkreuz;BG;Bad Godesberg;B;Bonn;27.03.2026;14.07.2026;04.12.2026
42806;Sperrmüll;01.01.2026;31.12.2026;Carlo-Schmid-Str.;Hochkreuz;53175;2;9998;1;9999;;;BGA;Hochkreuz;BG;Bad Godesberg;B;Bonn;27.03.2026;14.07.2026;04.12.2026
15365;Sperrmüll;01.01.2026;31.12.2026;Cheruskerstr.;Hochkreuz;53175;2;9998;1;9999;;;BGA;Hochkreuz;BG;Bad Godesberg;B;Bonn;27.03.2026;14.07.2026;04.12.2026
23256;Sperrmüll;01.01.2026;31.12.2026;Ferdinand-Lassalle-Str.;Hochkreuz;53175;2;9998;1;9999;;;BGA;Hochkreuz;BG;Bad Godesberg;B;Bonn;27.03.2026;14.07.2026;04.12.2026
16115;Sperrmüll;01.01.2026;31.12.2026;Frankenstr.;Hochkreuz;53175;2;9998;1;9999;;;BGA;Hochkreuz;BG;Bad Godesberg;B;Bonn;27.03.2026;14.07.2026;04.12.2026
23676;Sperrmüll;01.01.2026;31.12.2026;Graf-von-Lehndorff-Str.;Hochkreuz;53175;2;9998;1;9999;;;BGA;Hochkreuz;BG;Bad Godesberg;B;Bonn;27.03.2026;14.07.2026;04.12.2026
21825;Sperrmüll;01.01.2026;31.12.2026;Heinemannstr.;Hochkreuz;53175;2;9998;1;9999;;;BGA;Hochkreuz;BG;Bad Godesberg;B;Bonn;27.03.2026;14.07.2026;04.12.2026
17270;Sperrmüll;01.01.2026;31.12.2026;Heinrich-von-Stephan-Str.;Hochkreuz;53175;2;9998;1;9999;;;BGA;Hochkreuz;BG;Bad Godesberg;B;Bonn;27.03.2026;14.07.2026;04.12.2026
23706;Sperrmüll;01.01.2026;31.12.2026;Herbert-Wehner-Platz;Hochkreuz;53175;2;9998;1;9999;;;BGA;Hochkreuz;BG;Bad Godesberg;B;Bonn;27.03.2026;14.07.2026;04.12.2026
17300;Sperrmüll;01.01.2026;31.12.2026;Holbeinstr.;Hochkreuz;53175;2;9998;1;9999;;;BGA;Hochkreuz;BG;Bad Godesberg;B;Bonn;27.03.2026;14.07.2026;04.12.2026
23226;Sperrmüll;01.01.2026;31.12.2026;Jean-Monnet-Str.;Hochkreuz;53175;2;9998;1;9999;;;BGA;Hochkreuz;BG;Bad Godesberg;B;Bonn;27.03.2026;14.07.2026;04.12.2026
23271;Sperrmüll;01.01.2026;31.12.2026;Johanna-Kinkel-Str.;Hochkreuz;53175;2;9998;1;9999;;;BGA;Hochkreuz;BG;Bad Godesberg;B;Bonn;27.03.2026;14.07.2026;04.12.2026
18030;Sperrmüll;01.01.2026;31.12.2026;Kennedyallee;Hochkreuz;53175;2;30;1;41;;Godesb.A - Langer Grabenweg;BGA;Hochkreuz;BG;Bad Godesberg;B;Bonn;27.03.2026;14.07.2026;04.12.2026
18050;Sperrmüll;01.01.2026;31.12.2026;Kennedyallee;Hochkreuz;53175;90;9998;109;9999;;Mittelstr - Turmstr;BGA;Hochkreuz;BG;Bad Godesberg;B;Bonn;26.03.2026;13.07.2026;01.12.2026
18065;Sperrmüll;01.01.2026;31.12.2026;Kennedyallee;Hochkreuz;53175;32;88;43;107;;Langer Grabenweg - Mittelstr;BGA;Hochkreuz;BG;Bad Godesberg;B;Bonn;27.03.2026;14.07.2026;04.12.2026
23151;Sperrmüll;01.01.2026;31.12.2026;Konrad-Adenauer-Brücke;Hochkreuz;53175;2;9998;1;9999;;;BGA;Hochkreuz;BG;Bad Godesberg;B;Bonn;27.03.2026;14.07.2026;04.12.2026
23211;Sperrmüll;01.01.2026;31.12.2026;Kurt-G.-Kiesinger-Allee;Hochkreuz;53175;2;9998;1;9999;;;BGA;Hochkreuz;BG;Bad Godesberg;B;Bonn;27.03.2026;14.07.2026;04.12.2026
18859;Sperrmüll;01.01.2026;31.12.2026;Langer Grabenweg;Hochkreuz;53175;2;48;1;47;;Kenedyallee - Brandenburgerstr;BGA;Hochkreuz;BG;Bad Godesberg;B;Bonn;27.03.2026;14.07.2026;04.12.2026
18874;Sperrmüll;01.01.2026;31.12.2026;Langer Grabenweg;Hochkreuz;53175;50;9998;49;9999;;Brandenburgerstr - Heinemannst;BGA;Hochkreuz;BG;Bad Godesberg;B;Bonn;27.03.2026;14.07.2026;04.12.2026
19101;Sperrmüll;01.01.2026;31.12.2026;Lucas-Cranach-Str.;Hochkreuz;53175;2;9998;1;9999;;;BGA;Hochkreuz;BG;Bad Godesberg;B;Bonn;27.03.2026;14.07.2026;04.12.2026
21780;Sperrmüll;01.01.2026;31.12.2026;Ludwig-Erhard-Allee;Hochkreuz;53175;2;10;1;13;;Kennedyallee - Heinemannstr;BGA;Hochkreuz;BG;Bad Godesberg;B;Bonn;27.03.2026;14.07.2026;04.12.2026
21795;Sperrmüll;01.01.2026;31.12.2026;Ludwig-Erhard-Allee;Hochkreuz;53175;12;9998;15;9999;;;BGA;Hochkreuz;BG;Bad Godesberg;B;Bonn;27.03.2026;14.07.2026;04.12.2026
19371;Sperrmüll;01.01.2026;31.12.2026;Martin-Luther-King-Str.;Hochkreuz;53175;2;9998;1;9999;;;BGA;Hochkreuz;BG;Bad Godesberg;B;Bonn;27.03.2026;14.07.2026;04.12.2026
19386;Sperrmüll;01.01.2026;31.12.2026;Matthias-Grünewald-Str.;Hochkreuz;53175;2;9998;1;9999;;;BGA;Hochkreuz;BG;Bad Godesberg;B;Bonn;27.03.2026;14.07.2026;04.12.2026
19416;Sperrmüll;01.01.2026;31.12.2026;Max-Löbner-Str.;Hochkreuz;53175;2;9998;1;9999;;;BGA;Hochkreuz;BG;Bad Godesberg;B;Bonn;27.03.2026;14.07.2026;04.12.2026
19521;Sperrmüll;01.01.2026;31.12.2026;Mecklenburger Str.;Hochkreuz;53175;2;9998;1;9999;;;BGA;Hochkreuz;BG;Bad Godesberg;B;Bonn;27.03.2026;14.07.2026;04.12.2026
23241;Sperrmüll;01.01.2026;31.12.2026;Mildred-Scheel-Str.;Hochkreuz;53175;2;9998;1;9999;;;BGA;Hochkreuz;BG;Bad Godesberg;B;Bonn;27.03.2026;14.07.2026;04.12.2026
23691;Sperrmüll;01.01.2026;31.12.2026;Paul-Magar-Str.;Hochkreuz;53175;2;9998;1;9999;;;BGA;Hochkreuz;BG;Bad Godesberg;B;Bonn;27.03.2026;14.07.2026;04.12.2026
23376;Sperrmüll;01.01.2026;31.12.2026;Peter-Hensen-Str.;Hochkreuz;53175;2;9998;1;9999;;;BGA;Hochkreuz;BG;Bad Godesberg;B;Bonn;09.03.2026;24.06.2026;12.11.2026
20616;Sperrmüll;01.01.2026;31.12.2026;Riemenschneiderstr.;Hochkreuz;53175;2;9998;1;9999;;;BGA;Hochkreuz;BG;Bad Godesberg;B;Bonn;27.03.2026;14.07.2026;04.12.2026
20781;Sperrmüll;01.01.2026;31.12.2026;Robert-Schuman-Platz;Hochkreuz;53175;2;9998;1;9999;;;BGA;Hochkreuz;BG;Bad Godesberg;B;Bonn;27.03.2026;14.07.2026;04.12.2026
20931;Sperrmüll;01.01.2026;31.12.2026;Rubensstr.;Hochkreuz;53175;2;9998;1;9999;;;BGA;Hochkreuz;BG;Bad Godesberg;B;Bonn;27.03.2026;14.07.2026;04.12.2026
21041;Sperrmüll;01.01.2026;31.12.2026;Sachsenstr.;Hochkreuz;53175;2;9998;1;9999;;;BGA;Hochkreuz;BG;Bad Godesberg;B;Bonn;27.03.2026;14.07.2026;04.12.2026
21720;Sperrmüll;01.01.2026;31.12.2026;Stephan-Lochner-Str.;Hochkreuz;53175;2;9998;1;9999;;;BGA;Hochkreuz;BG;Bad Godesberg;B;Bonn;27.03.2026;14.07.2026;04.12.2026
22010;Sperrmüll;01.01.2026;31.12.2026;Thüringer Str.;Hochkreuz;53175;2;9998;1;9999;;;BGA;Hochkreuz;BG;Bad Godesberg;B;Bonn;27.03.2026;14.07.2026;04.12.2026
44379;Sperrmüll;01.01.2026;31.12.2026;Am Gellenbach;Hoholz;53229;2;9998;1;9999;;Sackgasse;BBJ;Hoholz;BB;Beuel;B;Bonn;04.05.2026;11.09.2026;23.12.2026
31066;Sperrmüll;01.01.2026;31.12.2026;Am Hähnchen;Hoholz;53229;2;14;1;15;;Birlinghovenerstr Sackgasse;BBJ;Hoholz;BB;Beuel;B;Bonn;04.05.2026;11.09.2026;23.12.2026
31081;Sperrmüll;01.01.2026;31.12.2026;Am Hähnchen;Hoholz;53229;16;9998;17;9999;;Kaninsberg Sackgasse;BBJ;Hoholz;BB;Beuel;B;Bonn;04.05.2026;11.09.2026;23.12.2026
31096;Sperrmüll;01.01.2026;31.12.2026;Birlinghovener Str.;Hoholz;53229;2;9998;1;9999;;;BBJ;Hoholz;BB;Beuel;B;Bonn;04.05.2026;11.09.2026;23.12.2026
31111;Sperrmüll;01.01.2026;31.12.2026;Bitzerweg;Hoholz;53229;2;9998;1;9999;;;BBJ;Hoholz;BB;Beuel;B;Bonn;04.05.2026;11.09.2026;23.12.2026
31576;Sperrmüll;01.01.2026;31.12.2026;Ettenhausener Str.;Hoholz;53229;2;38;1;31;;Roleberstr - Rodeweg;BBJ;Hoholz;BB;Beuel;B;Bonn;04.05.2026;11.09.2026;23.12.2026
31591;Sperrmüll;01.01.2026;31.12.2026;Ettenhausener Str.;Hoholz;53229;40;9998;33;999;;;BBJ;Hoholz;BB;Beuel;B;Bonn;04.05.2026;11.09.2026;23.12.2026
31051;Sperrmüll;01.01.2026;31.12.2026;Fuhrweg;Hoholz;53229;2;9998;1;9999;;;BBJ;Hoholz;BB;Beuel;B;Bonn;04.05.2026;11.09.2026;23.12.2026
31201;Sperrmüll;01.01.2026;31.12.2026;Gielgenstr.;Hoholz;53229;2;44;1;53;;Hoholzstr - Veilchenweg;BBJ;Hoholz;BB;Beuel;B;Bonn;04.05.2026;11.09.2026;23.12.2026
31216;Sperrmüll;01.01.2026;31.12.2026;Gielgenstr.;Hoholz;53229;46;9998;55;9999;;Veilchenweg - Siebengebirgsstr;BBJ;Hoholz;BB;Beuel;B;Bonn;04.05.2026;11.09.2026;23.12.2026
31246;Sperrmüll;01.01.2026;31.12.2026;Himmelsweg;Hoholz;53229;2;9998;1;9999;;;BBJ;Hoholz;BB;Beuel;B;Bonn;04.05.2026;11.09.2026;23.12.2026
31126;Sperrmüll;01.01.2026;31.12.2026;Hoholzstr.;Hoholz;53229;2;30;1;45;12A, 12B, 12C, 12D;Veilchenweg - Gielgenstr;BBJ;Hoholz;BB;Beuel;B;Bonn;04.05.2026;11.09.2026;23.12.2026
31141;Sperrmüll;01.01.2026;31.12.2026;Hoholzstr.;Hoholz;53229;;;;;;;BBJ;Hoholz;BB;Beuel;B;Bonn;04.05.2026;11.09.2026;23.12.2026
31156;Sperrmüll;01.01.2026;31.12.2026;Hoholzstr.;Hoholz;53229;32;9998;47;9999;;Gielgenstr - Ende;BBJ;Hoholz;BB;Beuel;B;Bonn;04.05.2026;11.09.2026;23.12.2026
31171;Sperrmüll;01.01.2026;31.12.2026;Kaninsberg;Hoholz;53229;2;9998;1;9999;;;BBJ;Hoholz;BB;Beuel;B;Bonn;04.05.2026;11.09.2026;23.12.2026
31186;Sperrmüll;01.01.2026;31.12.2026;Kleinfeldstr.;Hoholz;53229;2;9998;1;9999;;;BBJ;Hoholz;BB;Beuel;B;Bonn;04.05.2026;11.09.2026;23.12.2026
31231;Sperrmüll;01.01.2026;31.12.2026;Pützhecke;Hoholz;53229;2;9998;1;9999;;;BBJ;Hoholz;BB;Beuel;B;Bonn;04.05.2026;11.09.2026;23.12.2026
31036;Sperrmüll;01.01.2026;31.12.2026;Rückelswiese;Hoholz;53229;2;9998;1;9999;;;BBJ;Hoholz;BB;Beuel;B;Bonn;04.05.2026;11.09.2026;23.12.2026
23976;Sperrmüll;01.01.2026;31.12.2026;Am Berghang;Holtorf;53229;2;9998;1;9999;;;BBI;Holtorf;BB;Beuel;B;Bonn;04.05.2026;11.09.2026;23.12.2026
24601;Sperrmüll;01.01.2026;31.12.2026;Am Bolzplatz;Holtorf;53229;2;9998;1;9999;;;BBI;Holtorf;BB;Beuel;B;Bonn;04.05.2026;11.09.2026;23.12.2026
28829;Sperrmüll;01.01.2026;31.12.2026;Am Kamin;Holtorf;53229;2;9998;1;9999;;;BBI;Holtorf;BB;Beuel;B;Bonn;04.05.2026;11.09.2026;23.12.2026
24421;Sperrmüll;01.01.2026;31.12.2026;Am Waldrand;Holtorf;53229;2;9998;1;9999;;;BBI;Holtorf;BB;Beuel;B;Bonn;04.05.2026;11.09.2026;23.12.2026
24271;Sperrmüll;01.01.2026;31.12.2026;Am Weidenstück;Holtorf;53229;2;9998;1;9999;;;BBI;Holtorf;BB;Beuel;B;Bonn;04.05.2026;11.09.2026;23.12.2026
24286;Sperrmüll;01.01.2026;31.12.2026;An der Bärenwiese;Holtorf;53229;2;9998;1;9999;;;BBI;Holtorf;BB;Beuel;B;Bonn;04.05.2026;11.09.2026;23.12.2026
24676;Sperrmüll;01.01.2026;31.12.2026;Antoniusplatz;Holtorf;53227;2;9998;1;9999;;;BBI;Holtorf;BB;Beuel;B;Bonn;04.05.2026;11.09.2026;23.12.2026
24331;Sperrmüll;01.01.2026;31.12.2026;Antoniusweg;Holtorf;53229;2;9998;1;9999;;;BBI;Holtorf;BB;Beuel;B;Bonn;04.05.2026;11.09.2026;23.12.2026
25006;Sperrmüll;01.01.2026;31.12.2026;Bleibtreustr.;Holtorf;53229;2;9998;1;9999;;;BBI;Holtorf;BB;Beuel;B;Bonn;04.05.2026;11.09.2026;23.12.2026
25296;Sperrmüll;01.01.2026;31.12.2026;Burghofstr.;Holtorf;53229;2;70;1;75;;Niederholtorf;BBI;Holtorf;BB;Beuel;B;Bonn;04.05.2026;11.09.2026;23.12.2026
25311;Sperrmüll;01.01.2026;31.12.2026;Burghofstr.;Holtorf;53229;72;9998;77;9999;;Oberholtorf;BBI;Holtorf;BB;Beuel;B;Bonn;04.05.2026;11.09.2026;23.12.2026
25656;Sperrmüll;01.01.2026;31.12.2026;Drosselstr.;Holtorf;53229;2;9998;1;9999;;;BBI;Holtorf;BB;Beuel;B;Bonn;04.05.2026;11.09.2026;23.12.2026
27576;Sperrmüll;01.01.2026;31.12.2026;Guardinistr.;Holtorf;53229;2;9998;1;9999;;;BBI;Holtorf;BB;Beuel;B;Bonn;04.05.2026;11.09.2026;23.12.2026
30946;Sperrmüll;01.01.2026;31.12.2026;Herrenacker;Holtorf;53229;2;9998;1;9999;;;BBI;Holtorf;BB;Beuel;B;Bonn;04.05.2026;11.09.2026;23.12.2026
28325;Sperrmüll;01.01.2026;31.12.2026;Löwenburgstr.;Holtorf;53229;2;122;1;123;;Am Waldrand - Antoniusplatz;BBI;Holtorf;BB;Beuel;B;Bonn;04.05.2026;11.09.2026;23.12.2026
43213;Sperrmüll;01.01.2026;31.12.2026;Löwenburgstr.;Holtorf;53229;124;9998;125;9999;;Antoniusplatz - Ungartenstr;BBI;Holtorf;BB;Beuel;B;Bonn;04.05.2026;11.09.2026;23.12.2026
30626;Sperrmüll;01.01.2026;31.12.2026;Mohnweg;Holtorf;53229;2;9998;1;9999;;;BBI;Holtorf;BB;Beuel;B;Bonn;04.05.2026;11.09.2026;23.12.2026
29370;Sperrmüll;01.01.2026;31.12.2026;Ramersdorfer Str.;Holtorf;53229;2;9998;1;9999;;;BBI;Holtorf;BB;Beuel;B;Bonn;04.05.2026;11.09.2026;23.12.2026
29915;Sperrmüll;01.01.2026;31.12.2026;Saynstr.;Holtorf;53229;2;9998;1;9999;;;BBI;Holtorf;BB;Beuel;B;Bonn;04.05.2026;11.09.2026;23.12.2026
30085;Sperrmüll;01.01.2026;31.12.2026;Scheidfeldstr.;Holtorf;53229;2;9998;1;9999;;;BBI;Holtorf;BB;Beuel;B;Bonn;04.05.2026;11.09.2026;23.12.2026
30341;Sperrmüll;01.01.2026;31.12.2026;Stieldorfer Str.;Holtorf;53229;2;9998;1;9999;;;BBI;Holtorf;BB;Beuel;B;Bonn;04.05.2026;11.09.2026;23.12.2026
30446;Sperrmüll;01.01.2026;31.12.2026;Tränkweg;Holtorf;53229;2;9998;1;9999;;;BBI;Holtorf;BB;Beuel;B;Bonn;04.05.2026;11.09.2026;23.12.2026
31276;Sperrmüll;01.01.2026;31.12.2026;Ungartenstr.;Holtorf;53229;2;9998;1;9999;;;BBI;Holtorf;BB;Beuel;B;Bonn;04.05.2026;11.09.2026;23.12.2026
30716;Sperrmüll;01.01.2026;31.12.2026;Weinheimstr.;Holtorf;53229;2;9998;1;9999;;;BBI;Holtorf;BB;Beuel;B;Bonn;04.05.2026;11.09.2026;23.12.2026
43545;Sperrmüll;01.01.2026;31.12.2026;Zur Saalkirche;Holtorf;53229;2;9998;1;9999;;;BBI;Holtorf;BB;Beuel;B;Bonn;04.05.2026;11.09.2026;23.12.2026
31291;Sperrmüll;01.01.2026;31.12.2026;Alte Bonner Str.;Holzlar;53229;2;28;1;33;;Siebengebirgsstr - Kautexstr;BBK;Holzlar;BB;Beuel;B;Bonn;29.04.2026;10.09.2026;21.12.2026
31306;Sperrmüll;01.01.2026;31.12.2026;Alte Bonner Str.;Holzlar;53229;30;9998;35;9999;;Kautexstr - Im Gerott;BBK;Holzlar;BB;Beuel;B;Bonn;27.04.2026;24.09.2026;17.12.2026
31606;Sperrmüll;01.01.2026;31.12.2026;Am Fasanenhang;Holzlar;53229;2;9998;1;9999;;;BBK;Holzlar;BB;Beuel;B;Bonn;28.04.2026;09.09.2026;18.12.2026
31321;Sperrmüll;01.01.2026;31.12.2026;Am Friedhof;Holzlar;53229;2;9998;1;9999;;;BBK;Holzlar;BB;Beuel;B;Bonn;28.04.2026;09.09.2026;18.12.2026
31336;Sperrmüll;01.01.2026;31.12.2026;Am Hang;Holzlar;53229;2;9998;1;9999;;;BBK;Holzlar;BB;Beuel;B;Bonn;28.04.2026;09.09.2026;18.12.2026
33841;Sperrmüll;01.01.2026;31.12.2026;Am Pappelhain;Holzlar;53229;2;9998;1;9999;;;BBK;Holzlar;BB;Beuel;B;Bonn;28.04.2026;09.09.2026;18.12.2026
31351;Sperrmüll;01.01.2026;31.12.2026;Am Quintengarten;Holzlar;53229;2;9998;1;9999;;;BBK;Holzlar;BB;Beuel;B;Bonn;27.04.2026;24.09.2026;17.12.2026
24191;Sperrmüll;01.01.2026;31.12.2026;Am Rehsprung;Holzlar;53229;2;9998;1;9999;;;BBK;Holzlar;BB;Beuel;B;Bonn;29.04.2026;10.09.2026;21.12.2026
31366;Sperrmüll;01.01.2026;31.12.2026;Am Sportplatz;Holzlar;53229;2;9998;1;9999;;;BBK;Holzlar;BB;Beuel;B;Bonn;04.05.2026;11.09.2026;23.12.2026
31381;Sperrmüll;01.01.2026;31.12.2026;Am Steinbach;Holzlar;53229;2;9998;1;9999;;;BBK;Holzlar;BB;Beuel;B;Bonn;29.04.2026;10.09.2026;21.12.2026
31396;Sperrmüll;01.01.2026;31.12.2026;Am Tanzberg;Holzlar;53229;2;9998;1;9999;;;BBK;Holzlar;BB;Beuel;B;Bonn;28.04.2026;09.09.2026;18.12.2026
31411;Sperrmüll;01.01.2026;31.12.2026;Am Tiergarten;Holzlar;53229;2;9998;1;9999;;;BBK;Holzlar;BB;Beuel;B;Bonn;28.04.2026;09.09.2026;18.12.2026
31426;Sperrmüll;01.01.2026;31.12.2026;Am Weiher;Holzlar;53229;2;9998;1;9999;;;BBK;Holzlar;BB;Beuel;B;Bonn;29.04.2026;10.09.2026;21.12.2026
31516;Sperrmüll;01.01.2026;31.12.2026;Am Weinstock;Holzlar;53229;2;9998;1;9999;;;BBK;Holzlar;BB;Beuel;B;Bonn;29.04.2026;10.09.2026;21.12.2026
31441;Sperrmüll;01.01.2026;31.12.2026;Am Wolfsbach;Holzlar;53229;2;28;1;21;;Gielgenstr - Am Sportplatz;BBK;Holzlar;BB;Beuel;B;Bonn;04.05.2026;11.09.2026;23.12.2026
31456;Sperrmüll;01.01.2026;31.12.2026;Am Wolfsbach;Holzlar;53229;30;9998;23;9999;;Am Sportpl. - Siebengebirgsstr;BBK;Holzlar;BB;Beuel;B;Bonn;04.05.2026;11.09.2026;23.12.2026
31486;Sperrmüll;01.01.2026;31.12.2026;An der Vogelweide;Holzlar;53229;2;9998;1;9999;;;BBK;Holzlar;BB;Beuel;B;Bonn;28.04.2026;09.09.2026;18.12.2026
32121;Sperrmüll;01.01.2026;31.12.2026;An Tiebes Eiche;Holzlar;53229;2;9998;1;9999;;;BBK;Holzlar;BB;Beuel;B;Bonn;28.04.2026;09.09.2026;18.12.2026
32411;Sperrmüll;01.01.2026;31.12.2026;Bennerscheidweg;Holzlar;53229;2;9998;1;9999;;;BBK;Holzlar;BB;Beuel;B;Bonn;04.05.2026;11.09.2026;23.12.2026
31866;Sperrmüll;01.01.2026;31.12.2026;Bergmeisterstück;Holzlar;53229;2;9998;1;9999;;;BBK;Holzlar;BB;Beuel;B;Bonn;29.04.2026;10.09.2026;21.12.2026
32441;Sperrmüll;01.01.2026;31.12.2026;Braunkehlchenweg;Holzlar;53229;2;9998;1;9999;;;BBK;Holzlar;BB;Beuel;B;Bonn;28.04.2026;09.09.2026;18.12.2026
32166;Sperrmüll;01.01.2026;31.12.2026;Buschgarten;Holzlar;53229;2;9998;1;9999;;;BBK;Holzlar;BB;Beuel;B;Bonn;04.05.2026;11.09.2026;23.12.2026
31881;Sperrmüll;01.01.2026;31.12.2026;Christ-König-Str.;Holzlar;53229;2;24;1;19;;Hauptstr - Ginsterweg;BBK;Holzlar;BB;Beuel;B;Bonn;28.04.2026;09.09.2026;18.12.2026
31896;Sperrmüll;01.01.2026;31.12.2026;Christ-König-Str.;Holzlar;53229;26;9998;21;9999;;Ginsterweg - Siebengebirgsstr;BBK;Holzlar;BB;Beuel;B;Bonn;28.04.2026;09.09.2026;18.12.2026
31546;Sperrmüll;01.01.2026;31.12.2026;Dahlienweg;Holzlar;53229;2;9998;1;9999;;;BBK;Holzlar;BB;Beuel;B;Bonn;28.04.2026;09.09.2026;18.12.2026
25831;Sperrmüll;01.01.2026;31.12.2026;Ennertstr.;Holzlar;53229;2;9998;1;9999;;;BBK;Holzlar;BB;Beuel;B;Bonn;29.04.2026;10.09.2026;21.12.2026
32531;Sperrmüll;01.01.2026;31.12.2026;Espeler Wiese;Holzlar;53229;2;9998;1;9999;;;BBK;Holzlar;BB;Beuel;B;Bonn;28.04.2026;09.09.2026;18.12.2026
32636;Sperrmüll;01.01.2026;31.12.2026;Falkenbergweg;Holzlar;53229;2;9998;1;9999;;;BBK;Holzlar;BB;Beuel;B;Bonn;28.04.2026;09.09.2026;18.12.2026
31621;Sperrmüll;01.01.2026;31.12.2026;Finkenweg;Holzlar;53229;2;9998;1;9999;;;BBK;Holzlar;BB;Beuel;B;Bonn;29.04.2026;10.09.2026;21.12.2026
31641;Sperrmüll;01.01.2026;31.12.2026;Friedensweg;Holzlar;53229;2;9998;1;9999;;;BBK;Holzlar;BB;Beuel;B;Bonn;04.05.2026;11.09.2026;23.12.2026
31656;Sperrmüll;01.01.2026;31.12.2026;Gartenweg;Holzlar;53229;2;9998;1;9999;;;BBK;Holzlar;BB;Beuel;B;Bonn;28.04.2026;09.09.2026;18.12.2026
31686;Sperrmüll;01.01.2026;31.12.2026;Giersbergstr.;Holzlar;53229;2;9998;1;9999;;;BBK;Holzlar;BB;Beuel;B;Bonn;28.04.2026;09.09.2026;18.12.2026
31671;Sperrmüll;01.01.2026;31.12.2026;Ginsterweg;Holzlar;53229;2;9998;1;9999;;;BBK;Holzlar;BB;Beuel;B;Bonn;28.04.2026;09.09.2026;18.12.2026
32321;Sperrmüll;01.01.2026;31.12.2026;Großenbuschstr.;Holzlar;53229;2;9998;1;9999;;;BBK;Holzlar;BB;Beuel;B;Bonn;29.04.2026;10.09.2026;21.12.2026
31911;Sperrmüll;01.01.2026;31.12.2026;Hangelarer Str.;Holzlar;53229;2;9998;1;9999;;;BBK;Holzlar;BB;Beuel;B;Bonn;27.04.2026;24.09.2026;17.12.2026
31701;Sperrmüll;01.01.2026;31.12.2026;Hardtweg;Holzlar;53229;2;9998;1;9999;;;BBK;Holzlar;BB;Beuel;B;Bonn;04.05.2026;11.09.2026;23.12.2026
31531;Sperrmüll;01.01.2026;31.12.2026;Hardtweiherstr.;Holzlar;53229;2;9998;1;9999;;;BBK;Holzlar;BB;Beuel;B;Bonn;29.04.2026;10.09.2026;21.12.2026
31716;Sperrmüll;01.01.2026;31.12.2026;Hauptstr.;Holzlar;53229;2;94;1;101;;Müldorferstr - Christ-Königssr;BBK;Holzlar;BB;Beuel;B;Bonn;29.04.2026;10.09.2026;21.12.2026
31731;Sperrmüll;01.01.2026;31.12.2026;Hauptstr.;Holzlar;53229;96;9998;103;9999;;Christ-Königstr - Roleberstr;BBK;Holzlar;BB;Beuel;B;Bonn;04.05.2026;11.09.2026;23.12.2026
31746;Sperrmüll;01.01.2026;31.12.2026;Heckenweg;Holzlar;53229;2;9998;1;9999;;;BBK;Holzlar;BB;Beuel;B;Bonn;27.04.2026;24.09.2026;17.12.2026
31501;Sperrmüll;01.01.2026;31.12.2026;Heidebergenstr.;Holzlar;53229;2;9998;1;9999;;;BBK;Holzlar;BB;Beuel;B;Bonn;28.04.2026;09.09.2026;18.12.2026
31761;Sperrmüll;01.01.2026;31.12.2026;Heideweg;Holzlar;53229;2;9998;1;9999;;;BBK;Holzlar;BB;Beuel;B;Bonn;28.04.2026;09.09.2026;18.12.2026
32621;Sperrmüll;01.01.2026;31.12.2026;Heinrich-Behr-Str.;Holzlar;53229;2;9998;1;9999;;;BBK;Holzlar;BB;Beuel;B;Bonn;04.05.2026;11.09.2026;23.12.2026
31776;Sperrmüll;01.01.2026;31.12.2026;Heisenbergstr.;Holzlar;53229;2;9998;1;9999;;;BBK;Holzlar;BB;Beuel;B;Bonn;04.05.2026;11.09.2026;23.12.2026
31791;Sperrmüll;01.01.2026;31.12.2026;Holtorfer Weg;Holzlar;53229;2;9998;1;9999;;;BBK;Holzlar;BB;Beuel;B;Bonn;04.05.2026;11.09.2026;23.12.2026
32351;Sperrmüll;01.01.2026;31.12.2026;Hölzebergstr.;Holzlar;53229;2;9998;1;9999;;;BBK;Holzlar;BB;Beuel;B;Bonn;28.04.2026;09.09.2026;18.12.2026
31806;Sperrmüll;01.01.2026;31.12.2026;Holzlarer Str.;Holzlar;53229;2;20;1;29;;Alte Bonnerstr - Gartenweg;BBK;Holzlar;BB;Beuel;B;Bonn;29.04.2026;10.09.2026;21.12.2026
31821;Sperrmüll;01.01.2026;31.12.2026;Holzlarer Str.;Holzlar;53229;22;9998;31;9999;;Gartenweg - Paul-Langenstr;BBK;Holzlar;BB;Beuel;B;Bonn;29.04.2026;10.09.2026;21.12.2026
32456;Sperrmüll;01.01.2026;31.12.2026;Hövelweg;Holzlar;53229;2;9998;1;9999;;;BBK;Holzlar;BB;Beuel;B;Bonn;29.04.2026;10.09.2026;21.12.2026
33856;Sperrmüll;01.01.2026;31.12.2026;Im Gerott;Holzlar;53229;2;9998;1;9999;;;BBK;Holzlar;BB;Beuel;B;Bonn;27.04.2026;24.09.2026;17.12.2026
32091;Sperrmüll;01.01.2026;31.12.2026;Im Verbott;Holzlar;53229;2;9998;1;9999;;;BBK;Holzlar;BB;Beuel;B;Bonn;29.04.2026;10.09.2026;21.12.2026
32606;Sperrmüll;01.01.2026;31.12.2026;Im Versteck;Holzlar;53229;2;9998;1;9999;;;BBK;Holzlar;BB;Beuel;B;Bonn;27.04.2026;24.09.2026;17.12.2026
32486;Sperrmüll;01.01.2026;31.12.2026;In den Bieshecken;Holzlar;53229;2;9998;1;9999;;;BBK;Holzlar;BB;Beuel;B;Bonn;28.04.2026;09.09.2026;18.12.2026
32591;Sperrmüll;01.01.2026;31.12.2026;Jasminweg;Holzlar;53229;2;9998;1;9999;;;BBK;Holzlar;BB;Beuel;B;Bonn;28.04.2026;09.09.2026;18.12.2026
31851;Sperrmüll;01.01.2026;31.12.2026;Kautexstr.;Holzlar;53229;2;9998;1;9999;;;BBK;Holzlar;BB;Beuel;B;Bonn;27.04.2026;24.09.2026;17.12.2026
31956;Sperrmüll;01.01.2026;31.12.2026;Kinkelplatz;Holzlar;53229;2;9998;1;9999;;;BBK;Holzlar;BB;Beuel;B;Bonn;28.04.2026;09.09.2026;18.12.2026
32366;Sperrmüll;01.01.2026;31.12.2026;Klausgarten;Holzlar;53229;2;9998;1;9999;;;BBK;Holzlar;BB;Beuel;B;Bonn;29.04.2026;10.09.2026;21.12.2026
32031;Sperrmüll;01.01.2026;31.12.2026;Kohlbergstr.;Holzlar;53229;2;9998;1;9999;;;BBK;Holzlar;BB;Beuel;B;Bonn;04.05.2026;11.09.2026;23.12.2026
32381;Sperrmüll;01.01.2026;31.12.2026;Kohlkauler Platz;Holzlar;53229;2;9998;1;9999;;;BBK;Holzlar;BB;Beuel;B;Bonn;28.04.2026;09.09.2026;18.12.2026
32561;Sperrmüll;01.01.2026;31.12.2026;Krokusweg;Holzlar;53229;2;9998;1;9999;;;BBK;Holzlar;BB;Beuel;B;Bonn;28.04.2026;09.09.2026;18.12.2026
31261;Sperrmüll;01.01.2026;31.12.2026;Krummfuhr;Holzlar;53229;2;9998;1;9999;;;BBK;Holzlar;BB;Beuel;B;Bonn;04.05.2026;11.09.2026;23.12.2026
32106;Sperrmüll;01.01.2026;31.12.2026;Küppersgarten;Holzlar;53229;2;9998;1;9999;;;BBK;Holzlar;BB;Beuel;B;Bonn;29.04.2026;10.09.2026;21.12.2026
32426;Sperrmüll;01.01.2026;31.12.2026;Lindershausweg;Holzlar;53229;2;9998;1;9999;;;BBK;Holzlar;BB;Beuel;B;Bonn;29.04.2026;10.09.2026;21.12.2026
31941;Sperrmüll;01.01.2026;31.12.2026;Löwenburgweg;Holzlar;53229;2;9998;1;9999;;;BBK;Holzlar;BB;Beuel;B;Bonn;04.05.2026;11.09.2026;23.12.2026
31926;Sperrmüll;01.01.2026;31.12.2026;Lupinenweg;Holzlar;53229;2;9998;1;9999;;;BBK;Holzlar;BB;Beuel;B;Bonn;28.04.2026;09.09.2026;18.12.2026
31971;Sperrmüll;01.01.2026;31.12.2026;Max-Born-Str.;Holzlar;53229;2;9998;1;9999;;;BBK;Holzlar;BB;Beuel;B;Bonn;04.05.2026;11.09.2026;23.12.2026
32001;Sperrmüll;01.01.2026;31.12.2026;Mühlenweg;Holzlar;53229;2;9998;1;9999;;;BBK;Holzlar;BB;Beuel;B;Bonn;29.04.2026;10.09.2026;21.12.2026
28634;Sperrmüll;01.01.2026;31.12.2026;Müldorfer Str.;Holzlar;53229;2;102;1;53;;Siegburgerstr - Kapitelshof;BBK;Holzlar;BB;Beuel;B;Bonn;27.04.2026;24.09.2026;17.12.2026
28649;Sperrmüll;01.01.2026;31.12.2026;Müldorfer Str.;Holzlar;53229;142;9998;103;9999;;R.Hagenstr - Paul-Langenstr;BBK;Holzlar;BB;Beuel;B;Bonn;29.04.2026;10.09.2026;21.12.2026
28664;Sperrmüll;01.01.2026;31.12.2026;Müldorfer Str.;Holzlar;53229;104;140;55;101;;Kapitelshof - Reinold-Hagenstr;BBK;Holzlar;BB;Beuel;B;Bonn;27.04.2026;24.09.2026;17.12.2026
32546;Sperrmüll;01.01.2026;31.12.2026;Narzissenweg;Holzlar;53229;2;9998;1;9999;;;BBK;Holzlar;BB;Beuel;B;Bonn;28.04.2026;09.09.2026;18.12.2026
42284;Sperrmüll;01.01.2026;31.12.2026;Pastor-Kurt-Padberg-Weg;Holzlar;53229;2;9998;1;9999;;;BBK;Holzlar;BB;Beuel;B;Bonn;28.04.2026;09.09.2026;18.12.2026
32046;Sperrmüll;01.01.2026;31.12.2026;Paul-Langen-Str.;Holzlar;53229;2;34;1;35;;Müldorferstr - Holzlarerstr;BBK;Holzlar;BB;Beuel;B;Bonn;28.04.2026;09.09.2026;18.12.2026
32061;Sperrmüll;01.01.2026;31.12.2026;Paul-Langen-Str.;Holzlar;53229;36;9998;37;9999;;Holzlarerstr - Heideweg;BBK;Holzlar;BB;Beuel;B;Bonn;28.04.2026;09.09.2026;18.12.2026
32076;Sperrmüll;01.01.2026;31.12.2026;Peterweg;Holzlar;53229;2;9998;1;9999;;;BBK;Holzlar;BB;Beuel;B;Bonn;04.05.2026;11.09.2026;23.12.2026
31986;Sperrmüll;01.01.2026;31.12.2026;Primelweg;Holzlar;53229;2;9998;1;9999;;;BBK;Holzlar;BB;Beuel;B;Bonn;29.04.2026;10.09.2026;21.12.2026
32666;Sperrmüll;01.01.2026;31.12.2026;Reinold-Hagen-Str.;Holzlar;53229;2;9998;1;9999;;;BBK;Holzlar;BB;Beuel;B;Bonn;27.04.2026;24.09.2026;17.12.2026
32136;Sperrmüll;01.01.2026;31.12.2026;Rodeweg;Holzlar;53229;2;9998;1;9999;;;BBK;Holzlar;BB;Beuel;B;Bonn;04.05.2026;11.09.2026;23.12.2026
32471;Sperrmüll;01.01.2026;31.12.2026;Roleberstr.;Holzlar;53229;2;9998;1;9999;;;BBK;Holzlar;BB;Beuel;B;Bonn;04.05.2026;11.09.2026;23.12.2026
32151;Sperrmüll;01.01.2026;31.12.2026;Rosenpfad;Holzlar;53229;2;9998;1;9999;;;BBK;Holzlar;BB;Beuel;B;Bonn;28.04.2026;09.09.2026;18.12.2026
31836;Sperrmüll;01.01.2026;31.12.2026;Rothwiesenweg;Holzlar;53229;2;9998;1;9999;;;BBK;Holzlar;BB;Beuel;B;Bonn;29.04.2026;10.09.2026;21.12.2026
32516;Sperrmüll;01.01.2026;31.12.2026;Salamanderweg;Holzlar;53229;2;9998;1;9999;;;BBK;Holzlar;BB;Beuel;B;Bonn;29.04.2026;10.09.2026;21.12.2026
32181;Sperrmüll;01.01.2026;31.12.2026;Siebengebirgsstr.;Holzlar;53229;2;40;1;69;;Holzlarerstr - Am Tanzberg;BBK;Holzlar;BB;Beuel;B;Bonn;28.04.2026;09.09.2026;18.12.2026
32196;Sperrmüll;01.01.2026;31.12.2026;Siebengebirgsstr.;Holzlar;53229;168;9998;227;9999;;Gielgenstr - Hoholzstr;BBK;Holzlar;BB;Beuel;B;Bonn;04.05.2026;11.09.2026;23.12.2026
32211;Sperrmüll;01.01.2026;31.12.2026;Siebengebirgsstr.;Holzlar;53229;130;166;189;225;;Am Sportplatz - Gielgenstr;BBK;Holzlar;BB;Beuel;B;Bonn;04.05.2026;11.09.2026;23.12.2026
32226;Sperrmüll;01.01.2026;31.12.2026;Siebengebirgsstr.;Holzlar;53229;;;123;159;;Sackgasse;BBK;Holzlar;BB;Beuel;B;Bonn;28.04.2026;09.09.2026;18.12.2026
32241;Sperrmüll;01.01.2026;31.12.2026;Siebengebirgsstr.;Holzlar;53229;92;128;161;187;;Sackgasse - Am Sportplatz;BBK;Holzlar;BB;Beuel;B;Bonn;28.04.2026;09.09.2026;18.12.2026
32261;Sperrmüll;01.01.2026;31.12.2026;Siebengebirgsstr.;Holzlar;53229;42;76;71;109;;Am Tanzberg - Heidebergenstr;BBK;Holzlar;BB;Beuel;B;Bonn;28.04.2026;09.09.2026;18.12.2026
32276;Sperrmüll;01.01.2026;31.12.2026;Siebengebirgsstr.;Holzlar;53229;78;90;111;121;;Kreuzung Siebeng.-Sackgasse;BBK;Holzlar;BB;Beuel;B;Bonn;28.04.2026;09.09.2026;18.12.2026
30070;Sperrmüll;01.01.2026;31.12.2026;Siebenwegekreuzplatz;Holzlar;53229;2;9998;1;9999;;;BBK;Holzlar;BB;Beuel;B;Bonn;28.04.2026;09.09.2026;18.12.2026
31561;Sperrmüll;01.01.2026;31.12.2026;Sonnenweg;Holzlar;53229;2;9998;1;9999;;;BBK;Holzlar;BB;Beuel;B;Bonn;04.05.2026;11.09.2026;23.12.2026
31471;Sperrmüll;01.01.2026;31.12.2026;Steinacker;Holzlar;53229;2;9998;1;9999;;;BBK;Holzlar;BB;Beuel;B;Bonn;04.05.2026;11.09.2026;23.12.2026
32501;Sperrmüll;01.01.2026;31.12.2026;Stenzelbergweg;Holzlar;53229;2;9998;1;9999;;;BBK;Holzlar;BB;Beuel;B;Bonn;04.05.2026;11.09.2026;23.12.2026
32016;Sperrmüll;01.01.2026;31.12.2026;Stieglitzweg;Holzlar;53229;2;9998;1;9999;;;BBK;Holzlar;BB;Beuel;B;Bonn;29.04.2026;10.09.2026;21.12.2026
32336;Sperrmüll;01.01.2026;31.12.2026;Tulpenweg;Holzlar;53229;2;9998;1;9999;;;BBK;Holzlar;BB;Beuel;B;Bonn;28.04.2026;09.09.2026;18.12.2026
32291;Sperrmüll;01.01.2026;31.12.2026;Veilchenweg;Holzlar;53229;2;9998;1;9999;;;BBK;Holzlar;BB;Beuel;B;Bonn;04.05.2026;11.09.2026;23.12.2026
32306;Sperrmüll;01.01.2026;31.12.2026;Waldweg;Holzlar;53229;2;9998;1;9999;;;BBK;Holzlar;BB;Beuel;B;Bonn;29.04.2026;10.09.2026;21.12.2026
32576;Sperrmüll;01.01.2026;31.12.2026;Weiers Wiesen;Holzlar;53229;2;9998;1;9999;;;BBK;Holzlar;BB;Beuel;B;Bonn;28.04.2026;09.09.2026;18.12.2026
32651;Sperrmüll;01.01.2026;31.12.2026;Windgassenstr.;Holzlar;53229;2;9998;1;9999;;;BBK;Holzlar;BB;Beuel;B;Bonn;27.04.2026;24.09.2026;17.12.2026
346;Sperrmüll;01.01.2026;31.12.2026;Am Birkenbruch;Ippendorf (BN);53127;2;9998;1;9999;;;BHC;Ippendorf1;BH;Hardtberg;B;Bonn;27.02.2026;16.06.2026;04.11.2026
562;Sperrmüll;01.01.2026;31.12.2026;Am Lappenweiher;Ippendorf (BN);53127;2;9998;1;9999;;;BHC;Ippendorf1;BH;Hardtberg;B;Bonn;26.02.2026;15.06.2026;03.11.2026
4281;Sperrmüll;01.01.2026;31.12.2026;Fridtjof-Nansen-Str.;Ippendorf (BN);53127;2;9998;1;9999;;;BHC;Ippendorf1;BH;Hardtberg;B;Bonn;03.03.2026;17.06.2026;05.11.2026
39329;Sperrmüll;01.01.2026;31.12.2026;Gudenauer Weg;Ippendorf (BN);53127;2;54;1;57;;Buchholzstr - Gierolstr;BHC;Ippendorf1;BH;Hardtberg;B;Bonn;27.02.2026;16.06.2026;04.11.2026
39344;Sperrmüll;01.01.2026;31.12.2026;Gudenauer Weg;Ippendorf (BN);53127;56;9998;59;9999;;Gierolstr - Ende;BHC;Ippendorf1;BH;Hardtberg;B;Bonn;27.02.2026;16.06.2026;04.11.2026
5222;Sperrmüll;01.01.2026;31.12.2026;Haager Weg;Ippendorf (BN);53127;2;44;1;71;;Venusberg;BHC;Ippendorf1;BH;Hardtberg;B;Bonn;03.03.2026;17.06.2026;05.11.2026
5242;Sperrmüll;01.01.2026;31.12.2026;Haager Weg;Ippendorf (BN);53127;46;9998;73;9999;79, 81;Ippendorf;BHC;Ippendorf1;BH;Hardtberg;B;Bonn;27.02.2026;16.06.2026;04.11.2026
5257;Sperrmüll;01.01.2026;31.12.2026;Haager Weg;Ippendorf (BN);53127;;;;;;;BHC;Ippendorf1;BH;Hardtberg;B;Bonn;27.02.2026;16.06.2026;04.11.2026
39389;Sperrmüll;01.01.2026;31.12.2026;Höhenweg;Ippendorf (BN);53127;2;100;1;101;;;BHC;Ippendorf1;BH;Hardtberg;B;Bonn;27.02.2026;16.06.2026;04.11.2026
39404;Sperrmüll;01.01.2026;31.12.2026;Höhenweg;Ippendorf (BN);53127;102;9998;103;9999;;;BHC;Ippendorf1;BH;Hardtberg;B;Bonn;27.02.2026;16.06.2026;04.11.2026
6294;Sperrmüll;01.01.2026;31.12.2026;Im Erlenbusch;Ippendorf (BN);53127;2;9998;1;9999;;;BHC;Ippendorf1;BH;Hardtberg;B;Bonn;27.02.2026;16.06.2026;04.11.2026
6369;Sperrmüll;01.01.2026;31.12.2026;Im Sonnenwinkel;Ippendorf (BN);53127;2;9998;1;9999;;;BHC;Ippendorf1;BH;Hardtberg;B;Bonn;27.02.2026;16.06.2026;04.11.2026
6454;Sperrmüll;01.01.2026;31.12.2026;Im Wurzelbusch;Ippendorf (BN);53127;2;9998;1;9999;;;BHC;Ippendorf1;BH;Hardtberg;B;Bonn;27.02.2026;16.06.2026;04.11.2026
9278;Sperrmüll;01.01.2026;31.12.2026;Melbweg;Ippendorf (BN);53127;2;40;1;7;;Triererstr (Sackgasse);BHC;Ippendorf1;BH;Hardtberg;B;Bonn;03.03.2026;17.06.2026;05.11.2026
9293;Sperrmüll;01.01.2026;31.12.2026;Melbweg;Ippendorf (BN);53127;42;9998;9;9999;;Von Robert-Kochstr ab;BHC;Ippendorf1;BH;Hardtberg;B;Bonn;03.03.2026;17.06.2026;05.11.2026
12058;Sperrmüll;01.01.2026;31.12.2026;Stationsweg;Ippendorf (BN);53127;2;9998;1;9999;;;BHA;Endenich;BH;Hardtberg;B;Bonn;26.02.2026;15.06.2026;03.11.2026
12593;Sperrmüll;01.01.2026;31.12.2026;Trierer Str.;Ippendorf (BN);53115;2;38;1;43;;Clemens-Augustpl. - Im Wingert;BHC;Ippendorf1;BH;Hardtberg;B;Bonn;03.03.2026;17.06.2026;05.11.2026
12608;Sperrmüll;01.01.2026;31.12.2026;Trierer Str.;Ippendorf (BN);53115;128;136;77;115;;Kreuzbergallee - 1 Sackgasse;BHC;Ippendorf1;BH;Hardtberg;B;Bonn;26.02.2026;15.06.2026;03.11.2026
12623;Sperrmüll;01.01.2026;31.12.2026;Trierer Str.;Ippendorf (BN);53115;40;126;45;75;;Im Wingert - Kreuzbergallee;BHC;Ippendorf1;BH;Hardtberg;B;Bonn;03.03.2026;17.06.2026;05.11.2026
12638;Sperrmüll;01.01.2026;31.12.2026;Trierer Str.;Ippendorf (BN);53115;138;146;117;123;;;BHC;Ippendorf1;BH;Hardtberg;B;Bonn;26.02.2026;15.06.2026;03.11.2026
12653;Sperrmüll;01.01.2026;31.12.2026;Trierer Str.;Ippendorf (BN);53115;148;9998;125;9999;;2 Sackgasse;BHC;Ippendorf1;BH;Hardtberg;B;Bonn;26.02.2026;15.06.2026;03.11.2026
39084;Sperrmüll;01.01.2026;31.12.2026;Am Engelsbach;Ippendorf (HA);53127;2;9998;1;9999;;;BHD;Ippendorf2;BH;Hardtberg;B;Bonn;27.02.2026;16.06.2026;04.11.2026
39099;Sperrmüll;01.01.2026;31.12.2026;Am Engelspfad;Ippendorf (HA);53127;2;9998;1;9999;;;BHD;Ippendorf2;BH;Hardtberg;B;Bonn;27.02.2026;16.06.2026;04.11.2026
39114;Sperrmüll;01.01.2026;31.12.2026;Am Höhnchen;Ippendorf (HA);53127;2;9998;1;9999;;;BHD;Ippendorf2;BH;Hardtberg;B;Bonn;26.02.2026;15.06.2026;03.11.2026
39069;Sperrmüll;01.01.2026;31.12.2026;Am Kümpel;Ippendorf (HA);53127;2;9998;1;9999;;;BHD;Ippendorf2;BH;Hardtberg;B;Bonn;27.02.2026;16.06.2026;04.11.2026
39464;Sperrmüll;01.01.2026;31.12.2026;Am Kurfürstenkreuz;Ippendorf (HA);53127;2;9998;1;9999;;;BHD;Ippendorf2;BH;Hardtberg;B;Bonn;26.02.2026;15.06.2026;03.11.2026
39129;Sperrmüll;01.01.2026;31.12.2026;Am Mühlenberg;Ippendorf (HA);53127;2;9998;1;9999;;;BHD;Ippendorf2;BH;Hardtberg;B;Bonn;26.02.2026;15.06.2026;03.11.2026
39914;Sperrmüll;01.01.2026;31.12.2026;Am Sonnenhang;Ippendorf (HA);53127;2;9998;1;9999;;;BHD;Ippendorf2;BH;Hardtberg;B;Bonn;26.02.2026;15.06.2026;03.11.2026
39779;Sperrmüll;01.01.2026;31.12.2026;Am Waldhang;Ippendorf (HA);53127;2;9998;1;9999;;;BHD;Ippendorf2;BH;Hardtberg;B;Bonn;26.02.2026;15.06.2026;03.11.2026
39144;Sperrmüll;01.01.2026;31.12.2026;Auf dem Essig;Ippendorf (HA);53127;2;9998;1;9999;;;BHD;Ippendorf2;BH;Hardtberg;B;Bonn;27.02.2026;16.06.2026;04.11.2026
39159;Sperrmüll;01.01.2026;31.12.2026;Auf dem Gierolsrott;Ippendorf (HA);53127;2;9998;1;9999;;;BHD;Ippendorf2;BH;Hardtberg;B;Bonn;27.02.2026;16.06.2026;04.11.2026
39189;Sperrmüll;01.01.2026;31.12.2026;Auf dem Heidgen;Ippendorf (HA);53127;2;9998;1;9999;;;BHD;Ippendorf2;BH;Hardtberg;B;Bonn;26.02.2026;15.06.2026;03.11.2026
39509;Sperrmüll;01.01.2026;31.12.2026;Auf dem Maar;Ippendorf (HA);53127;2;9998;1;9999;;;BHD;Ippendorf2;BH;Hardtberg;B;Bonn;27.02.2026;16.06.2026;04.11.2026
39174;Sperrmüll;01.01.2026;31.12.2026;Auf dem Steinchen;Ippendorf (HA);53127;2;9998;1;9999;;;BHD;Ippendorf2;BH;Hardtberg;B;Bonn;26.02.2026;15.06.2026;03.11.2026
39959;Sperrmüll;01.01.2026;31.12.2026;Balthasar-Neumann-Str.;Ippendorf (HA);53127;2;9998;1;9999;;;BHD;Ippendorf2;BH;Hardtberg;B;Bonn;27.02.2026;16.06.2026;04.11.2026
40019;Sperrmüll;01.01.2026;31.12.2026;Bernhard-Berzheim-Platz;Ippendorf (HA);53127;2;9998;1;9999;;;BHD;Ippendorf2;BH;Hardtberg;B;Bonn;27.02.2026;16.06.2026;04.11.2026
39239;Sperrmüll;01.01.2026;31.12.2026;Blaukehlchenweg;Ippendorf (HA);53127;2;9998;1;9999;;;BHD;Ippendorf2;BH;Hardtberg;B;Bonn;27.02.2026;16.06.2026;04.11.2026
39219;Sperrmüll;01.01.2026;31.12.2026;Buchholzstr.;Ippendorf (HA);53127;2;34;1;43;34B, 34C;Gudenauerweg - Oderstr;BHD;Ippendorf2;BH;Hardtberg;B;Bonn;27.02.2026;16.06.2026;04.11.2026
42614;Sperrmüll;01.01.2026;31.12.2026;Buchholzstr.;Ippendorf (HA);53127;36;9998;45;9999;;Oderstr - Balthasar-Neumannstr;BHD;Ippendorf2;BH;Hardtberg;B;Bonn;27.02.2026;16.06.2026;04.11.2026
39254;Sperrmüll;01.01.2026;31.12.2026;Elbestr.;Ippendorf (HA);53127;2;9998;1;9999;;;BHD;Ippendorf2;BH;Hardtberg;B;Bonn;27.02.2026;16.06.2026;04.11.2026
39359;Sperrmüll;01.01.2026;31.12.2026;Erich-Böger-Str.;Ippendorf (HA);53127;2;9998;1;9999;;;BHD;Ippendorf2;BH;Hardtberg;B;Bonn;26.02.2026;15.06.2026;03.11.2026
39269;Sperrmüll;01.01.2026;31.12.2026;Fasanenweg;Ippendorf (HA);53127;2;9998;1;9999;;;BHD;Ippendorf2;BH;Hardtberg;B;Bonn;27.02.2026;16.06.2026;04.11.2026
39284;Sperrmüll;01.01.2026;31.12.2026;Ferdinandstr.;Ippendorf (HA);53127;2;9998;1;9999;;;BHD;Ippendorf2;BH;Hardtberg;B;Bonn;27.02.2026;16.06.2026;04.11.2026
39374;Sperrmüll;01.01.2026;31.12.2026;Gerhard-Krause-Weg;Ippendorf (HA);53127;2;9998;1;9999;;;BHD;Ippendorf2;BH;Hardtberg;B;Bonn;26.02.2026;15.06.2026;03.11.2026
39314;Sperrmüll;01.01.2026;31.12.2026;Gierolstr.;Ippendorf (HA);53127;2;9998;1;9999;;;BHD;Ippendorf2;BH;Hardtberg;B;Bonn;27.02.2026;16.06.2026;04.11.2026
39854;Sperrmüll;01.01.2026;31.12.2026;Havelstr.;Ippendorf (HA);53127;2;9998;1;9999;;;BHD;Ippendorf2;BH;Hardtberg;B;Bonn;27.02.2026;16.06.2026;04.11.2026
39419;Sperrmüll;01.01.2026;31.12.2026;Im Acker;Ippendorf (HA);53127;2;9998;1;9999;;;BHD;Ippendorf2;BH;Hardtberg;B;Bonn;26.02.2026;15.06.2026;03.11.2026
39434;Sperrmüll;01.01.2026;31.12.2026;Im Blumengarten;Ippendorf (HA);53127;2;24;1;21;;Sackgasse;BHD;Ippendorf2;BH;Hardtberg;B;Bonn;27.02.2026;16.06.2026;04.11.2026
42554;Sperrmüll;01.01.2026;31.12.2026;Im Blumengarten;Ippendorf (HA);53127;26;9998;23;9999;;Sackgasse;BHD;Ippendorf2;BH;Hardtberg;B;Bonn;27.02.2026;16.06.2026;04.11.2026
39449;Sperrmüll;01.01.2026;31.12.2026;Im Eichholz;Ippendorf (HA);53127;2;9998;1;9999;;;BHD;Ippendorf2;BH;Hardtberg;B;Bonn;26.02.2026;15.06.2026;03.11.2026
39899;Sperrmüll;01.01.2026;31.12.2026;Im Uckerfeld;Ippendorf (HA);53127;2;9998;1;9999;;;BHD;Ippendorf2;BH;Hardtberg;B;Bonn;27.02.2026;16.06.2026;04.11.2026
39824;Sperrmüll;01.01.2026;31.12.2026;Ippendorfer Allee;Ippendorf (HA);53127;2;9998;1;9999;1, 1A, 1B, 1C, 1D;;BHD;Ippendorf2;BH;Hardtberg;B;Bonn;26.02.2026;15.06.2026;03.11.2026
39839;Sperrmüll;01.01.2026;31.12.2026;Ippendorfer Allee;Ippendorf (HA);53127;;;;;;;BHD;Ippendorf2;BH;Hardtberg;B;Bonn;26.02.2026;15.06.2026;03.11.2026
39929;Sperrmüll;01.01.2026;31.12.2026;Karl-Friedrich-Schinkel-Str.;Ippendorf (HA);53127;2;16;1;5;;Im Uckerfeld - Im Blumengarten;BHD;Ippendorf2;BH;Hardtberg;B;Bonn;27.02.2026;16.06.2026;04.11.2026
39944;Sperrmüll;01.01.2026;31.12.2026;Karl-Friedrich-Schinkel-Str.;Ippendorf (HA);53127;18;9998;7;9999;;Im Blumengarten - A.d.Essig;BHD;Ippendorf2;BH;Hardtberg;B;Bonn;27.02.2026;16.06.2026;04.11.2026
39479;Sperrmüll;01.01.2026;31.12.2026;Lengsdorfer Str.;Ippendorf (HA);53127;2;9998;1;9999;;;BHD;Ippendorf2;BH;Hardtberg;B;Bonn;26.02.2026;15.06.2026;03.11.2026
39204;Sperrmüll;01.01.2026;31.12.2026;Ligusterweg;Ippendorf (HA);53127;2;9998;1;9999;;;BHD;Ippendorf2;BH;Hardtberg;B;Bonn;26.02.2026;15.06.2026;03.11.2026
39494;Sperrmüll;01.01.2026;31.12.2026;Lückingstr.;Ippendorf (HA);53127;2;9998;1;9999;;;BHD;Ippendorf2;BH;Hardtberg;B;Bonn;27.02.2026;16.06.2026;04.11.2026
39884;Sperrmüll;01.01.2026;31.12.2026;Luigi-Pirandello-Str.;Ippendorf (HA);53127;2;9998;1;9999;;;BHD;Ippendorf2;BH;Hardtberg;B;Bonn;27.02.2026;16.06.2026;04.11.2026
39749;Sperrmüll;01.01.2026;31.12.2026;Mauerseglerweg;Ippendorf (HA);53127;2;9998;1;9999;;;BHD;Ippendorf2;BH;Hardtberg;B;Bonn;27.02.2026;16.06.2026;04.11.2026
39974;Sperrmüll;01.01.2026;31.12.2026;Michael-Leveilly-Str.;Ippendorf (HA);53127;2;9998;1;9999;;;BHD;Ippendorf2;BH;Hardtberg;B;Bonn;27.02.2026;16.06.2026;04.11.2026
39539;Sperrmüll;01.01.2026;31.12.2026;Neißestr.;Ippendorf (HA);53127;2;9998;1;9999;;;BHD;Ippendorf2;BH;Hardtberg;B;Bonn;27.02.2026;16.06.2026;04.11.2026
39054;Sperrmüll;01.01.2026;31.12.2026;Netzestr.;Ippendorf (HA);53127;2;9998;1;9999;;;BHD;Ippendorf2;BH;Hardtberg;B;Bonn;27.02.2026;16.06.2026;04.11.2026
39554;Sperrmüll;01.01.2026;31.12.2026;Oderstr.;Ippendorf (HA);53127;2;18;1;23;;Buchholzstr - Netzestr;BHD;Ippendorf2;BH;Hardtberg;B;Bonn;27.02.2026;16.06.2026;04.11.2026
39569;Sperrmüll;01.01.2026;31.12.2026;Oderstr.;Ippendorf (HA);53127;;;25;29;;;BHD;Ippendorf2;BH;Hardtberg;B;Bonn;27.02.2026;16.06.2026;04.11.2026
39584;Sperrmüll;01.01.2026;31.12.2026;Oderstr.;Ippendorf (HA);53127;20;9998;31;9999;;Netzestr - Haagerweg;BHD;Ippendorf2;BH;Hardtberg;B;Bonn;27.02.2026;16.06.2026;04.11.2026
39599;Sperrmüll;01.01.2026;31.12.2026;Peenestr.;Ippendorf (HA);53127;2;9998;1;9999;;;BHD;Ippendorf2;BH;Hardtberg;B;Bonn;27.02.2026;16.06.2026;04.11.2026
39614;Sperrmüll;01.01.2026;31.12.2026;Peter-Clever-Str.;Ippendorf (HA);53127;2;9998;1;9999;;;BHD;Ippendorf2;BH;Hardtberg;B;Bonn;27.02.2026;16.06.2026;04.11.2026
39989;Sperrmüll;01.01.2026;31.12.2026;Peter-Ohlenhardt-Str.;Ippendorf (HA);53127;2;12;1;5;;;BHD;Ippendorf2;BH;Hardtberg;B;Bonn;27.02.2026;16.06.2026;04.11.2026
40004;Sperrmüll;01.01.2026;31.12.2026;Peter-Ohlenhardt-Str.;Ippendorf (HA);53127;14;9998;7;9999;;;BHD;Ippendorf2;BH;Hardtberg;B;Bonn;27.02.2026;16.06.2026;04.11.2026
39644;Sperrmüll;01.01.2026;31.12.2026;Pregelstr.;Ippendorf (HA);53127;2;9998;1;9999;;;BHD;Ippendorf2;BH;Hardtberg;B;Bonn;27.02.2026;16.06.2026;04.11.2026
39659;Sperrmüll;01.01.2026;31.12.2026;Quellenweg;Ippendorf (HA);53127;2;9998;1;9999;;;BHD;Ippendorf2;BH;Hardtberg;B;Bonn;27.02.2026;16.06.2026;04.11.2026
39629;Sperrmüll;01.01.2026;31.12.2026;Rieckweg;Ippendorf (HA);53127;2;9998;1;9999;;;BHD;Ippendorf2;BH;Hardtberg;B;Bonn;27.02.2026;16.06.2026;04.11.2026
39674;Sperrmüll;01.01.2026;31.12.2026;Röttgener Str.;Ippendorf (HA);53127;2;144;1;139;;Ippendorferallee - Buchholzstr;BHD;Ippendorf2;BH;Hardtberg;B;Bonn;26.02.2026;15.06.2026;03.11.2026
39689;Sperrmüll;01.01.2026;31.12.2026;Röttgener Str.;Ippendorf (HA);53127;146;228;141;189;;Buchholzstr - Ende Katzenloch;BHD;Ippendorf2;BH;Hardtberg;B;Bonn;26.02.2026;15.06.2026;03.11.2026
39704;Sperrmüll;01.01.2026;31.12.2026;Röttgener Str.;Ippendorf (HA);53125;230;9998;191;9999;;Röttgen;BHD;Ippendorf2;BH;Hardtberg;B;Bonn;26.02.2026;15.06.2026;03.11.2026
39719;Sperrmüll;01.01.2026;31.12.2026;Saalestr.;Ippendorf (HA);53127;2;9998;1;9999;;;BHD;Ippendorf2;BH;Hardtberg;B;Bonn;27.02.2026;16.06.2026;04.11.2026
39869;Sperrmüll;01.01.2026;31.12.2026;Schwanenweg;Ippendorf (HA);53127;2;9998;1;9999;;;BHD;Ippendorf2;BH;Hardtberg;B;Bonn;27.02.2026;16.06.2026;04.11.2026
39734;Sperrmüll;01.01.2026;31.12.2026;Spreestr.;Ippendorf (HA);53127;2;9998;1;9999;;;BHD;Ippendorf2;BH;Hardtberg;B;Bonn;27.02.2026;16.06.2026;04.11.2026
39764;Sperrmüll;01.01.2026;31.12.2026;Starenweg;Ippendorf (HA);53127;2;9998;1;9999;;;BHD;Ippendorf2;BH;Hardtberg;B;Bonn;27.02.2026;16.06.2026;04.11.2026
39299;Sperrmüll;01.01.2026;31.12.2026;Turmfalkenweg;Ippendorf (HA);53127;2;9998;1;9999;;;BHD;Ippendorf2;BH;Hardtberg;B;Bonn;27.02.2026;16.06.2026;04.11.2026
39524;Sperrmüll;01.01.2026;31.12.2026;Waldmeisenweg;Ippendorf (HA);53127;2;9998;1;9999;;;BHD;Ippendorf2;BH;Hardtberg;B;Bonn;27.02.2026;16.06.2026;04.11.2026
39794;Sperrmüll;01.01.2026;31.12.2026;Wasserturmstr.;Ippendorf (HA);53127;2;20;1;9999;;Ferdinandstr - Peter-Cleverstr;BHD;Ippendorf2;BH;Hardtberg;B;Bonn;27.02.2026;16.06.2026;04.11.2026
39809;Sperrmüll;01.01.2026;31.12.2026;Wasserturmstr.;Ippendorf (HA);53127;22;9998;;;;Ferdinandstr - Auf dem Essig;BHD;Ippendorf2;BH;Hardtberg;B;Bonn;27.02.2026;16.06.2026;04.11.2026
133;Sperrmüll;01.01.2026;31.12.2026;Ahrweg;Kessenich;53129;2;9998;1;9999;;;BZE;Kessenich;BZ;Bonn-Zentrum;B;Bonn;04.03.2026;19.06.2026;09.11.2026
42645;Sperrmüll;01.01.2026;31.12.2026;Albert-Fischer-Str.;Kessenich;53129;2;9998;1;9999;;;BZE;Kessenich;BZ;Bonn-Zentrum;B;Bonn;04.03.2026;19.06.2026;09.11.2026
11604;Sperrmüll;01.01.2026;31.12.2026;Aloys-Schulte-Str.;Kessenich;53129;2;9998;1;9999;;;BZE;Kessenich;BZ;Bonn-Zentrum;B;Bonn;04.03.2026;19.06.2026;09.11.2026
255;Sperrmüll;01.01.2026;31.12.2026;Alter Fahrweg;Kessenich;53127;2;9998;1;9999;;;BZE;Kessenich;BZ;Bonn-Zentrum;B;Bonn;03.03.2026;17.06.2026;05.11.2026
406;Sperrmüll;01.01.2026;31.12.2026;Am Buchenhang;Kessenich;53115;2;9998;1;9999;;;BZE;Kessenich;BZ;Bonn-Zentrum;B;Bonn;02.03.2026;18.06.2026;06.11.2026
1414;Sperrmüll;01.01.2026;31.12.2026;Am Siepen;Kessenich;53129;2;9998;1;9999;;;BZE;Kessenich;BZ;Bonn-Zentrum;B;Bonn;04.03.2026;19.06.2026;09.11.2026
1048;Sperrmüll;01.01.2026;31.12.2026;Argelanderstr.;Kessenich;53115;2;46;1;57;;Poppeld.Allee - Kurfürstenstr;BZE;Kessenich;BZ;Bonn-Zentrum;B;Bonn;02.02.2026;22.05.2026;05.10.2026
1063;Sperrmüll;01.01.2026;31.12.2026;Argelanderstr.;Kessenich;53115;60;110;77;139;;Weberstr - Reuterstr;BZE;Kessenich;BZ;Bonn-Zentrum;B;Bonn;02.02.2026;22.05.2026;05.10.2026
1078;Sperrmüll;01.01.2026;31.12.2026;Argelanderstr.;Kessenich;53115;112;9998;141;9999;;Reuterstr-Lotharstr (Sackgasse;BZE;Kessenich;BZ;Bonn-Zentrum;B;Bonn;02.03.2026;18.06.2026;06.11.2026
1093;Sperrmüll;01.01.2026;31.12.2026;Argelanderstr.;Kessenich;53115;48;58;59;75;;Kurfürstenstr - Weberstr;BZE;Kessenich;BZ;Bonn-Zentrum;B;Bonn;02.02.2026;22.05.2026;05.10.2026
331;Sperrmüll;01.01.2026;31.12.2026;Auf der Steige;Kessenich;53129;2;9998;1;9999;;;BZE;Kessenich;BZ;Bonn-Zentrum;B;Bonn;04.03.2026;19.06.2026;09.11.2026
4737;Sperrmüll;01.01.2026;31.12.2026;August-Bier-Str.;Kessenich;53129;;;1;7;;Bonner Talweg - Hausdorffstr;BZE;Kessenich;BZ;Bonn-Zentrum;B;Bonn;02.03.2026;18.06.2026;06.11.2026
4752;Sperrmüll;01.01.2026;31.12.2026;August-Bier-Str.;Kessenich;53129;2;24;9;25;2, 2A;Hausdorffstr - Franz-Lohestr;BZE;Kessenich;BZ;Bonn-Zentrum;B;Bonn;04.03.2026;19.06.2026;09.11.2026
4767;Sperrmüll;01.01.2026;31.12.2026;August-Bier-Str.;Kessenich;53129;26;9998;27;9999;;Franz-Lohe - Reuterstr;BZE;Kessenich;BZ;Bonn-Zentrum;B;Bonn;04.03.2026;19.06.2026;09.11.2026
1752;Sperrmüll;01.01.2026;31.12.2026;Bergstr.;Kessenich;53129;2;54;1;43;;Karl-Barthstr - Burbacherstr;BZE;Kessenich;BZ;Bonn-Zentrum;B;Bonn;04.03.2026;19.06.2026;09.11.2026
1767;Sperrmüll;01.01.2026;31.12.2026;Bergstr.;Kessenich;53129;56;66;45;65;;Burbacherstr - Hausdorffstr;BZE;Kessenich;BZ;Bonn-Zentrum;B;Bonn;04.03.2026;19.06.2026;09.11.2026
1782;Sperrmüll;01.01.2026;31.12.2026;Bergstr.;Kessenich;53129;68;150;67;169;;Hausdorffstr - Karthäuserstr.;BZE;Kessenich;BZ;Bonn-Zentrum;B;Bonn;04.03.2026;19.06.2026;09.11.2026
43674;Sperrmüll;01.01.2026;31.12.2026;Bergstr.;Kessenich;53129;152;9998;171;9999;;Sackgasse;BZE;Kessenich;BZ;Bonn-Zentrum;B;Bonn;10.03.2026;14.07.2026;18.12.2026
1986;Sperrmüll;01.01.2026;31.12.2026;Blücherstr.;Kessenich;53115;2;42;1;49;;Jagdweg - Argelanderstr;BZE;Kessenich;BZ;Bonn-Zentrum;B;Bonn;02.03.2026;18.06.2026;06.11.2026
2001;Sperrmüll;01.01.2026;31.12.2026;Blücherstr.;Kessenich;53115;44;9998;51;9999;;Argelan. - Johannes.v.Hanstein;BZE;Kessenich;BZ;Bonn-Zentrum;B;Bonn;02.03.2026;18.06.2026;06.11.2026
2146;Sperrmüll;01.01.2026;31.12.2026;Bonner Talweg;Kessenich;53113;;;1;39;;Poppelsdorfer Allee - Weberstr;BZE;Kessenich;BZ;Bonn-Zentrum;B;Bonn;02.02.2026;22.05.2026;05.10.2026
2161;Sperrmüll;01.01.2026;31.12.2026;Bonner Talweg;Kessenich;53113;2;46;;;;Poppelsdorfer Allee - Weberstr;BZE;Kessenich;BZ;Bonn-Zentrum;B;Bonn;02.02.2026;22.05.2026;05.10.2026
2177;Sperrmüll;01.01.2026;31.12.2026;Bonner Talweg;Kessenich;53113;;;41;121;;Weberstr - Reuterstr;BZE;Kessenich;BZ;Bonn-Zentrum;B;Bonn;02.02.2026;22.05.2026;05.10.2026
2192;Sperrmüll;01.01.2026;31.12.2026;Bonner Talweg;Kessenich;53113;48;150;;;;Weberstr - Reuterstr;BZE;Kessenich;BZ;Bonn-Zentrum;B;Bonn;02.02.2026;22.05.2026;05.10.2026
2207;Sperrmüll;01.01.2026;31.12.2026;Bonner Talweg;Kessenich;53129;152;200;123;213;;Reuterstr - August-Bierstr;BZE;Kessenich;BZ;Bonn-Zentrum;B;Bonn;02.03.2026;18.06.2026;06.11.2026
2222;Sperrmüll;01.01.2026;31.12.2026;Bonner Talweg;Kessenich;53129;278;9998;261;9999;;Luisenstr - Nikolausstr;BZE;Kessenich;BZ;Bonn-Zentrum;B;Bonn;02.03.2026;18.06.2026;06.11.2026
2237;Sperrmüll;01.01.2026;31.12.2026;Bonner Talweg;Kessenich;53129;202;276;215;259;;August-Bierstr - Luisenstr;BZE;Kessenich;BZ;Bonn-Zentrum;B;Bonn;02.03.2026;18.06.2026;06.11.2026
2540;Sperrmüll;01.01.2026;31.12.2026;Burbacher Str.;Kessenich;53129;2;62;1;85;;Reuterstr - Eduard-Ottostr;BZE;Kessenich;BZ;Bonn-Zentrum;B;Bonn;04.03.2026;19.06.2026;09.11.2026
2555;Sperrmüll;01.01.2026;31.12.2026;Burbacher Str.;Kessenich;53129;64;174;87;181;;Eduard-Ottostr - Rheinweg;BZE;Kessenich;BZ;Bonn-Zentrum;B;Bonn;04.03.2026;19.06.2026;09.11.2026
2570;Sperrmüll;01.01.2026;31.12.2026;Burbacher Str.;Kessenich;53129;176;206;183;229;;Rheinweg - Büttinghausenstr;BZE;Kessenich;BZ;Bonn-Zentrum;B;Bonn;04.03.2026;19.06.2026;09.11.2026
2585;Sperrmüll;01.01.2026;31.12.2026;Burbacher Str.;Kessenich;53129;208;9998;231;9999;;Büttinghausenstr - Bergstr;BZE;Kessenich;BZ;Bonn-Zentrum;B;Bonn;04.03.2026;19.06.2026;09.11.2026
7371;Sperrmüll;01.01.2026;31.12.2026;Büttinghausenstr.;Kessenich;53129;2;10;1;13;;Burbacherstr - Hausdorffstr;BZE;Kessenich;BZ;Bonn-Zentrum;B;Bonn;04.03.2026;19.06.2026;09.11.2026
7386;Sperrmüll;01.01.2026;31.12.2026;Büttinghausenstr.;Kessenich;53129;12;9998;15;9999;;Hausdorffstr - Mechenstr;BZE;Kessenich;BZ;Bonn-Zentrum;B;Bonn;04.03.2026;19.06.2026;09.11.2026
11554;Sperrmüll;01.01.2026;31.12.2026;Eduard-Otto-Str.;Kessenich;53129;2;4;1;9;;Bonner Talweg - Hausdorffstr;BZE;Kessenich;BZ;Bonn-Zentrum;B;Bonn;02.03.2026;18.06.2026;06.11.2026
11574;Sperrmüll;01.01.2026;31.12.2026;Eduard-Otto-Str.;Kessenich;53129;6;34;11;55;;Hausdorffstr - Burbacherstr;BZE;Kessenich;BZ;Bonn-Zentrum;B;Bonn;04.03.2026;19.06.2026;09.11.2026
42479;Sperrmüll;01.01.2026;31.12.2026;Eduard-Otto-Str.;Kessenich;53129;36;9998;57;9999;;Burbacherstr - Ahrweg;BZE;Kessenich;BZ;Bonn-Zentrum;B;Bonn;04.03.2026;19.06.2026;09.11.2026
3859;Sperrmüll;01.01.2026;31.12.2026;Erftweg;Kessenich;53129;2;9998;1;9999;;;BZE;Kessenich;BZ;Bonn-Zentrum;B;Bonn;05.03.2026;22.06.2026;10.11.2026
4205;Sperrmüll;01.01.2026;31.12.2026;Franz-Bücheler-Str.;Kessenich;53129;2;9998;1;9999;;;BZE;Kessenich;BZ;Bonn-Zentrum;B;Bonn;04.03.2026;19.06.2026;09.11.2026
4236;Sperrmüll;01.01.2026;31.12.2026;Franz-Lohe-Str.;Kessenich;53129;2;9998;1;9999;;;BZE;Kessenich;BZ;Bonn-Zentrum;B;Bonn;04.03.2026;19.06.2026;09.11.2026
4190;Sperrmüll;01.01.2026;31.12.2026;Füssenichgasse;Kessenich;53129;2;9998;1;9999;;;BZE;Kessenich;BZ;Bonn-Zentrum;B;Bonn;04.03.2026;19.06.2026;09.11.2026
4541;Sperrmüll;01.01.2026;31.12.2026;Geißlerstr.;Kessenich;53115;2;9998;1;9999;;;BZE;Kessenich;BZ;Bonn-Zentrum;B;Bonn;02.03.2026;18.06.2026;06.11.2026
42660;Sperrmüll;01.01.2026;31.12.2026;Gerhard-Samuel-Str.;Kessenich;53129;2;9998;1;9999;;;BZE;Kessenich;BZ;Bonn-Zentrum;B;Bonn;04.03.2026;19.06.2026;09.11.2026
4647;Sperrmüll;01.01.2026;31.12.2026;Gierenweg;Kessenich;53129;2;6;1;21;1A;Saarweg - Erftweg;BZE;Kessenich;BZ;Bonn-Zentrum;B;Bonn;05.03.2026;22.06.2026;10.11.2026
4662;Sperrmüll;01.01.2026;31.12.2026;Gierenweg;Kessenich;53129;;;;;;Saarweg - Karl-Barthstr;BZE;Kessenich;BZ;Bonn-Zentrum;B;Bonn;05.03.2026;22.06.2026;10.11.2026
4677;Sperrmüll;01.01.2026;31.12.2026;Gierenweg;Kessenich;53129;8;9998;23;9999;;Erftweg - Naheweg;BZE;Kessenich;BZ;Bonn-Zentrum;B;Bonn;05.03.2026;22.06.2026;10.11.2026
4862;Sperrmüll;01.01.2026;31.12.2026;Graf-Galen-Str.;Kessenich;53129;2;9998;1;9999;;;BZE;Kessenich;BZ;Bonn-Zentrum;B;Bonn;02.03.2026;18.06.2026;06.11.2026
4877;Sperrmüll;01.01.2026;31.12.2026;Graf-Stauffenberg-Str.;Kessenich;53115;2;12;1;11;;Luisenstr - Lotharstr;BZE;Kessenich;BZ;Bonn-Zentrum;B;Bonn;02.03.2026;18.06.2026;06.11.2026
4892;Sperrmüll;01.01.2026;31.12.2026;Graf-Stauffenberg-Str.;Kessenich;53115;14;9998;13;9999;;Lotharstr - Robert-Kochstr;BZE;Kessenich;BZ;Bonn-Zentrum;B;Bonn;02.03.2026;18.06.2026;06.11.2026
4907;Sperrmüll;01.01.2026;31.12.2026;Gregor-Mendel-Str.;Kessenich;53115;2;9998;1;9999;;;BZE;Kessenich;BZ;Bonn-Zentrum;B;Bonn;02.03.2026;18.06.2026;06.11.2026
5332;Sperrmüll;01.01.2026;31.12.2026;Hans-Riegel-Str.;Kessenich;53129;2;9998;1;9999;;;BZE;Kessenich;BZ;Bonn-Zentrum;B;Bonn;04.03.2026;19.06.2026;09.11.2026
5652;Sperrmüll;01.01.2026;31.12.2026;Heinrich-Körner-Str.;Kessenich;53129;2;9998;1;9999;;;BZE;Kessenich;BZ;Bonn-Zentrum;B;Bonn;02.03.2026;18.06.2026;06.11.2026
6084;Sperrmüll;01.01.2026;31.12.2026;Hugo-Haelschner-Str.;Kessenich;53129;2;9998;1;9999;;;BZE;Kessenich;BZ;Bonn-Zentrum;B;Bonn;04.03.2026;19.06.2026;09.11.2026
6545;Sperrmüll;01.01.2026;31.12.2026;In der Lies;Kessenich;53129;2;9998;1;9999;;;BZE;Kessenich;BZ;Bonn-Zentrum;B;Bonn;02.03.2026;18.06.2026;06.11.2026
6711;Sperrmüll;01.01.2026;31.12.2026;Johannes-v.-Hanstein-Str.;Kessenich;53115;2;9998;1;9999;;;BZE;Kessenich;BZ;Bonn-Zentrum;B;Bonn;02.03.2026;18.06.2026;06.11.2026
6756;Sperrmüll;01.01.2026;31.12.2026;Julius-Plücker-Str.;Kessenich;53115;2;9998;1;9999;;;BZE;Kessenich;BZ;Bonn-Zentrum;B;Bonn;02.03.2026;18.06.2026;06.11.2026
7190;Sperrmüll;01.01.2026;31.12.2026;Karthäuserplatz;Kessenich;53129;2;9998;1;9999;;;BZE;Kessenich;BZ;Bonn-Zentrum;B;Bonn;04.03.2026;19.06.2026;09.11.2026
6054;Sperrmüll;01.01.2026;31.12.2026;Karthäuserstr.;Kessenich;53129;2;9998;1;9999;;;BZE;Kessenich;BZ;Bonn-Zentrum;B;Bonn;04.03.2026;19.06.2026;09.11.2026
8054;Sperrmüll;01.01.2026;31.12.2026;Kuhgasse;Kessenich;53129;2;9998;1;9999;;;BZE;Kessenich;BZ;Bonn-Zentrum;B;Bonn;02.03.2026;18.06.2026;06.11.2026
8099;Sperrmüll;01.01.2026;31.12.2026;Lahnweg;Kessenich;53129;2;9998;1;9999;;;BZE;Kessenich;BZ;Bonn-Zentrum;B;Bonn;04.03.2026;19.06.2026;09.11.2026
8505;Sperrmüll;01.01.2026;31.12.2026;Loeschckestr.;Kessenich;53129;2;9998;1;9999;;;BZE;Kessenich;BZ;Bonn-Zentrum;B;Bonn;05.03.2026;22.06.2026;10.11.2026
8550;Sperrmüll;01.01.2026;31.12.2026;Lotharstr.;Kessenich;53115;2;134;1;153;;Argelanderst - G.Staufenbergst;BZE;Kessenich;BZ;Bonn-Zentrum;B;Bonn;02.03.2026;18.06.2026;06.11.2026
8565;Sperrmüll;01.01.2026;31.12.2026;Lotharstr.;Kessenich;53115;136;9998;155;9999;;G.Stauffenbergst - B.Talweg;BZE;Kessenich;BZ;Bonn-Zentrum;B;Bonn;02.03.2026;18.06.2026;06.11.2026
8580;Sperrmüll;01.01.2026;31.12.2026;Luisenstr.;Kessenich;53129;2;28;1;13;;Reuterstr - Argelanderstr;BZE;Kessenich;BZ;Bonn-Zentrum;B;Bonn;02.03.2026;18.06.2026;06.11.2026
8595;Sperrmüll;01.01.2026;31.12.2026;Luisenstr.;Kessenich;53129;30;84;15;77;;Argelanderstr - H.-Körnerstr;BZE;Kessenich;BZ;Bonn-Zentrum;B;Bonn;02.03.2026;18.06.2026;06.11.2026
8610;Sperrmüll;01.01.2026;31.12.2026;Luisenstr.;Kessenich;53129;86;9998;115;9999;;H.Körnerstr - Bonner Talweg;BZE;Kessenich;BZ;Bonn-Zentrum;B;Bonn;02.03.2026;18.06.2026;06.11.2026
44212;Sperrmüll;01.01.2026;31.12.2026;Luisenstr.;Kessenich;53129;;;79;113;;Garagenplatz;BZE;Kessenich;BZ;Bonn-Zentrum;B;Bonn;02.03.2026;18.06.2026;06.11.2026
9034;Sperrmüll;01.01.2026;31.12.2026;Markusplatz;Kessenich;53129;2;9998;1;9999;;;BZE;Kessenich;BZ;Bonn-Zentrum;B;Bonn;04.03.2026;19.06.2026;09.11.2026
9049;Sperrmüll;01.01.2026;31.12.2026;Markusstr.;Kessenich;53129;2;9998;1;9999;;;BZE;Kessenich;BZ;Bonn-Zentrum;B;Bonn;04.03.2026;19.06.2026;09.11.2026
9187;Sperrmüll;01.01.2026;31.12.2026;Mechenstr.;Kessenich;53129;2;9998;1;9999;;;BZE;Kessenich;BZ;Bonn-Zentrum;B;Bonn;04.03.2026;19.06.2026;09.11.2026
9428;Sperrmüll;01.01.2026;31.12.2026;Moselweg;Kessenich;53129;2;9998;1;9999;;;BZE;Kessenich;BZ;Bonn-Zentrum;B;Bonn;05.03.2026;22.06.2026;10.11.2026
9646;Sperrmüll;01.01.2026;31.12.2026;Naheweg;Kessenich;53129;2;9998;1;9999;;;BZE;Kessenich;BZ;Bonn-Zentrum;B;Bonn;05.03.2026;22.06.2026;10.11.2026
9751;Sperrmüll;01.01.2026;31.12.2026;Nikolausstr.;Kessenich;53129;2;9998;1;9999;;;BZE;Kessenich;BZ;Bonn-Zentrum;B;Bonn;02.03.2026;18.06.2026;06.11.2026
10428;Sperrmüll;01.01.2026;31.12.2026;Pützstr.;Kessenich;53129;2;30;1;23;;Nikolausstr - Hausdorffstr;BZE;Kessenich;BZ;Bonn-Zentrum;B;Bonn;02.03.2026;18.06.2026;06.11.2026
10443;Sperrmüll;01.01.2026;31.12.2026;Pützstr.;Kessenich;53129;32;9998;25;9999;;Hausdorffstr - Burbacherstr;BZE;Kessenich;BZ;Bonn-Zentrum;B;Bonn;04.03.2026;19.06.2026;09.11.2026
10655;Sperrmüll;01.01.2026;31.12.2026;Renoisstr.;Kessenich;53129;2;9998;1;37;;;BZE;Kessenich;BZ;Bonn-Zentrum;B;Bonn;02.03.2026;18.06.2026;06.11.2026
44227;Sperrmüll;01.01.2026;31.12.2026;Renoisstr.;Kessenich;53129;;;39;65;;Garagenplatz;BZE;Kessenich;BZ;Bonn-Zentrum;B;Bonn;02.03.2026;18.06.2026;06.11.2026
44242;Sperrmüll;01.01.2026;31.12.2026;Renoisstr.;Kessenich;53129;;;67;9999;;;BZE;Kessenich;BZ;Bonn-Zentrum;B;Bonn;02.03.2026;18.06.2026;06.11.2026
13770;Sperrmüll;01.01.2026;31.12.2026;Robert-Brach-Gasse;Kessenich;53129;2;9998;1;9999;;;BZE;Kessenich;BZ;Bonn-Zentrum;B;Bonn;04.03.2026;19.06.2026;09.11.2026
11340;Sperrmüll;01.01.2026;31.12.2026;Rosenburgweg;Kessenich;53115;2;9998;1;9999;;;BZE;Kessenich;BZ;Bonn-Zentrum;B;Bonn;02.03.2026;18.06.2026;06.11.2026
11415;Sperrmüll;01.01.2026;31.12.2026;Rurweg;Kessenich;53129;2;9998;1;9999;;;BZE;Kessenich;BZ;Bonn-Zentrum;B;Bonn;05.03.2026;22.06.2026;10.11.2026
11494;Sperrmüll;01.01.2026;31.12.2026;Saarweg;Kessenich;53129;2;9998;1;9999;;;BZE;Kessenich;BZ;Bonn-Zentrum;B;Bonn;05.03.2026;22.06.2026;10.11.2026
12833;Sperrmüll;01.01.2026;31.12.2026;Usenerstr.;Kessenich;53129;2;9998;1;9999;;;BZE;Kessenich;BZ;Bonn-Zentrum;B;Bonn;04.03.2026;19.06.2026;09.11.2026
13210;Sperrmüll;01.01.2026;31.12.2026;Weidengarten;Kessenich;53129;2;9998;1;9999;;;BZE;Kessenich;BZ;Bonn-Zentrum;B;Bonn;02.03.2026;18.06.2026;06.11.2026
13362;Sperrmüll;01.01.2026;31.12.2026;Wichernstr.;Kessenich;53129;2;9998;1;9999;;;BZE;Kessenich;BZ;Bonn-Zentrum;B;Bonn;04.03.2026;19.06.2026;09.11.2026
13604;Sperrmüll;01.01.2026;31.12.2026;Wolterstr.;Kessenich;53129;2;9998;1;9999;;;BZE;Kessenich;BZ;Bonn-Zentrum;B;Bonn;04.03.2026;19.06.2026;09.11.2026
24766;Sperrmüll;01.01.2026;31.12.2026;Am Alten Rheinarm;Küdinghoven;53227;2;9998;1;9999;;;BBF;Küdinghoven;BB;Beuel;B;Bonn;15.04.2026;17.07.2026;08.12.2026
24781;Sperrmüll;01.01.2026;31.12.2026;Am Sonnenberg;Küdinghoven;53227;2;9998;1;9999;;;BBF;Küdinghoven;BB;Beuel;B;Bonn;15.04.2026;17.07.2026;08.12.2026
24796;Sperrmüll;01.01.2026;31.12.2026;An der Siebengebirgsbahn;Küdinghoven;53227;2;9998;1;9999;;;BBF;Küdinghoven;BB;Beuel;B;Bonn;15.04.2026;17.07.2026;08.12.2026
24316;Sperrmüll;01.01.2026;31.12.2026;Ankerbachtalweg;Küdinghoven;53227;2;9998;1;9999;;;BBF;Küdinghoven;BB;Beuel;B;Bonn;15.04.2026;17.07.2026;08.12.2026
25201;Sperrmüll;01.01.2026;31.12.2026;Broichstr.;Küdinghoven;53227;2;16;1;19;;Dornenkreuzstr - Haldenstr;BBF;Küdinghoven;BB;Beuel;B;Bonn;15.04.2026;17.07.2026;08.12.2026
25221;Sperrmüll;01.01.2026;31.12.2026;Broichstr.;Küdinghoven;53227;18;72;21;59;;Haldenstr - Buchenweg;BBF;Küdinghoven;BB;Beuel;B;Bonn;15.04.2026;17.07.2026;08.12.2026
25236;Sperrmüll;01.01.2026;31.12.2026;Broichstr.;Küdinghoven;53227;74;9998;61;9999;;Buchenweg - Maarstr;BBF;Küdinghoven;BB;Beuel;B;Bonn;30.04.2026;25.09.2026;22.12.2026
25251;Sperrmüll;01.01.2026;31.12.2026;Buchenweg;Küdinghoven;53227;2;9998;1;9999;;;BBF;Küdinghoven;BB;Beuel;B;Bonn;15.04.2026;17.07.2026;08.12.2026
24931;Sperrmüll;01.01.2026;31.12.2026;Dornenkreuzstr.;Küdinghoven;53227;2;9998;1;9999;31, 31A, 33, 33A;;BBF;Küdinghoven;BB;Beuel;B;Bonn;15.04.2026;17.07.2026;08.12.2026
24946;Sperrmüll;01.01.2026;31.12.2026;Dornenkreuzstr.;Küdinghoven;53227;;;;;;;BBF;Küdinghoven;BB;Beuel;B;Bonn;15.04.2026;17.07.2026;08.12.2026
32396;Sperrmüll;01.01.2026;31.12.2026;Ennerthang;Küdinghoven;53227;2;9998;1;9999;;;BBF;Küdinghoven;BB;Beuel;B;Bonn;15.04.2026;17.07.2026;08.12.2026
25846;Sperrmüll;01.01.2026;31.12.2026;Erlenweg;Küdinghoven;53227;2;9998;1;9999;;;BBF;Küdinghoven;BB;Beuel;B;Bonn;15.04.2026;17.07.2026;08.12.2026
26026;Sperrmüll;01.01.2026;31.12.2026;Flutgraben;Küdinghoven;53227;2;9998;1;9999;;;BBF;Küdinghoven;BB;Beuel;B;Bonn;15.04.2026;17.07.2026;08.12.2026
26041;Sperrmüll;01.01.2026;31.12.2026;Forstweg;Küdinghoven;53227;2;9998;1;9999;;;BBF;Küdinghoven;BB;Beuel;B;Bonn;15.04.2026;17.07.2026;08.12.2026
26256;Sperrmüll;01.01.2026;31.12.2026;Gallusstr.;Küdinghoven;53227;2;10;1;13;;Kirchstr - Flutgraben;BBF;Küdinghoven;BB;Beuel;B;Bonn;15.04.2026;17.07.2026;08.12.2026
26271;Sperrmüll;01.01.2026;31.12.2026;Gallusstr.;Küdinghoven;53227;12;9998;15;9999;;Flutgraben - Holzgasse;BBF;Küdinghoven;BB;Beuel;B;Bonn;14.04.2026;16.07.2026;02.12.2026
26396;Sperrmüll;01.01.2026;31.12.2026;Gerichtsweg;Küdinghoven;53227;2;9998;1;9999;;;BBF;Küdinghoven;BB;Beuel;B;Bonn;14.04.2026;16.07.2026;02.12.2026
26491;Sperrmüll;01.01.2026;31.12.2026;Grabengasse;Küdinghoven;53227;2;9998;1;9999;;;BBF;Küdinghoven;BB;Beuel;B;Bonn;15.04.2026;17.07.2026;08.12.2026
30280;Sperrmüll;01.01.2026;31.12.2026;Haldenstr.;Küdinghoven;53227;2;9998;1;9999;;;BBF;Küdinghoven;BB;Beuel;B;Bonn;15.04.2026;17.07.2026;08.12.2026
26596;Sperrmüll;01.01.2026;31.12.2026;Hangstr.;Küdinghoven;53227;2;42;1;45;;Ab Kirchstr;BBF;Küdinghoven;BB;Beuel;B;Bonn;15.04.2026;17.07.2026;08.12.2026
26616;Sperrmüll;01.01.2026;31.12.2026;Hangstr.;Küdinghoven;53227;44;9998;47;9999;;Ab Holzgasse;BBF;Küdinghoven;BB;Beuel;B;Bonn;15.04.2026;17.07.2026;08.12.2026
26711;Sperrmüll;01.01.2026;31.12.2026;Heinrich-Wolsing-Weg;Küdinghoven;53227;2;9998;1;9999;;;BBF;Küdinghoven;BB;Beuel;B;Bonn;15.04.2026;17.07.2026;08.12.2026
23946;Sperrmüll;01.01.2026;31.12.2026;Im Gesetz;Küdinghoven;53227;2;9998;1;9999;;;BBF;Küdinghoven;BB;Beuel;B;Bonn;15.04.2026;17.07.2026;08.12.2026
27111;Sperrmüll;01.01.2026;31.12.2026;Im Meisengrund;Küdinghoven;53227;2;9998;1;9999;;;BBF;Küdinghoven;BB;Beuel;B;Bonn;15.04.2026;17.07.2026;08.12.2026
27231;Sperrmüll;01.01.2026;31.12.2026;In der Dahlbitze;Küdinghoven;53227;2;8;1;5;;Kirchstr - Flutgraben;BBF;Küdinghoven;BB;Beuel;B;Bonn;15.04.2026;17.07.2026;08.12.2026
27246;Sperrmüll;01.01.2026;31.12.2026;In der Dahlbitze;Küdinghoven;53227;10;9998;7;9999;;Flutgraben - Samansstr;BBF;Küdinghoven;BB;Beuel;B;Bonn;15.04.2026;17.07.2026;08.12.2026
27711;Sperrmüll;01.01.2026;31.12.2026;Kirchstr.;Küdinghoven;53227;2;46;1;45;;Königswinterer Str. - Wehrhaus;BBF;Küdinghoven;BB;Beuel;B;Bonn;15.04.2026;17.07.2026;08.12.2026
44197;Sperrmüll;01.01.2026;31.12.2026;Kirchstr.;Küdinghoven;53227;48;9998;47;9999;;Wehrhausweg - Im Meisengrund;BBF;Küdinghoven;BB;Beuel;B;Bonn;15.04.2026;17.07.2026;08.12.2026
25066;Sperrmüll;01.01.2026;31.12.2026;Küdinghovener Str.;Küdinghoven;53227;2;18;1;17;;Königswintererstr - Bahn;BBF;Küdinghoven;BB;Beuel;B;Bonn;15.04.2026;17.07.2026;08.12.2026
25081;Sperrmüll;01.01.2026;31.12.2026;Küdinghovener Str.;Küdinghoven;53227;64;90;57;91;;Bundesbahn - D.Bonhoefferstr;BBF;Küdinghoven;BB;Beuel;B;Bonn;16.04.2026;31.08.2026;07.12.2026
25096;Sperrmüll;01.01.2026;31.12.2026;Küdinghovener Str.;Küdinghoven;53227;20;62;19;55;;Bahn - Burggrafenstr(Bundes.B);BBF;Küdinghoven;BB;Beuel;B;Bonn;15.04.2026;17.07.2026;08.12.2026
25111;Sperrmüll;01.01.2026;31.12.2026;Küdinghovener Str.;Küdinghoven;53227;112;9998;119;139;;Kreuzherrenstr. - Limpericherr;BBF;Küdinghoven;BB;Beuel;B;Bonn;16.04.2026;31.08.2026;07.12.2026
25126;Sperrmüll;01.01.2026;31.12.2026;Küdinghovener Str.;Küdinghoven;53227;92;110;93;117;;D.Bonhoefferstr-Kreuzherrenstr;BBF;Küdinghoven;BB;Beuel;B;Bonn;16.04.2026;31.08.2026;07.12.2026
25141;Sperrmüll;01.01.2026;31.12.2026;Küdinghovener Str.;Küdinghoven;53225;;;141;9999;;;BBF;Küdinghoven;BB;Beuel;B;Bonn;16.04.2026;31.08.2026;07.12.2026
28844;Sperrmüll;01.01.2026;31.12.2026;Nesselroder Str.;Küdinghoven;53227;2;32;1;19;;;BBF;Küdinghoven;BB;Beuel;B;Bonn;15.04.2026;17.07.2026;08.12.2026
44047;Sperrmüll;01.01.2026;31.12.2026;Nesselroder Str.;Küdinghoven;53227;34;9998;25;9999;;;BBF;Küdinghoven;BB;Beuel;B;Bonn;15.04.2026;17.07.2026;08.12.2026
29280;Sperrmüll;01.01.2026;31.12.2026;Pützchensweg;Küdinghoven;53227;2;9998;1;9999;24A, 24B, 24C, 26, 26A, 28, 28A, 28B, 28C, 68, 74;;BBF;Küdinghoven;BB;Beuel;B;Bonn;15.04.2026;17.07.2026;08.12.2026
29295;Sperrmüll;01.01.2026;31.12.2026;Pützchensweg;Küdinghoven;53227;;;;;;;BBF;Küdinghoven;BB;Beuel;B;Bonn;20.01.2026;19.06.2026;27.11.2026
29885;Sperrmüll;01.01.2026;31.12.2026;Samansstr.;Küdinghoven;53227;2;9998;1;9999;;;BBF;Küdinghoven;BB;Beuel;B;Bonn;14.04.2026;16.07.2026;02.12.2026
30356;Sperrmüll;01.01.2026;31.12.2026;Streffenweg;Küdinghoven;53227;2;9998;1;9999;;;BBF;Küdinghoven;BB;Beuel;B;Bonn;15.04.2026;17.07.2026;08.12.2026
30416;Sperrmüll;01.01.2026;31.12.2026;Talweg;Küdinghoven;53227;2;46;1;45;;Kreuzherrenstr - Burggrafenstr;BBF;Küdinghoven;BB;Beuel;B;Bonn;16.04.2026;31.08.2026;07.12.2026
30431;Sperrmüll;01.01.2026;31.12.2026;Talweg;Küdinghoven;53227;48;76;47;61;;Burggrafenstr-Küdinghofenerstr;BBF;Küdinghoven;BB;Beuel;B;Bonn;16.04.2026;31.08.2026;07.12.2026
43455;Sperrmüll;01.01.2026;31.12.2026;Talweg;Küdinghoven;53227;78;9998;63;9999;;Ab  Küdinghofenerstr - Ende;BBF;Küdinghoven;BB;Beuel;B;Bonn;16.04.2026;31.08.2026;07.12.2026
30656;Sperrmüll;01.01.2026;31.12.2026;Wehrhausweg;Küdinghoven;53227;2;14;1;9;;Kirchstr - Erlenweg;BBF;Küdinghoven;BB;Beuel;B;Bonn;15.04.2026;17.07.2026;08.12.2026
30671;Sperrmüll;01.01.2026;31.12.2026;Wehrhausweg;Küdinghoven;53227;16;9998;11;9999;46, 46a, 48, 48a, 48b, 50;Erlenweg - Buchenweg;BBF;Küdinghoven;BB;Beuel;B;Bonn;15.04.2026;17.07.2026;08.12.2026
43972;Sperrmüll;01.01.2026;31.12.2026;Wehrhausweg;Küdinghoven;53227;;;;;;;BBF;Küdinghoven;BB;Beuel;B;Bonn;20.01.2026;19.06.2026;27.11.2026
14405;Sperrmüll;01.01.2026;31.12.2026;Am Dinaswerk;Lannesdorf;53179;2;9998;1;9999;;;BGK;Lannesdorf;BG;Bad Godesberg;B;Bonn;16.03.2026;02.07.2026;19.11.2026
17835;Sperrmüll;01.01.2026;31.12.2026;Am Lindenbach;Lannesdorf;53179;2;9998;1;9999;;;BGK;Lannesdorf;BG;Bad Godesberg;B;Bonn;17.03.2026;03.07.2026;23.11.2026
16415;Sperrmüll;01.01.2026;31.12.2026;Am Noßbacher Weg;Lannesdorf;53179;2;9998;1;9999;;;BGK;Lannesdorf;BG;Bad Godesberg;B;Bonn;17.03.2026;03.07.2026;23.11.2026
14300;Sperrmüll;01.01.2026;31.12.2026;Am Winkel;Lannesdorf;53179;2;9998;1;9999;;;BGK;Lannesdorf;BG;Bad Godesberg;B;Bonn;17.03.2026;03.07.2026;23.11.2026
23466;Sperrmüll;01.01.2026;31.12.2026;Am Ziegenbaum;Lannesdorf;53179;2;9998;1;9999;;;BGK;Lannesdorf;BG;Bad Godesberg;B;Bonn;17.03.2026;03.07.2026;23.11.2026
14330;Sperrmüll;01.01.2026;31.12.2026;An der Nesselburg;Lannesdorf;53179;2;56;1;53;;Ellesdorferst - Langenbergsweg;BGK;Lannesdorf;BG;Bad Godesberg;B;Bonn;17.03.2026;03.07.2026;23.11.2026
14345;Sperrmüll;01.01.2026;31.12.2026;An der Nesselburg;Lannesdorf;53179;58;9998;55;9999;;Langenbergsw.- Meckenheimerstr;BGK;Lannesdorf;BG;Bad Godesberg;B;Bonn;19.03.2026;06.07.2026;24.11.2026
14525;Sperrmüll;01.01.2026;31.12.2026;Antoniterstr.;Lannesdorf;53179;2;9998;1;9999;;;BGK;Lannesdorf;BG;Bad Godesberg;B;Bonn;17.03.2026;03.07.2026;23.11.2026
14970;Sperrmüll;01.01.2026;31.12.2026;Birzentalstr.;Lannesdorf;53177;2;9998;1;9999;;;BGK;Lannesdorf;BG;Bad Godesberg;B;Bonn;18.03.2026;01.07.2026;20.11.2026
23496;Sperrmüll;01.01.2026;31.12.2026;Brunnenplatz;Lannesdorf;53179;2;9998;1;9999;;;BGK;Lannesdorf;BG;Bad Godesberg;B;Bonn;18.03.2026;01.07.2026;20.11.2026
15305;Sperrmüll;01.01.2026;31.12.2026;Cäcilienheidchensweg;Lannesdorf;53179;2;9998;1;9999;;;BGK;Lannesdorf;BG;Bad Godesberg;B;Bonn;17.03.2026;03.07.2026;23.11.2026
15515;Sperrmüll;01.01.2026;31.12.2026;Deutschherrenstr.;Lannesdorf;53177;2;84;1;73;2, 9;Kurfürstenall.-Albertus-Magnus;BGK;Lannesdorf;BG;Bad Godesberg;B;Bonn;12.03.2026;29.06.2026;17.11.2026
15530;Sperrmüll;01.01.2026;31.12.2026;Deutschherrenstr.;Lannesdorf;53179;122;9998;115;9999;;Im Apfelgarten-Drachenburgstr;BGK;Lannesdorf;BG;Bad Godesberg;B;Bonn;12.03.2026;29.06.2026;17.11.2026
15545;Sperrmüll;01.01.2026;31.12.2026;Deutschherrenstr.;Lannesdorf;53177;110;120;101;113;;Benngasse - Im Apfelgarten;BGK;Lannesdorf;BG;Bad Godesberg;B;Bonn;12.03.2026;29.06.2026;17.11.2026
15560;Sperrmüll;01.01.2026;31.12.2026;Deutschherrenstr.;Lannesdorf;53177;86;108;75;99;89;Albertus-Magnusstr-Benngasse;BGK;Lannesdorf;BG;Bad Godesberg;B;Bonn;12.03.2026;29.06.2026;17.11.2026
43319;Sperrmüll;01.01.2026;31.12.2026;Deutschherrenstr.;Lannesdorf;53177;;;;;;;BGK;Lannesdorf;BG;Bad Godesberg;B;Bonn;12.03.2026;29.06.2026;17.11.2026
43927;Sperrmüll;01.01.2026;31.12.2026;Deutschherrenstr.;Lannesdorf;53177;;;;;;Kurfürstenall.-Albertus-Magnus;BGK;Lannesdorf;BG;Bad Godesberg;B;Bonn;12.03.2026;29.06.2026;17.11.2026
18474;Sperrmüll;01.01.2026;31.12.2026;Drachenburgstr.;Lannesdorf;53179;2;9998;1;9999;61;;BGK;Lannesdorf;BG;Bad Godesberg;B;Bonn;16.03.2026;02.07.2026;19.11.2026
43349;Sperrmüll;01.01.2026;31.12.2026;Drachenburgstr.;Lannesdorf;53179;;;;;;;BGK;Lannesdorf;BG;Bad Godesberg;B;Bonn;16.03.2026;02.07.2026;19.11.2026
15805;Sperrmüll;01.01.2026;31.12.2026;Ellesdorfer Str.;Lannesdorf;53179;2;42;1;37;;Drachenburgstr - Honneferstr;BGK;Lannesdorf;BG;Bad Godesberg;B;Bonn;17.03.2026;03.07.2026;23.11.2026
15825;Sperrmüll;01.01.2026;31.12.2026;Ellesdorfer Str.;Lannesdorf;53179;44;9998;39;9999;;Honneferstr - Antoniterstr;BGK;Lannesdorf;BG;Bad Godesberg;B;Bonn;17.03.2026;03.07.2026;23.11.2026
17405;Sperrmüll;01.01.2026;31.12.2026;Fliederstr.;Lannesdorf;53179;2;9998;1;9999;;;BGK;Lannesdorf;BG;Bad Godesberg;B;Bonn;17.03.2026;03.07.2026;23.11.2026
16065;Sperrmüll;01.01.2026;31.12.2026;Floßweg;Lannesdorf;53179;2;38;1;39;;Lannesdorferstr-Ellesdorferstr;BGK;Lannesdorf;BG;Bad Godesberg;B;Bonn;17.03.2026;03.07.2026;23.11.2026
16080;Sperrmüll;01.01.2026;31.12.2026;Floßweg;Lannesdorf;53179;40;9998;41;9999;;Ellesdorferstr - Am Dinaswerk;BGK;Lannesdorf;BG;Bad Godesberg;B;Bonn;17.03.2026;03.07.2026;23.11.2026
16100;Sperrmüll;01.01.2026;31.12.2026;Fourthweg;Lannesdorf;53179;2;9998;1;9999;;;BGK;Lannesdorf;BG;Bad Godesberg;B;Bonn;17.03.2026;03.07.2026;23.11.2026
16385;Sperrmüll;01.01.2026;31.12.2026;Galileistr.;Lannesdorf;53177;2;100;1;31;;Albertus-Magnusstr-Mallwitzstr;BGK;Lannesdorf;BG;Bad Godesberg;B;Bonn;16.03.2026;02.07.2026;19.11.2026
16400;Sperrmüll;01.01.2026;31.12.2026;Galileistr.;Lannesdorf;53177;102;9998;33;9999;;Mallwitzstr - Drachenburgstr;BGK;Lannesdorf;BG;Bad Godesberg;B;Bonn;16.03.2026;02.07.2026;19.11.2026
16705;Sperrmüll;01.01.2026;31.12.2026;Gräfgeshülle;Lannesdorf;53179;2;9998;1;9999;;;BGK;Lannesdorf;BG;Bad Godesberg;B;Bonn;18.03.2026;01.07.2026;20.11.2026
16750;Sperrmüll;01.01.2026;31.12.2026;Grubenstr.;Lannesdorf;53179;2;74;1;71;;;BGK;Lannesdorf;BG;Bad Godesberg;B;Bonn;17.03.2026;03.07.2026;23.11.2026
16765;Sperrmüll;01.01.2026;31.12.2026;Grubenstr.;Lannesdorf;53179;76;9998;73;9999;;;BGK;Lannesdorf;BG;Bad Godesberg;B;Bonn;17.03.2026;03.07.2026;23.11.2026
17105;Sperrmüll;01.01.2026;31.12.2026;Hermann-Löns-Str.;Lannesdorf;53177;2;9998;1;9999;;;BGK;Lannesdorf;BG;Bad Godesberg;B;Bonn;18.03.2026;01.07.2026;20.11.2026
17315;Sperrmüll;01.01.2026;31.12.2026;Honnefer Str.;Lannesdorf;53179;2;9998;1;9999;;;BGK;Lannesdorf;BG;Bad Godesberg;B;Bonn;17.03.2026;03.07.2026;23.11.2026
17390;Sperrmüll;01.01.2026;31.12.2026;Hoverstr.;Lannesdorf;53179;2;9998;1;9999;;;BGK;Lannesdorf;BG;Bad Godesberg;B;Bonn;17.03.2026;03.07.2026;23.11.2026
17515;Sperrmüll;01.01.2026;31.12.2026;Im Gries;Lannesdorf;53179;2;46;1;51;;Ab Honneferstr;BGK;Lannesdorf;BG;Bad Godesberg;B;Bonn;17.03.2026;03.07.2026;23.11.2026
17535;Sperrmüll;01.01.2026;31.12.2026;Im Gries;Lannesdorf;53179;48;9998;53;9999;;Ab Antoniterstr;BGK;Lannesdorf;BG;Bad Godesberg;B;Bonn;17.03.2026;03.07.2026;23.11.2026
17715;Sperrmüll;01.01.2026;31.12.2026;Im Wiesfeld;Lannesdorf;53179;2;9998;1;9999;;;BGK;Lannesdorf;BG;Bad Godesberg;B;Bonn;16.03.2026;02.07.2026;19.11.2026
23511;Sperrmüll;01.01.2026;31.12.2026;In den Schleiden;Lannesdorf;53179;2;9998;1;9999;;;BGK;Lannesdorf;BG;Bad Godesberg;B;Bonn;17.03.2026;03.07.2026;23.11.2026
17775;Sperrmüll;01.01.2026;31.12.2026;Ittenbacher Str.;Lannesdorf;53179;2;9998;1;9999;;;BGK;Lannesdorf;BG;Bad Godesberg;B;Bonn;16.03.2026;02.07.2026;19.11.2026
17850;Sperrmüll;01.01.2026;31.12.2026;Jenienhülle;Lannesdorf;53177;2;9998;1;9999;;;BGK;Lannesdorf;BG;Bad Godesberg;B;Bonn;18.03.2026;01.07.2026;20.11.2026
18080;Sperrmüll;01.01.2026;31.12.2026;Keplerstr.;Lannesdorf;53177;2;9998;1;9999;;;BGK;Lannesdorf;BG;Bad Godesberg;B;Bonn;18.03.2026;01.07.2026;20.11.2026
18125;Sperrmüll;01.01.2026;31.12.2026;Kirchberg;Lannesdorf;53179;2;30;1;59;;;BGK;Lannesdorf;BG;Bad Godesberg;B;Bonn;18.03.2026;01.07.2026;20.11.2026
43689;Sperrmüll;01.01.2026;31.12.2026;Kirchberg;Lannesdorf;53179;32;9998;61;9999;;Sackgasse;BGK;Lannesdorf;BG;Bad Godesberg;B;Bonn;18.03.2026;01.07.2026;20.11.2026
23041;Sperrmüll;01.01.2026;31.12.2026;Kortrijker Str.;Lannesdorf;53177;2;9998;1;9999;;;BGK;Lannesdorf;BG;Bad Godesberg;B;Bonn;16.03.2026;02.07.2026;19.11.2026
18599;Sperrmüll;01.01.2026;31.12.2026;Kottenstr.;Lannesdorf;53179;2;9998;1;9999;;;BGK;Lannesdorf;BG;Bad Godesberg;B;Bonn;17.03.2026;03.07.2026;23.11.2026
18889;Sperrmüll;01.01.2026;31.12.2026;Lannesdorfer Str.;Lannesdorf;53179;2;9998;1;9999;;;BGK;Lannesdorf;BG;Bad Godesberg;B;Bonn;17.03.2026;03.07.2026;23.11.2026
18949;Sperrmüll;01.01.2026;31.12.2026;Ließemer Str.;Lannesdorf;53179;2;9998;1;9999;;;BGK;Lannesdorf;BG;Bad Godesberg;B;Bonn;17.03.2026;03.07.2026;23.11.2026
18994;Sperrmüll;01.01.2026;31.12.2026;Lindstr.;Lannesdorf;53177;2;9998;1;9999;;;BGK;Lannesdorf;BG;Bad Godesberg;B;Bonn;18.03.2026;01.07.2026;20.11.2026
19116;Sperrmüll;01.01.2026;31.12.2026;Lyngsbergstr.;Lannesdorf;53177;2;60;1;65;;Benngasse - Birzentalstr;BGK;Lannesdorf;BG;Bad Godesberg;B;Bonn;18.03.2026;01.07.2026;20.11.2026
19131;Sperrmüll;01.01.2026;31.12.2026;Lyngsbergstr.;Lannesdorf;53177;62;9998;67;9999;;Birzentalstr - Kirchberg;BGK;Lannesdorf;BG;Bad Godesberg;B;Bonn;18.03.2026;01.07.2026;20.11.2026
23011;Sperrmüll;01.01.2026;31.12.2026;Mallwitzstr.;Lannesdorf;53177;2;22;1;11;;Drachenburgstr-Pennenfeldsweg;BGK;Lannesdorf;BG;Bad Godesberg;B;Bonn;16.03.2026;02.07.2026;19.11.2026
23026;Sperrmüll;01.01.2026;31.12.2026;Mallwitzstr.;Lannesdorf;53177;24;9998;13;9999;;Pennenfeldsweg-Galileistr;BGK;Lannesdorf;BG;Bad Godesberg;B;Bonn;16.03.2026;02.07.2026;19.11.2026
19431;Sperrmüll;01.01.2026;31.12.2026;Max-Planck-Str.;Lannesdorf;53177;2;16;1;19;;A.Magnusstr - Saint-Cloudstr;BGK;Lannesdorf;BG;Bad Godesberg;B;Bonn;16.03.2026;02.07.2026;19.11.2026
19446;Sperrmüll;01.01.2026;31.12.2026;Max-Planck-Str.;Lannesdorf;53177;18;9998;21;9999;;Saint-Cloudstr - Ende;BGK;Lannesdorf;BG;Bad Godesberg;B;Bonn;16.03.2026;02.07.2026;19.11.2026
19551;Sperrmüll;01.01.2026;31.12.2026;Mehlemer Str.;Lannesdorf;53179;2;9998;1;9999;;;BGK;Lannesdorf;BG;Bad Godesberg;B;Bonn;17.03.2026;03.07.2026;23.11.2026
23631;Sperrmüll;01.01.2026;31.12.2026;Meitnerstr.;Lannesdorf;53177;2;9998;1;9999;;;BGK;Lannesdorf;BG;Bad Godesberg;B;Bonn;16.03.2026;02.07.2026;19.11.2026
23616;Sperrmüll;01.01.2026;31.12.2026;Merianstr.;Lannesdorf;53177;2;9998;1;9999;;;BGK;Lannesdorf;BG;Bad Godesberg;B;Bonn;16.03.2026;02.07.2026;19.11.2026
19816;Sperrmüll;01.01.2026;31.12.2026;Neuer Weg;Lannesdorf;53179;2;9998;1;9999;;;BGK;Lannesdorf;BG;Bad Godesberg;B;Bonn;17.03.2026;03.07.2026;23.11.2026
19996;Sperrmüll;01.01.2026;31.12.2026;Oberstr.;Lannesdorf;53179;2;9998;1;9999;;;BGK;Lannesdorf;BG;Bad Godesberg;B;Bonn;17.03.2026;03.07.2026;23.11.2026
20091;Sperrmüll;01.01.2026;31.12.2026;Paracelsusstr.;Lannesdorf;53177;2;9998;1;9999;;;BGK;Lannesdorf;BG;Bad Godesberg;B;Bonn;18.03.2026;01.07.2026;20.11.2026
20136;Sperrmüll;01.01.2026;31.12.2026;Pennefeldsweg;Lannesdorf;53177;2;9998;1;9999;;;BGK;Lannesdorf;BG;Bad Godesberg;B;Bonn;16.03.2026;02.07.2026;19.11.2026
20381;Sperrmüll;01.01.2026;31.12.2026;Pützfelder Weg;Lannesdorf;53177;2;9998;1;9999;;;BGK;Lannesdorf;BG;Bad Godesberg;B;Bonn;18.03.2026;01.07.2026;20.11.2026
20586;Sperrmüll;01.01.2026;31.12.2026;Rhodosstr.;Lannesdorf;53177;2;9998;1;9999;;;BGK;Lannesdorf;BG;Bad Godesberg;B;Bonn;16.03.2026;02.07.2026;19.11.2026
20601;Sperrmüll;01.01.2026;31.12.2026;Rhöndorfer Str.;Lannesdorf;53179;2;9998;1;9999;;;BGK;Lannesdorf;BG;Bad Godesberg;B;Bonn;16.03.2026;02.07.2026;19.11.2026
23481;Sperrmüll;01.01.2026;31.12.2026;Rotweingarten;Lannesdorf;53179;2;9998;1;9999;;;BGK;Lannesdorf;BG;Bad Godesberg;B;Bonn;17.03.2026;03.07.2026;23.11.2026
18814;Sperrmüll;01.01.2026;31.12.2026;Scheerenbergweg;Lannesdorf;53179;2;9998;1;9999;;;BGK;Lannesdorf;BG;Bad Godesberg;B;Bonn;17.03.2026;03.07.2026;23.11.2026
21101;Sperrmüll;01.01.2026;31.12.2026;Schenkpfädchen;Lannesdorf;53179;2;9998;1;9999;;;BGK;Lannesdorf;BG;Bad Godesberg;B;Bonn;18.03.2026;01.07.2026;20.11.2026
21475;Sperrmüll;01.01.2026;31.12.2026;Sommerbergweg;Lannesdorf;53179;2;30;1;31;;Heiderhof (Tennisanlage);BGM;Heiderhof;BG;Bad Godesberg;B;Bonn;13.03.2026;30.06.2026;16.11.2026
21490;Sperrmüll;01.01.2026;31.12.2026;Sommerbergweg;Lannesdorf;53179;32;9998;33;9999;;Lannesdorf  über Grubenstr;BGK;Lannesdorf;BG;Bad Godesberg;B;Bonn;17.03.2026;03.07.2026;23.11.2026
21580;Sperrmüll;01.01.2026;31.12.2026;Splickgasse;Lannesdorf;53179;2;9998;1;9999;;;BGK;Lannesdorf;BG;Bad Godesberg;B;Bonn;18.03.2026;01.07.2026;20.11.2026
22345;Sperrmüll;01.01.2026;31.12.2026;Vogelskaulerweg;Lannesdorf;53179;2;9998;1;9999;;;BGK;Lannesdorf;BG;Bad Godesberg;B;Bonn;17.03.2026;03.07.2026;23.11.2026
40604;Sperrmüll;01.01.2026;31.12.2026;Am Ehrenmal;Lengsdorf;53127;2;9998;1;9999;;;BHI;Lengsdorf;BH;Hardtberg;B;Bonn;24.02.2026;11.06.2026;16.10.2026
40094;Sperrmüll;01.01.2026;31.12.2026;Am Fahrweg;Lengsdorf;53123;2;9998;1;9999;;;BHI;Lengsdorf;BH;Hardtberg;B;Bonn;23.02.2026;10.06.2026;15.10.2026
40904;Sperrmüll;01.01.2026;31.12.2026;Am Käferberg;Lengsdorf;53127;2;9998;1;9999;;;BHI;Lengsdorf;BH;Hardtberg;B;Bonn;24.02.2026;11.06.2026;16.10.2026
40889;Sperrmüll;01.01.2026;31.12.2026;Am Prinzenrain;Lengsdorf;53127;2;9998;1;9999;;;BHI;Lengsdorf;BH;Hardtberg;B;Bonn;24.02.2026;11.06.2026;16.10.2026
40244;Sperrmüll;01.01.2026;31.12.2026;An der Ohligsmühle;Lengsdorf;53127;2;16;1;11;;Lengsdorfer H.- Im Mühlenbach;BHI;Lengsdorf;BH;Hardtberg;B;Bonn;24.02.2026;11.06.2026;16.10.2026
40259;Sperrmüll;01.01.2026;31.12.2026;An der Ohligsmühle;Lengsdorf;53127;18;9998;13;9999;;Im Mühlenbach - Autobahn;BHI;Lengsdorf;BH;Hardtberg;B;Bonn;24.02.2026;11.06.2026;16.10.2026
40064;Sperrmüll;01.01.2026;31.12.2026;An der Ziegelei;Lengsdorf;53127;2;9998;1;9999;;;BHI;Lengsdorf;BH;Hardtberg;B;Bonn;24.02.2026;11.06.2026;16.10.2026
40109;Sperrmüll;01.01.2026;31.12.2026;Auf dem Freibogen;Lengsdorf;53127;2;9998;1;9999;;;BHI;Lengsdorf;BH;Hardtberg;B;Bonn;24.02.2026;11.06.2026;16.10.2026
34431;Sperrmüll;01.01.2026;31.12.2026;Auf dem Kirchbüchel;Lengsdorf;53127;2;9998;1;9999;;;BHI;Lengsdorf;BH;Hardtberg;B;Bonn;24.02.2026;11.06.2026;16.10.2026
40124;Sperrmüll;01.01.2026;31.12.2026;Auf dem Schellenberg;Lengsdorf;53127;2;9998;1;9999;;;BHI;Lengsdorf;BH;Hardtberg;B;Bonn;24.02.2026;11.06.2026;16.10.2026
40079;Sperrmüll;01.01.2026;31.12.2026;Auf dem Uhlberg;Lengsdorf;53127;2;9998;1;9999;;;BHI;Lengsdorf;BH;Hardtberg;B;Bonn;24.02.2026;11.06.2026;16.10.2026
40139;Sperrmüll;01.01.2026;31.12.2026;Auf der Kaiserfuhr;Lengsdorf;53127;2;9998;1;9999;;;BHI;Lengsdorf;BH;Hardtberg;B;Bonn;24.02.2026;11.06.2026;16.10.2026
40214;Sperrmüll;01.01.2026;31.12.2026;Brückenstr.;Lengsdorf;53127;2;9998;1;9999;;;BHI;Lengsdorf;BH;Hardtberg;B;Bonn;24.02.2026;11.06.2026;16.10.2026
40394;Sperrmüll;01.01.2026;31.12.2026;Clematisweg;Lengsdorf;53127;2;9998;1;9999;;;BHI;Lengsdorf;BH;Hardtberg;B;Bonn;24.02.2026;11.06.2026;16.10.2026
40274;Sperrmüll;01.01.2026;31.12.2026;Enggasse;Lengsdorf;53127;2;9998;1;9999;;;BHI;Lengsdorf;BH;Hardtberg;B;Bonn;24.02.2026;11.06.2026;16.10.2026
40289;Sperrmüll;01.01.2026;31.12.2026;Frechengasse;Lengsdorf;53127;2;9998;1;9999;;;BHI;Lengsdorf;BH;Hardtberg;B;Bonn;24.02.2026;11.06.2026;16.10.2026
40304;Sperrmüll;01.01.2026;31.12.2026;Glockenstr.;Lengsdorf;53123;2;9998;1;9999;;;BHI;Lengsdorf;BH;Hardtberg;B;Bonn;23.02.2026;10.06.2026;15.10.2026
40334;Sperrmüll;01.01.2026;31.12.2026;Hardtbergstr.;Lengsdorf;53127;2;9998;1;9999;;;BHI;Lengsdorf;BH;Hardtberg;B;Bonn;24.02.2026;11.06.2026;16.10.2026
40319;Sperrmüll;01.01.2026;31.12.2026;Hubert-Maurer-Str.;Lengsdorf;53127;2;9998;1;9999;;;BHI;Lengsdorf;BH;Hardtberg;B;Bonn;24.02.2026;11.06.2026;16.10.2026
40184;Sperrmüll;01.01.2026;31.12.2026;Im Bendenberg;Lengsdorf;53127;2;9998;1;9999;;;BHI;Lengsdorf;BH;Hardtberg;B;Bonn;24.02.2026;11.06.2026;16.10.2026
40754;Sperrmüll;01.01.2026;31.12.2026;Im Brandengarten;Lengsdorf;53127;2;9998;1;9999;;;BHI;Lengsdorf;BH;Hardtberg;B;Bonn;24.02.2026;11.06.2026;16.10.2026
40409;Sperrmüll;01.01.2026;31.12.2026;Im Ellig;Lengsdorf;53127;2;9998;1;9999;;;BHI;Lengsdorf;BH;Hardtberg;B;Bonn;24.02.2026;11.06.2026;16.10.2026
40424;Sperrmüll;01.01.2026;31.12.2026;Im Feldpütz;Lengsdorf;53123;2;9998;1;9999;;;BHI;Lengsdorf;BH;Hardtberg;B;Bonn;23.02.2026;10.06.2026;15.10.2026
40454;Sperrmüll;01.01.2026;31.12.2026;Im Hellengarten;Lengsdorf;53127;2;9998;1;9999;;;BHI;Lengsdorf;BH;Hardtberg;B;Bonn;24.02.2026;11.06.2026;16.10.2026
40469;Sperrmüll;01.01.2026;31.12.2026;Im Hohnderfeld;Lengsdorf;53127;2;9998;1;9999;;;BHI;Lengsdorf;BH;Hardtberg;B;Bonn;24.02.2026;11.06.2026;16.10.2026
40154;Sperrmüll;01.01.2026;31.12.2026;Im Mühlenbach;Lengsdorf;53127;2;28;1;31;;A.d. Ohligsmühle-Schallengasse;BHI;Lengsdorf;BH;Hardtberg;B;Bonn;24.02.2026;11.06.2026;16.10.2026
40169;Sperrmüll;01.01.2026;31.12.2026;Im Mühlenbach;Lengsdorf;53127;30;9998;33;9999;;Schallengasse - Ende;BHI;Lengsdorf;BH;Hardtberg;B;Bonn;24.02.2026;11.06.2026;16.10.2026
40484;Sperrmüll;01.01.2026;31.12.2026;Im Pesch;Lengsdorf;53127;2;9998;1;9999;;;BHI;Lengsdorf;BH;Hardtberg;B;Bonn;24.02.2026;11.06.2026;16.10.2026
40919;Sperrmüll;01.01.2026;31.12.2026;Im Rebgarten;Lengsdorf;53127;2;9998;1;9999;;;BHI;Lengsdorf;BH;Hardtberg;B;Bonn;24.02.2026;11.06.2026;16.10.2026
40499;Sperrmüll;01.01.2026;31.12.2026;Im Ringelsacker;Lengsdorf;53123;2;9998;1;9999;;;BHI;Lengsdorf;BH;Hardtberg;B;Bonn;23.02.2026;10.06.2026;15.10.2026
40514;Sperrmüll;01.01.2026;31.12.2026;Im Weiler;Lengsdorf;53123;2;9998;1;9999;;;BHI;Lengsdorf;BH;Hardtberg;B;Bonn;23.02.2026;10.06.2026;15.10.2026
41289;Sperrmüll;01.01.2026;31.12.2026;In den Weingärten;Lengsdorf;53127;2;9998;1;9999;;;BHI;Lengsdorf;BH;Hardtberg;B;Bonn;24.02.2026;11.06.2026;16.10.2026
40529;Sperrmüll;01.01.2026;31.12.2026;In der Aue;Lengsdorf;53127;2;9998;1;9999;;;BHI;Lengsdorf;BH;Hardtberg;B;Bonn;24.02.2026;11.06.2026;16.10.2026
41254;Sperrmüll;01.01.2026;31.12.2026;In der Grächt;Lengsdorf;53127;2;9998;1;9999;;;BHI;Lengsdorf;BH;Hardtberg;B;Bonn;24.02.2026;11.06.2026;16.10.2026
40544;Sperrmüll;01.01.2026;31.12.2026;In der Roten Kanne;Lengsdorf;53127;2;9998;1;9999;;;BHI;Lengsdorf;BH;Hardtberg;B;Bonn;24.02.2026;11.06.2026;16.10.2026
40574;Sperrmüll;01.01.2026;31.12.2026;Ippendorfer Weg;Lengsdorf;53127;2;9998;1;9999;66;;BHI;Lengsdorf;BH;Hardtberg;B;Bonn;24.02.2026;11.06.2026;16.10.2026
40589;Sperrmüll;01.01.2026;31.12.2026;Ippendorfer Weg;Lengsdorf;53127;;;;;;;BHI;Lengsdorf;BH;Hardtberg;B;Bonn;26.02.2026;15.06.2026;03.11.2026
41304;Sperrmüll;01.01.2026;31.12.2026;Kelterweg;Lengsdorf;53127;2;9998;1;9999;;;BHI;Lengsdorf;BH;Hardtberg;B;Bonn;24.02.2026;11.06.2026;16.10.2026
40664;Sperrmüll;01.01.2026;31.12.2026;Kreuzbergstr.;Lengsdorf;53127;2;998;1;997;;;BHI;Lengsdorf;BH;Hardtberg;B;Bonn;24.02.2026;11.06.2026;16.10.2026
40679;Sperrmüll;01.01.2026;31.12.2026;Kreuzbergstr.;Lengsdorf;53127;1000;9998;999;9999;;Tennisplatz;BHI;Lengsdorf;BH;Hardtberg;B;Bonn;24.02.2026;11.06.2026;16.10.2026
40364;Sperrmüll;01.01.2026;31.12.2026;Lengsdorfer Hauptstr.;Lengsdorf;53127;2;9998;1;9999;;;BHI;Lengsdorf;BH;Hardtberg;B;Bonn;24.02.2026;11.06.2026;16.10.2026
40559;Sperrmüll;01.01.2026;31.12.2026;Lingsgasse;Lengsdorf;53127;2;9998;1;9999;;;BHI;Lengsdorf;BH;Hardtberg;B;Bonn;24.02.2026;11.06.2026;16.10.2026
40844;Sperrmüll;01.01.2026;31.12.2026;Nikolaus-Groß-Str.;Lengsdorf;53127;2;9998;1;9999;;;BHI;Lengsdorf;BH;Hardtberg;B;Bonn;24.02.2026;11.06.2026;16.10.2026
40634;Sperrmüll;01.01.2026;31.12.2026;Otto-Müller-Str.;Lengsdorf;53127;2;9998;1;9999;;;BHI;Lengsdorf;BH;Hardtberg;B;Bonn;24.02.2026;11.06.2026;16.10.2026
40709;Sperrmüll;01.01.2026;31.12.2026;Provinzialstr.;Lengsdorf;53127;2;38;1;49;;K.Adenauer.D. - Villemomblerst;BHI;Lengsdorf;BH;Hardtberg;B;Bonn;24.02.2026;11.06.2026;16.10.2026
40724;Sperrmüll;01.01.2026;31.12.2026;Provinzialstr.;Lengsdorf;53127;40;100;51;91;;Villemomblerstr-Autobahnabfah.;BHI;Lengsdorf;BH;Hardtberg;B;Bonn;24.02.2026;11.06.2026;16.10.2026
40739;Sperrmüll;01.01.2026;31.12.2026;Provinzialstr.;Lengsdorf;53127;102;9998;93;9999;;Autobahnabfahrt - Ende;BHI;Lengsdorf;BH;Hardtberg;B;Bonn;24.02.2026;11.06.2026;16.10.2026
41319;Sperrmüll;01.01.2026;31.12.2026;Rheinbleichardweg;Lengsdorf;53127;2;9998;1;9999;;;BHI;Lengsdorf;BH;Hardtberg;B;Bonn;24.02.2026;11.06.2026;16.10.2026
43560;Sperrmüll;01.01.2026;31.12.2026;Rita-Maiburg-Str.;Lengsdorf;53127;2;9998;1;9999;;;BHI;Lengsdorf;BH;Hardtberg;B;Bonn;24.02.2026;11.06.2026;16.10.2026
43409;Sperrmüll;01.01.2026;31.12.2026;Rita-Maiburg-Straße;Lengsdorf;53127;50;50;;;;Tennisclub / Sportanlage;BHI;Lengsdorf;BH;Hardtberg;B;Bonn;24.02.2026;11.06.2026;16.10.2026
40784;Sperrmüll;01.01.2026;31.12.2026;Schallengasse;Lengsdorf;53127;2;9998;1;9999;;;BHI;Lengsdorf;BH;Hardtberg;B;Bonn;24.02.2026;11.06.2026;16.10.2026
40814;Sperrmüll;01.01.2026;31.12.2026;Schulstr.;Lengsdorf;53127;2;9998;1;9999;;;BHI;Lengsdorf;BH;Hardtberg;B;Bonn;24.02.2026;11.06.2026;16.10.2026
40649;Sperrmüll;01.01.2026;31.12.2026;Uhlgasse;Lengsdorf;53127;2;9998;1;9999;;;BHI;Lengsdorf;BH;Hardtberg;B;Bonn;24.02.2026;11.06.2026;16.10.2026
40619;Sperrmüll;01.01.2026;31.12.2026;Zur Marterkapelle;Lengsdorf;53127;2;9998;1;9999;;;BHI;Lengsdorf;BH;Hardtberg;B;Bonn;24.02.2026;11.06.2026;16.10.2026
41364;Sperrmüll;01.01.2026;31.12.2026;Am Bach;Lessenich;53123;2;9998;1;9999;;;BNI;Lessenich;BN;Bonn-Nord;B;Bonn;10.02.2026;01.06.2026;09.10.2026
41939;Sperrmüll;01.01.2026;31.12.2026;Am Stadtkanal;Lessenich;53121;2;9998;1;9999;;;BNI;Lessenich;BN;Bonn-Nord;B;Bonn;10.02.2026;01.06.2026;09.10.2026
41334;Sperrmüll;01.01.2026;31.12.2026;Am Tönnessenkreuz;Lessenich;53123;2;9998;1;9999;;;BNI;Lessenich;BN;Bonn-Nord;B;Bonn;10.02.2026;01.06.2026;09.10.2026
41564;Sperrmüll;01.01.2026;31.12.2026;An der Knappenmühle;Lessenich;53123;2;9998;1;9999;;;BNI;Lessenich;BN;Bonn-Nord;B;Bonn;10.02.2026;01.06.2026;09.10.2026
41469;Sperrmüll;01.01.2026;31.12.2026;Bonner Logsweg;Lessenich;53123;2;9998;1;9999;;;BNI;Lessenich;BN;Bonn-Nord;B;Bonn;10.02.2026;01.06.2026;09.10.2026
41714;Sperrmüll;01.01.2026;31.12.2026;Bonner Weg;Lessenich;53123;2;9998;1;9999;;;BNI;Lessenich;BN;Bonn-Nord;B;Bonn;10.02.2026;01.06.2026;09.10.2026
42881;Sperrmüll;01.01.2026;31.12.2026;Brigitte-Schröder-Str.;Lessenich;53123;2;9998;1;9999;;;BNI;Lessenich;BN;Bonn-Nord;B;Bonn;11.02.2026;02.06.2026;08.10.2026
41729;Sperrmüll;01.01.2026;31.12.2026;Burgweg;Lessenich;53123;2;40;1;39;;Bonner Weg - Meßdorferstr;BNI;Lessenich;BN;Bonn-Nord;B;Bonn;10.02.2026;01.06.2026;09.10.2026
41744;Sperrmüll;01.01.2026;31.12.2026;Burgweg;Lessenich;53123;42;9998;41;9999;;Meßdorferstr - Ende;BNI;Lessenich;BN;Bonn-Nord;B;Bonn;10.02.2026;01.06.2026;09.10.2026
41534;Sperrmüll;01.01.2026;31.12.2026;Dompfaffenweg;Lessenich;53123;2;9998;1;9999;;;BNI;Lessenich;BN;Bonn-Nord;B;Bonn;10.02.2026;01.06.2026;09.10.2026
41409;Sperrmüll;01.01.2026;31.12.2026;Ermlandstr.;Lessenich;53123;2;9998;1;9999;;;BNI;Lessenich;BN;Bonn-Nord;B;Bonn;10.02.2026;01.06.2026;09.10.2026
41624;Sperrmüll;01.01.2026;31.12.2026;Forellstr.;Lessenich;53123;2;9998;1;9999;;;BNI;Lessenich;BN;Bonn-Nord;B;Bonn;10.02.2026;01.06.2026;09.10.2026
41759;Sperrmüll;01.01.2026;31.12.2026;Gielsdorfer Str.;Lessenich;53123;2;22;1;49;;Burgweg - Meßdorferstr;BNI;Lessenich;BN;Bonn-Nord;B;Bonn;10.02.2026;01.06.2026;09.10.2026
41774;Sperrmüll;01.01.2026;31.12.2026;Gielsdorfer Str.;Lessenich;53123;24;9998;51;9999;;Meßdorferstr - Ende;BNI;Lessenich;BN;Bonn-Nord;B;Bonn;10.02.2026;01.06.2026;09.10.2026
41454;Sperrmüll;01.01.2026;31.12.2026;Hans-Welzel-Str.;Lessenich;53123;2;9998;1;9999;;;BNI;Lessenich;BN;Bonn-Nord;B;Bonn;10.02.2026;01.06.2026;09.10.2026
41349;Sperrmüll;01.01.2026;31.12.2026;Hubert-Jedin-Str.;Lessenich;53123;2;9998;1;9999;;;BNI;Lessenich;BN;Bonn-Nord;B;Bonn;11.02.2026;02.06.2026;08.10.2026
41654;Sperrmüll;01.01.2026;31.12.2026;Im Brocken;Lessenich;53123;2;9998;1;9999;;;BNI;Lessenich;BN;Bonn-Nord;B;Bonn;10.02.2026;01.06.2026;09.10.2026
41669;Sperrmüll;01.01.2026;31.12.2026;Johann-Bieser-Str.;Lessenich;53123;2;9998;1;9999;;;BNI;Lessenich;BN;Bonn-Nord;B;Bonn;10.02.2026;01.06.2026;09.10.2026
41489;Sperrmüll;01.01.2026;31.12.2026;Karl-Wiltberger-Str.;Lessenich;53123;2;9998;1;9999;;;BNI;Lessenich;BN;Bonn-Nord;B;Bonn;11.02.2026;02.06.2026;08.10.2026
41594;Sperrmüll;01.01.2026;31.12.2026;Koernickestr.;Lessenich;53123;2;9998;1;9999;;;BNI;Lessenich;BN;Bonn-Nord;B;Bonn;10.02.2026;01.06.2026;09.10.2026
41579;Sperrmüll;01.01.2026;31.12.2026;Krausgäßchen;Lessenich;53123;2;9998;1;9999;;;BNI;Lessenich;BN;Bonn-Nord;B;Bonn;10.02.2026;01.06.2026;09.10.2026
41504;Sperrmüll;01.01.2026;31.12.2026;Laurentiusstr.;Lessenich;53123;2;9998;1;9999;;;BNI;Lessenich;BN;Bonn-Nord;B;Bonn;10.02.2026;01.06.2026;09.10.2026
41789;Sperrmüll;01.01.2026;31.12.2026;Lessenicher Kirchpädchen;Lessenich;53123;2;9998;1;9999;;;BNI;Lessenich;BN;Bonn-Nord;B;Bonn;10.02.2026;01.06.2026;09.10.2026
41439;Sperrmüll;01.01.2026;31.12.2026;Malgisostr.;Lessenich;53123;2;9998;1;9999;;;BNI;Lessenich;BN;Bonn-Nord;B;Bonn;10.02.2026;01.06.2026;09.10.2026
41879;Sperrmüll;01.01.2026;31.12.2026;Martin-Legros-Str.;Lessenich;53123;2;96;1;81;;Gielsdorferstr - Sackgasse;BNI;Lessenich;BN;Bonn-Nord;B;Bonn;10.02.2026;01.06.2026;09.10.2026
41894;Sperrmüll;01.01.2026;31.12.2026;Martin-Legros-Str.;Lessenich;53123;98;9998;83;9999;;;BNI;Lessenich;BN;Bonn-Nord;B;Bonn;10.02.2026;01.06.2026;09.10.2026
41519;Sperrmüll;01.01.2026;31.12.2026;Oedekovener Str.;Lessenich;53123;2;9998;1;9999;;;BNI;Lessenich;BN;Bonn-Nord;B;Bonn;10.02.2026;01.06.2026;09.10.2026
41424;Sperrmüll;01.01.2026;31.12.2026;Roncallistr.;Lessenich;53123;2;9998;1;9999;;;BNI;Lessenich;BN;Bonn-Nord;B;Bonn;10.02.2026;01.06.2026;09.10.2026
41549;Sperrmüll;01.01.2026;31.12.2026;Weidenpeschweg;Lessenich;53123;2;9998;1;9999;;;BNI;Lessenich;BN;Bonn-Nord;B;Bonn;10.02.2026;01.06.2026;09.10.2026
41609;Sperrmüll;01.01.2026;31.12.2026;Wilhelm-Neuss-Str.;Lessenich;53123;2;9998;1;9999;;;BNI;Lessenich;BN;Bonn-Nord;B;Bonn;10.02.2026;01.06.2026;09.10.2026
23991;Sperrmüll;01.01.2026;31.12.2026;Am Brünnchen;Limperich;53227;2;9998;1;9999;;;BBE;Limperich;BB;Beuel;B;Bonn;16.04.2026;31.08.2026;07.12.2026
24036;Sperrmüll;01.01.2026;31.12.2026;Am Finkenberg;Limperich;53227;2;9998;1;9999;;;BBE;Limperich;BB;Beuel;B;Bonn;15.04.2026;17.07.2026;08.12.2026
24176;Sperrmüll;01.01.2026;31.12.2026;Am Müllestump;Limperich;53227;2;9998;1;9999;;;BBE;Limperich;BB;Beuel;B;Bonn;16.04.2026;31.08.2026;07.12.2026
24301;Sperrmüll;01.01.2026;31.12.2026;An der Linde;Limperich;53227;2;9998;1;9999;;;BBE;Limperich;BB;Beuel;B;Bonn;16.04.2026;31.08.2026;07.12.2026
25281;Sperrmüll;01.01.2026;31.12.2026;Burggrafenstr.;Limperich;53227;2;9998;1;9999;;;BBE;Limperich;BB;Beuel;B;Bonn;16.04.2026;31.08.2026;07.12.2026
25581;Sperrmüll;01.01.2026;31.12.2026;Dietrich-Bonhoeffer-Str.;Limperich;53227;2;8;1;19;;Küdinghov.St - Landgrabenweg;BBE;Limperich;BB;Beuel;B;Bonn;16.04.2026;31.08.2026;07.12.2026
25596;Sperrmüll;01.01.2026;31.12.2026;Dietrich-Bonhoeffer-Str.;Limperich;53227;10;9998;21;9999;;Landgrabenweg - E.Brändströmst;BBE;Limperich;BB;Beuel;B;Bonn;16.04.2026;31.08.2026;07.12.2026
25626;Sperrmüll;01.01.2026;31.12.2026;Drachenfelsweg;Limperich;53227;2;26;1;27;;Kreuzherrenstr-D.Bonhoefferstr;BBE;Limperich;BB;Beuel;B;Bonn;16.04.2026;31.08.2026;07.12.2026
25641;Sperrmüll;01.01.2026;31.12.2026;Drachenfelsweg;Limperich;53227;28;9998;29;9999;;D.Boenhoefferstr-Himmerichsweg;BBE;Limperich;BB;Beuel;B;Bonn;16.04.2026;31.08.2026;07.12.2026
25731;Sperrmüll;01.01.2026;31.12.2026;Eichendorffstr.;Limperich;53227;2;9998;1;9999;;;BBE;Limperich;BB;Beuel;B;Bonn;16.04.2026;31.08.2026;07.12.2026
25966;Sperrmüll;01.01.2026;31.12.2026;Finkenbergstr.;Limperich;53227;2;20;1;21;;Talweg - Königswintererstr;BBE;Limperich;BB;Beuel;B;Bonn;16.04.2026;31.08.2026;07.12.2026
25981;Sperrmüll;01.01.2026;31.12.2026;Finkenbergstr.;Limperich;53227;22;9998;23;9999;;Königswintererstr - Broichstr;BBE;Limperich;BB;Beuel;B;Bonn;16.04.2026;31.08.2026;07.12.2026
26816;Sperrmüll;01.01.2026;31.12.2026;Himmerichweg;Limperich;53227;2;9998;1;9999;;;BBE;Limperich;BB;Beuel;B;Bonn;16.04.2026;31.08.2026;07.12.2026
27096;Sperrmüll;01.01.2026;31.12.2026;Im Johdorf;Limperich;53227;2;9998;1;9999;;;BBE;Limperich;BB;Beuel;B;Bonn;16.04.2026;31.08.2026;07.12.2026
28100;Sperrmüll;01.01.2026;31.12.2026;Kreuzherrenstr.;Limperich;53227;2;28;1;29;;Königswintererstr - Talweg;BBE;Limperich;BB;Beuel;B;Bonn;16.04.2026;31.08.2026;07.12.2026
28120;Sperrmüll;01.01.2026;31.12.2026;Kreuzherrenstr.;Limperich;53227;30;76;31;75;;Limpericherstr - Landgrabenweg;BBE;Limperich;BB;Beuel;B;Bonn;16.04.2026;31.08.2026;07.12.2026
28135;Sperrmüll;01.01.2026;31.12.2026;Kreuzherrenstr.;Limperich;53227;78;9998;77;9999;;Landgrabenweg-E.Brändströmstr;BBE;Limperich;BB;Beuel;B;Bonn;16.04.2026;31.08.2026;07.12.2026
28165;Sperrmüll;01.01.2026;31.12.2026;Landgrabenweg;Limperich;53227;2;18;1;17;;;BBE;Limperich;BB;Beuel;B;Bonn;16.04.2026;31.08.2026;07.12.2026
28185;Sperrmüll;01.01.2026;31.12.2026;Landgrabenweg;Limperich;53227;20;9998;19;9999;;;BBE;Limperich;BB;Beuel;B;Bonn;16.04.2026;31.08.2026;07.12.2026
28310;Sperrmüll;01.01.2026;31.12.2026;Lohrbergweg;Limperich;53227;2;9998;1;9999;;;BBE;Limperich;BB;Beuel;B;Bonn;16.04.2026;31.08.2026;07.12.2026
28490;Sperrmüll;01.01.2026;31.12.2026;Mehlbergweg;Limperich;53227;2;9998;1;9999;;;BBE;Limperich;BB;Beuel;B;Bonn;15.04.2026;17.07.2026;08.12.2026
29049;Sperrmüll;01.01.2026;31.12.2026;Ölbergweg;Limperich;53227;2;9998;1;9999;;;BBE;Limperich;BB;Beuel;B;Bonn;16.04.2026;31.08.2026;07.12.2026
29124;Sperrmüll;01.01.2026;31.12.2026;Petersbergweg;Limperich;53227;2;9998;1;9999;;;BBE;Limperich;BB;Beuel;B;Bonn;16.04.2026;31.08.2026;07.12.2026
29325;Sperrmüll;01.01.2026;31.12.2026;Pützweg;Limperich;53227;2;9998;1;9999;;;BBE;Limperich;BB;Beuel;B;Bonn;16.04.2026;31.08.2026;07.12.2026
29460;Sperrmüll;01.01.2026;31.12.2026;Rhenusallee;Limperich;53227;2;32;1;25;;Küdinghovenerstr-Landgrabenweg;BBE;Limperich;BB;Beuel;B;Bonn;16.04.2026;31.08.2026;07.12.2026
29475;Sperrmüll;01.01.2026;31.12.2026;Rhenusallee;Limperich;53227;34;40;27;37;;Landgrabenweg - E.Brändströmst;BBE;Limperich;BB;Beuel;B;Bonn;16.04.2026;31.08.2026;07.12.2026
29490;Sperrmüll;01.01.2026;31.12.2026;Rhenusallee;Limperich;53227;42;9998;39;9999;;Elsa-Brändströmstr - Ende;BBE;Limperich;BB;Beuel;B;Bonn;16.04.2026;31.08.2026;07.12.2026
27156;Sperrmüll;01.01.2026;31.12.2026;Steinbruchweg;Limperich;53227;2;9998;1;9999;;;BBE;Limperich;BB;Beuel;B;Bonn;30.04.2026;25.09.2026;22.12.2026
30701;Sperrmüll;01.01.2026;31.12.2026;Weinbergweg;Limperich;53227;2;9998;1;9999;;;BBE;Limperich;BB;Beuel;B;Bonn;15.04.2026;17.07.2026;08.12.2026
30826;Sperrmüll;01.01.2026;31.12.2026;Wolkenburgweg;Limperich;53227;2;9998;1;9999;;;BBE;Limperich;BB;Beuel;B;Bonn;16.04.2026;31.08.2026;07.12.2026
13845;Sperrmüll;01.01.2026;31.12.2026;Ackerstr.;Mehlem;53179;2;9998;1;9999;;;BGL;Mehlem;BG;Bad Godesberg;B;Bonn;20.03.2026;07.07.2026;25.11.2026
23061;Sperrmüll;01.01.2026;31.12.2026;Alberichstr.;Mehlem;53179;2;9998;1;9999;;;BGL;Mehlem;BG;Bad Godesberg;B;Bonn;19.03.2026;06.07.2026;24.11.2026
13995;Sperrmüll;01.01.2026;31.12.2026;Am Botten;Mehlem;53179;2;18;1;19;;Sackgasse Görresstr;BGL;Mehlem;BG;Bad Godesberg;B;Bonn;19.03.2026;06.07.2026;24.11.2026
14010;Sperrmüll;01.01.2026;31.12.2026;Am Botten;Mehlem;53179;20;9998;21;9999;;Sackgasse Hagenstr;BGL;Mehlem;BG;Bad Godesberg;B;Bonn;24.02.2026;10.07.2026;16.12.2026
14115;Sperrmüll;01.01.2026;31.12.2026;Am Glückshaus;Mehlem;53179;2;9998;1;9999;;;BGL;Mehlem;BG;Bad Godesberg;B;Bonn;20.03.2026;07.07.2026;25.11.2026
21735;Sperrmüll;01.01.2026;31.12.2026;Am Nippenkreuz;Mehlem;53179;2;9998;1;9999;;;BGL;Mehlem;BG;Bad Godesberg;B;Bonn;23.03.2026;08.07.2026;26.11.2026
14190;Sperrmüll;01.01.2026;31.12.2026;Am Rosenrain;Mehlem;53179;2;9998;1;9999;;;BGL;Mehlem;BG;Bad Godesberg;B;Bonn;19.03.2026;06.07.2026;24.11.2026
14240;Sperrmüll;01.01.2026;31.12.2026;Amselhang;Mehlem;53179;2;9998;1;9999;;;BGL;Mehlem;BG;Bad Godesberg;B;Bonn;19.03.2026;06.07.2026;24.11.2026
23661;Sperrmüll;01.01.2026;31.12.2026;Auf dem Domhof;Mehlem;53179;2;9998;1;9999;;;BGL;Mehlem;BG;Bad Godesberg;B;Bonn;24.02.2026;10.07.2026;16.12.2026
14620;Sperrmüll;01.01.2026;31.12.2026;Auf dem Oelsfeld;Mehlem;53179;2;9998;1;9999;;;BGL;Mehlem;BG;Bad Godesberg;B;Bonn;17.03.2026;03.07.2026;23.11.2026
14725;Sperrmüll;01.01.2026;31.12.2026;Austr.;Mehlem;53179;2;9998;1;9999;;;BGL;Mehlem;BG;Bad Godesberg;B;Bonn;20.03.2026;07.07.2026;25.11.2026
14755;Sperrmüll;01.01.2026;31.12.2026;Bachemer Str.;Mehlem;53179;2;9998;1;9999;;;BGL;Mehlem;BG;Bad Godesberg;B;Bonn;19.03.2026;06.07.2026;24.11.2026
15045;Sperrmüll;01.01.2026;31.12.2026;Bodenstaffstr.;Mehlem;53179;2;9998;1;9999;;;BGL;Mehlem;BG;Bad Godesberg;B;Bonn;20.03.2026;07.07.2026;25.11.2026
15150;Sperrmüll;01.01.2026;31.12.2026;Brunhildstr.;Mehlem;53179;2;9998;1;9999;;;BGL;Mehlem;BG;Bad Godesberg;B;Bonn;20.03.2026;07.07.2026;25.11.2026
23121;Sperrmüll;01.01.2026;31.12.2026;Dankwardstr.;Mehlem;53179;2;9998;1;9999;;;BGL;Mehlem;BG;Bad Godesberg;B;Bonn;19.03.2026;06.07.2026;24.11.2026
23601;Sperrmüll;01.01.2026;31.12.2026;De-Brezé-Str.;Mehlem;53179;2;9998;1;9999;;;BGL;Mehlem;BG;Bad Godesberg;B;Bonn;20.03.2026;07.07.2026;25.11.2026
15680;Sperrmüll;01.01.2026;31.12.2026;Dietrich-Glauner-Str.;Mehlem;53179;2;9998;1;9999;;;BGL;Mehlem;BG;Bad Godesberg;B;Bonn;20.03.2026;07.07.2026;25.11.2026
15605;Sperrmüll;01.01.2026;31.12.2026;Domhofstr.;Mehlem;53179;2;9998;1;9999;;;BGL;Mehlem;BG;Bad Godesberg;B;Bonn;19.03.2026;06.07.2026;24.11.2026
15665;Sperrmüll;01.01.2026;31.12.2026;Dreholzstr.;Mehlem;53179;2;9998;1;9999;;;BGL;Mehlem;BG;Bad Godesberg;B;Bonn;20.03.2026;07.07.2026;25.11.2026
15885;Sperrmüll;01.01.2026;31.12.2026;Elsternweg;Mehlem;53179;2;9998;1;9999;;;BGL;Mehlem;BG;Bad Godesberg;B;Bonn;19.03.2026;06.07.2026;24.11.2026
23076;Sperrmüll;01.01.2026;31.12.2026;Etzelstr.;Mehlem;53179;2;9998;1;9999;;;BGL;Mehlem;BG;Bad Godesberg;B;Bonn;19.03.2026;06.07.2026;24.11.2026
15990;Sperrmüll;01.01.2026;31.12.2026;Fährstr.;Mehlem;53179;14;9998;9;9999;;;BGL;Mehlem;BG;Bad Godesberg;B;Bonn;20.03.2026;07.07.2026;25.11.2026
43764;Sperrmüll;01.01.2026;31.12.2026;Fährstr.;Mehlem;53179;2;12;1;7;;Sackgasse;BGL;Mehlem;BG;Bad Godesberg;B;Bonn;20.03.2026;07.07.2026;25.11.2026
23811;Sperrmüll;01.01.2026;31.12.2026;Friedrich-Bleek-Str.;Mehlem;53179;2;9998;1;9999;;;BGL;Mehlem;BG;Bad Godesberg;B;Bonn;17.03.2026;03.07.2026;23.11.2026
16340;Sperrmüll;01.01.2026;31.12.2026;Fröbelstr.;Mehlem;53179;2;9998;1;9999;;;BGL;Mehlem;BG;Bad Godesberg;B;Bonn;20.03.2026;07.07.2026;25.11.2026
16475;Sperrmüll;01.01.2026;31.12.2026;Gernotstr.;Mehlem;53179;2;9998;1;9999;;;BGL;Mehlem;BG;Bad Godesberg;B;Bonn;20.03.2026;07.07.2026;25.11.2026
16505;Sperrmüll;01.01.2026;31.12.2026;Giselherstr.;Mehlem;53179;2;9998;1;11;;;BGL;Mehlem;BG;Bad Godesberg;B;Bonn;19.03.2026;06.07.2026;24.11.2026
43704;Sperrmüll;01.01.2026;31.12.2026;Giselherstr.;Mehlem;53179;;;13;15;;Sackgasse;BGL;Mehlem;BG;Bad Godesberg;B;Bonn;19.03.2026;06.07.2026;24.11.2026
43719;Sperrmüll;01.01.2026;31.12.2026;Giselherstr.;Mehlem;53179;;;17;9999;;;BGL;Mehlem;BG;Bad Godesberg;B;Bonn;19.03.2026;06.07.2026;24.11.2026
16565;Sperrmüll;01.01.2026;31.12.2026;Görresstr.;Mehlem;53179;2;9998;1;9999;;;BGL;Mehlem;BG;Bad Godesberg;B;Bonn;19.03.2026;06.07.2026;24.11.2026
16795;Sperrmüll;01.01.2026;31.12.2026;Gunterstr.;Mehlem;53179;2;9998;1;9999;;;BGL;Mehlem;BG;Bad Godesberg;B;Bonn;19.03.2026;06.07.2026;24.11.2026
16855;Sperrmüll;01.01.2026;31.12.2026;Hagenstr.;Mehlem;53179;2;4;1;3;;Mehlem;BGL;Mehlem;BG;Bad Godesberg;B;Bonn;19.03.2026;06.07.2026;24.11.2026
16870;Sperrmüll;01.01.2026;31.12.2026;Hagenstr.;Mehlem;53179;6;9998;5;9999;;Rodderberg;BGL;Mehlem;BG;Bad Godesberg;B;Bonn;19.03.2026;06.07.2026;24.11.2026
17075;Sperrmüll;01.01.2026;31.12.2026;Heinrichstr.;Mehlem;53179;2;9998;1;9999;;;BGL;Mehlem;BG;Bad Godesberg;B;Bonn;19.03.2026;06.07.2026;24.11.2026
23091;Sperrmüll;01.01.2026;31.12.2026;Hildebrandstr.;Mehlem;53179;2;9998;1;9999;;;BGL;Mehlem;BG;Bad Godesberg;B;Bonn;19.03.2026;06.07.2026;24.11.2026
17435;Sperrmüll;01.01.2026;31.12.2026;Im Bachfeld;Mehlem;53179;2;9998;1;9999;;;BGL;Mehlem;BG;Bad Godesberg;B;Bonn;17.03.2026;03.07.2026;23.11.2026
17495;Sperrmüll;01.01.2026;31.12.2026;Im Frankenkeller;Mehlem;53179;2;9998;1;9999;;;BGL;Mehlem;BG;Bad Godesberg;B;Bonn;19.03.2026;06.07.2026;24.11.2026
17550;Sperrmüll;01.01.2026;31.12.2026;Im Hag;Mehlem;53179;2;9998;1;9999;;;BGL;Mehlem;BG;Bad Godesberg;B;Bonn;19.03.2026;06.07.2026;24.11.2026
17655;Sperrmüll;01.01.2026;31.12.2026;Im Rosenberg;Mehlem;53179;2;9998;1;9999;;;BGL;Mehlem;BG;Bad Godesberg;B;Bonn;19.03.2026;06.07.2026;24.11.2026
17670;Sperrmüll;01.01.2026;31.12.2026;Im Vogelsang;Mehlem;53179;2;9998;1;9999;;;BGL;Mehlem;BG;Bad Godesberg;B;Bonn;19.03.2026;06.07.2026;24.11.2026
23346;Sperrmüll;01.01.2026;31.12.2026;John-J.-McCloy-Ufer;Mehlem;53179;2;9998;1;9999;;;BGL;Mehlem;BG;Bad Godesberg;B;Bonn;24.03.2026;09.07.2026;27.11.2026
18539;Sperrmüll;01.01.2026;31.12.2026;Kollgasse;Mehlem;53179;2;9998;1;9999;;;BGL;Mehlem;BG;Bad Godesberg;B;Bonn;20.03.2026;07.07.2026;25.11.2026
18614;Sperrmüll;01.01.2026;31.12.2026;Kraterstr.;Mehlem;53179;2;9998;1;9999;;;BGL;Mehlem;BG;Bad Godesberg;B;Bonn;19.03.2026;06.07.2026;24.11.2026
18644;Sperrmüll;01.01.2026;31.12.2026;Kriemhildstr.;Mehlem;53179;2;9998;1;9999;;;BGL;Mehlem;BG;Bad Godesberg;B;Bonn;20.03.2026;07.07.2026;25.11.2026
18719;Sperrmüll;01.01.2026;31.12.2026;Kunigundenstr.;Mehlem;53179;2;9998;1;9999;;;BGL;Mehlem;BG;Bad Godesberg;B;Bonn;24.02.2026;10.07.2026;16.12.2026
18829;Sperrmüll;01.01.2026;31.12.2026;Langenbergsweg;Mehlem;53179;2;36;1;49;;Domhofstr - An der Nesselburg;BGL;Mehlem;BG;Bad Godesberg;B;Bonn;17.03.2026;03.07.2026;23.11.2026
18844;Sperrmüll;01.01.2026;31.12.2026;Langenbergsweg;Mehlem;53179;38;9998;51;9999;;An der Nesselburg - Ende;BGL;Mehlem;BG;Bad Godesberg;B;Bonn;17.03.2026;03.07.2026;23.11.2026
17060;Sperrmüll;01.01.2026;31.12.2026;Levyweg;Mehlem;53179;2;9998;1;9999;;;BGL;Mehlem;BG;Bad Godesberg;B;Bonn;19.03.2026;06.07.2026;24.11.2026
19161;Sperrmüll;01.01.2026;31.12.2026;Mainzer Str.;Mehlem;53179;2;58;1;53;;Koblenzerstr - Am Nippenkreuz;BGL;Mehlem;BG;Bad Godesberg;B;Bonn;20.03.2026;07.07.2026;25.11.2026
19176;Sperrmüll;01.01.2026;31.12.2026;Mainzer Str.;Mehlem;53179;180;244;187;235;;Meckenheimerstr - Gunterstr;BGL;Mehlem;BG;Bad Godesberg;B;Bonn;20.03.2026;07.07.2026;25.11.2026
19191;Sperrmüll;01.01.2026;31.12.2026;Mainzer Str.;Mehlem;53179;60;178;55;185;;Am Nippenkreuz-Meckenheimerstr;BGL;Mehlem;BG;Bad Godesberg;B;Bonn;20.03.2026;07.07.2026;25.11.2026
19206;Sperrmüll;01.01.2026;31.12.2026;Mainzer Str.;Mehlem;53179;246;9998;237;9999;;Gunterstr - Ende;BGL;Mehlem;BG;Bad Godesberg;B;Bonn;19.03.2026;06.07.2026;24.11.2026
19461;Sperrmüll;01.01.2026;31.12.2026;Meckenheimer Str.;Mehlem;53179;2;16;1;13;;Mainzerstr - Unterführung;BGL;Mehlem;BG;Bad Godesberg;B;Bonn;20.03.2026;07.07.2026;25.11.2026
19476;Sperrmüll;01.01.2026;31.12.2026;Meckenheimer Str.;Mehlem;53179;18;58;15;65;;Rolandsw.St - A.d.Nesselburg;BGL;Mehlem;BG;Bad Godesberg;B;Bonn;19.03.2026;06.07.2026;24.11.2026
19491;Sperrmüll;01.01.2026;31.12.2026;Meckenheimer Str.;Mehlem;53179;60;88;67;85;;A.d.Nesselburg - Hagenstr;BGL;Mehlem;BG;Bad Godesberg;B;Bonn;19.03.2026;06.07.2026;24.11.2026
19506;Sperrmüll;01.01.2026;31.12.2026;Meckenheimer Str.;Mehlem;53179;90;9998;87;9999;;Hagenstr - Ende;BGL;Mehlem;BG;Bad Godesberg;B;Bonn;19.03.2026;06.07.2026;24.11.2026
23526;Sperrmüll;01.01.2026;31.12.2026;Mehlemer Dorfplatz;Mehlem;53179;2;9998;1;9999;;;BGL;Mehlem;BG;Bad Godesberg;B;Bonn;20.03.2026;07.07.2026;25.11.2026
19726;Sperrmüll;01.01.2026;31.12.2026;Mühlenpfad;Mehlem;53179;2;9998;1;9999;;;BGL;Mehlem;BG;Bad Godesberg;B;Bonn;24.02.2026;10.07.2026;16.12.2026
19831;Sperrmüll;01.01.2026;31.12.2026;Nibelungenstr.;Mehlem;53179;2;9998;1;9999;;;BGL;Mehlem;BG;Bad Godesberg;B;Bonn;20.03.2026;07.07.2026;25.11.2026
19906;Sperrmüll;01.01.2026;31.12.2026;Oberaustr.;Mehlem;53179;2;36;1;33;;Meckenheimerstr - Hagenstr;BGL;Mehlem;BG;Bad Godesberg;B;Bonn;19.03.2026;06.07.2026;24.11.2026
19921;Sperrmüll;01.01.2026;31.12.2026;Oberaustr.;Mehlem;53179;;;107;119;;Sackgasse;BGL;Mehlem;BG;Bad Godesberg;B;Bonn;19.03.2026;06.07.2026;24.11.2026
19936;Sperrmüll;01.01.2026;31.12.2026;Oberaustr.;Mehlem;53179;96;9998;121;9999;110;Sackgasse - Rolandswertherstr;BGL;Mehlem;BG;Bad Godesberg;B;Bonn;19.03.2026;06.07.2026;24.11.2026
19951;Sperrmüll;01.01.2026;31.12.2026;Oberaustr.;Mehlem;53179;;;;;;;BGL;Mehlem;BG;Bad Godesberg;B;Bonn;19.03.2026;06.07.2026;24.11.2026
19966;Sperrmüll;01.01.2026;31.12.2026;Oberaustr.;Mehlem;53179;38;64;35;63;;Hagenstr - Giselherstr;BGL;Mehlem;BG;Bad Godesberg;B;Bonn;19.03.2026;06.07.2026;24.11.2026
19981;Sperrmüll;01.01.2026;31.12.2026;Oberaustr.;Mehlem;53179;66;94;65;105;;Giselherstr - Sackgasse;BGL;Mehlem;BG;Bad Godesberg;B;Bonn;19.03.2026;06.07.2026;24.11.2026
23106;Sperrmüll;01.01.2026;31.12.2026;Ortwinstr.;Mehlem;53179;2;9998;1;9999;;;BGL;Mehlem;BG;Bad Godesberg;B;Bonn;19.03.2026;06.07.2026;24.11.2026
20106;Sperrmüll;01.01.2026;31.12.2026;Parkweg;Mehlem;53179;2;9998;1;9999;;;BGL;Mehlem;BG;Bad Godesberg;B;Bonn;20.03.2026;07.07.2026;25.11.2026
15725;Sperrmüll;01.01.2026;31.12.2026;Pirolweg;Mehlem;53179;2;9998;1;9999;;;BGL;Mehlem;BG;Bad Godesberg;B;Bonn;19.03.2026;06.07.2026;24.11.2026
23421;Sperrmüll;01.01.2026;31.12.2026;Remagener Str.;Mehlem;53179;2;9998;1;9999;;;BGL;Mehlem;BG;Bad Godesberg;B;Bonn;20.03.2026;07.07.2026;25.11.2026
23721;Sperrmüll;01.01.2026;31.12.2026;Rheingoldstr.;Mehlem;53179;2;9998;1;9999;;;BGL;Mehlem;BG;Bad Godesberg;B;Bonn;19.03.2026;06.07.2026;24.11.2026
20571;Sperrmüll;01.01.2026;31.12.2026;Rheinufer;Mehlem;53179;2;9998;1;9999;;;BGL;Mehlem;BG;Bad Godesberg;B;Bonn;20.03.2026;07.07.2026;25.11.2026
20691;Sperrmüll;01.01.2026;31.12.2026;Rodderbergstr.;Mehlem;53179;2;30;1;27;;Meckenheimerstr - Hagenstr;BGL;Mehlem;BG;Bad Godesberg;B;Bonn;19.03.2026;06.07.2026;24.11.2026
20706;Sperrmüll;01.01.2026;31.12.2026;Rodderbergstr.;Mehlem;53179;104;9998;97;9999;;Sonnenhag - Im Rosenberg;BGL;Mehlem;BG;Bad Godesberg;B;Bonn;19.03.2026;06.07.2026;24.11.2026
20721;Sperrmüll;01.01.2026;31.12.2026;Rodderbergstr.;Mehlem;53179;32;102;29;95;;Hagenstr - Spechtweg;BGL;Mehlem;BG;Bad Godesberg;B;Bonn;19.03.2026;06.07.2026;24.11.2026
23181;Sperrmüll;01.01.2026;31.12.2026;Roderichstr.;Mehlem;53179;2;9998;1;9999;;;BGL;Mehlem;BG;Bad Godesberg;B;Bonn;20.03.2026;07.07.2026;25.11.2026
20856;Sperrmüll;01.01.2026;31.12.2026;Rolandswerther Str.;Mehlem;53179;2;46;1;51;;Meckenheimerstr - Hagenstr;BGL;Mehlem;BG;Bad Godesberg;B;Bonn;19.03.2026;06.07.2026;24.11.2026
20871;Sperrmüll;01.01.2026;31.12.2026;Rolandswerther Str.;Mehlem;53179;48;148;53;101;;Hagenstr - Ende;BGL;Mehlem;BG;Bad Godesberg;B;Bonn;19.03.2026;06.07.2026;24.11.2026
20886;Sperrmüll;01.01.2026;31.12.2026;Rolandswerther Str.;Mehlem;53179;150;9998;103;9999;;;BGL;Mehlem;BG;Bad Godesberg;B;Bonn;19.03.2026;06.07.2026;24.11.2026
21595;Sperrmüll;01.01.2026;31.12.2026;Rude-Krüzche-Weg;Mehlem;53179;2;9998;1;9999;;;BGL;Mehlem;BG;Bad Godesberg;B;Bonn;19.03.2026;06.07.2026;24.11.2026
20961;Sperrmüll;01.01.2026;31.12.2026;Rüdigerstr.;Mehlem;53179;2;14;1;13;;Am Glückshaus - Siegfriedstr;BGL;Mehlem;BG;Bad Godesberg;B;Bonn;20.03.2026;07.07.2026;25.11.2026
20976;Sperrmüll;01.01.2026;31.12.2026;Rüdigerstr.;Mehlem;53179;16;92;15;119;;Siegfriedstr - Sackgasse;BGL;Mehlem;BG;Bad Godesberg;B;Bonn;20.03.2026;07.07.2026;25.11.2026
42569;Sperrmüll;01.01.2026;31.12.2026;Rüdigerstr.;Mehlem;53179;94;9998;121;9999;;Austr - Sackgasse;BGL;Mehlem;BG;Bad Godesberg;B;Bonn;20.03.2026;07.07.2026;25.11.2026
21131;Sperrmüll;01.01.2026;31.12.2026;Schloßallee;Mehlem;53179;2;9998;1;13;;;BGL;Mehlem;BG;Bad Godesberg;B;Bonn;20.03.2026;07.07.2026;25.11.2026
43779;Sperrmüll;01.01.2026;31.12.2026;Schloßallee;Mehlem;53179;;;15;19;;Sackgasse;BGL;Mehlem;BG;Bad Godesberg;B;Bonn;20.03.2026;07.07.2026;25.11.2026
21191;Sperrmüll;01.01.2026;31.12.2026;Schützengraben;Mehlem;53179;2;9998;1;9999;;;BGL;Mehlem;BG;Bad Godesberg;B;Bonn;20.03.2026;07.07.2026;25.11.2026
21365;Sperrmüll;01.01.2026;31.12.2026;Severinsweg;Mehlem;53179;2;9998;1;9999;;;BGL;Mehlem;BG;Bad Godesberg;B;Bonn;20.03.2026;07.07.2026;25.11.2026
21430;Sperrmüll;01.01.2026;31.12.2026;Siegfriedstr.;Mehlem;53179;2;9998;1;9999;;;BGL;Mehlem;BG;Bad Godesberg;B;Bonn;20.03.2026;07.07.2026;25.11.2026
21505;Sperrmüll;01.01.2026;31.12.2026;Sonnenhag;Mehlem;53179;2;9998;1;9999;;;BGL;Mehlem;BG;Bad Godesberg;B;Bonn;19.03.2026;06.07.2026;24.11.2026
21610;Sperrmüll;01.01.2026;31.12.2026;Spatzenweg;Mehlem;53179;2;9998;1;9999;;;BGL;Mehlem;BG;Bad Godesberg;B;Bonn;19.03.2026;06.07.2026;24.11.2026
21535;Sperrmüll;01.01.2026;31.12.2026;Spechtweg;Mehlem;53179;2;9998;1;9999;;;BGL;Mehlem;BG;Bad Godesberg;B;Bonn;19.03.2026;06.07.2026;24.11.2026
22180;Sperrmüll;01.01.2026;31.12.2026;Utestr.;Mehlem;53179;2;40;1;47;;;BGL;Mehlem;BG;Bad Godesberg;B;Bonn;20.03.2026;07.07.2026;25.11.2026
43794;Sperrmüll;01.01.2026;31.12.2026;Utestr.;Mehlem;53179;42;9998;49;9999;;Sackgasse;BGL;Mehlem;BG;Bad Godesberg;B;Bonn;20.03.2026;07.07.2026;25.11.2026
22300;Sperrmüll;01.01.2026;31.12.2026;Viktor-Schnitzler-Str.;Mehlem;53179;2;9998;1;9999;;;BGL;Mehlem;BG;Bad Godesberg;B;Bonn;20.03.2026;07.07.2026;25.11.2026
22360;Sperrmüll;01.01.2026;31.12.2026;Volkerstr.;Mehlem;53179;2;9998;1;9999;;;BGL;Mehlem;BG;Bad Godesberg;B;Bonn;20.03.2026;07.07.2026;25.11.2026
22555;Sperrmüll;01.01.2026;31.12.2026;Von-Müllenark-Str.;Mehlem;53179;2;9998;1;9999;;;BGL;Mehlem;BG;Bad Godesberg;B;Bonn;24.02.2026;10.07.2026;16.12.2026
22420;Sperrmüll;01.01.2026;31.12.2026;Vulkanstr.;Mehlem;53179;2;9998;1;41;;;BGL;Mehlem;BG;Bad Godesberg;B;Bonn;19.03.2026;06.07.2026;24.11.2026
43734;Sperrmüll;01.01.2026;31.12.2026;Vulkanstr.;Mehlem;53179;;;43;59;;Sackgasse;BGL;Mehlem;BG;Bad Godesberg;B;Bonn;19.03.2026;06.07.2026;24.11.2026
43749;Sperrmüll;01.01.2026;31.12.2026;Vulkanstr.;Mehlem;53179;;;61;9999;;;BGL;Mehlem;BG;Bad Godesberg;B;Bonn;19.03.2026;06.07.2026;24.11.2026
23451;Sperrmüll;01.01.2026;31.12.2026;Weinrosenweg;Mehlem;53179;2;9998;1;9999;;;BGL;Mehlem;BG;Bad Godesberg;B;Bonn;24.02.2026;10.07.2026;16.12.2026
14070;Sperrmüll;01.01.2026;31.12.2026;Am Domblick;Muffendorf;53177;2;9998;1;9999;;;BGI;Muffendorf;BG;Bad Godesberg;B;Bonn;27.01.2026;26.06.2026;15.12.2026
18629;Sperrmüll;01.01.2026;31.12.2026;Am Gäßchen;Muffendorf;53177;2;9998;1;9999;;;BGI;Muffendorf;BG;Bad Godesberg;B;Bonn;27.01.2026;26.06.2026;15.12.2026
14130;Sperrmüll;01.01.2026;31.12.2026;Am Helpert;Muffendorf;53177;2;9998;1;9999;;;BGI;Muffendorf;BG;Bad Godesberg;B;Bonn;18.03.2026;01.07.2026;20.11.2026
23316;Sperrmüll;01.01.2026;31.12.2026;An der Kelter;Muffendorf;53177;2;9998;1;9999;;;BGI;Muffendorf;BG;Bad Godesberg;B;Bonn;18.03.2026;01.07.2026;20.11.2026
15915;Sperrmüll;01.01.2026;31.12.2026;An der Kommende;Muffendorf;53177;2;9998;1;9999;;;BGI;Muffendorf;BG;Bad Godesberg;B;Bonn;18.03.2026;01.07.2026;20.11.2026
14880;Sperrmüll;01.01.2026;31.12.2026;Benngasse;Muffendorf;53177;2;9998;1;9999;;;BGI;Muffendorf;BG;Bad Godesberg;B;Bonn;18.03.2026;01.07.2026;20.11.2026
15270;Sperrmüll;01.01.2026;31.12.2026;Bürvigstr.;Muffendorf;53177;2;9998;1;9999;;;BGI;Muffendorf;BG;Bad Godesberg;B;Bonn;18.03.2026;01.07.2026;20.11.2026
15770;Sperrmüll;01.01.2026;31.12.2026;Elfstr.;Muffendorf;53177;2;9998;1;9999;;;BGI;Muffendorf;BG;Bad Godesberg;B;Bonn;18.03.2026;01.07.2026;20.11.2026
23301;Sperrmüll;01.01.2026;31.12.2026;Elisabeth-Mayer-Str.;Muffendorf;53177;2;9998;1;9999;;;BGI;Muffendorf;BG;Bad Godesberg;B;Bonn;18.03.2026;01.07.2026;20.11.2026
15840;Sperrmüll;01.01.2026;31.12.2026;Elliger Höhe;Muffendorf;53177;2;9998;1;9999;;;BGI;Muffendorf;BG;Bad Godesberg;B;Bonn;18.03.2026;01.07.2026;20.11.2026
16370;Sperrmüll;01.01.2026;31.12.2026;Fürstenbergstr.;Muffendorf;53177;2;9998;1;9999;;;BGI;Muffendorf;BG;Bad Godesberg;B;Bonn;18.03.2026;01.07.2026;20.11.2026
16610;Sperrmüll;01.01.2026;31.12.2026;Goldbergweg;Muffendorf;53177;2;9998;1;9999;;;BGI;Muffendorf;BG;Bad Godesberg;B;Bonn;13.03.2026;30.06.2026;16.11.2026
16735;Sperrmüll;01.01.2026;31.12.2026;Gringsstr.;Muffendorf;53177;2;9998;1;9999;;;BGI;Muffendorf;BG;Bad Godesberg;B;Bonn;18.03.2026;01.07.2026;20.11.2026
17330;Sperrmüll;01.01.2026;31.12.2026;Hopmannstr.;Muffendorf;53177;2;9998;1;9999;7;;BGI;Muffendorf;BG;Bad Godesberg;B;Bonn;18.03.2026;01.07.2026;20.11.2026
43913;Sperrmüll;01.01.2026;31.12.2026;Hopmannstr.;Muffendorf;53177;;;;;;;BGI;Muffendorf;BG;Bad Godesberg;B;Bonn;18.03.2026;01.07.2026;20.11.2026
17420;Sperrmüll;01.01.2026;31.12.2026;Im Apfelgarten;Muffendorf;53177;2;9998;1;9999;;;BGI;Muffendorf;BG;Bad Godesberg;B;Bonn;18.03.2026;01.07.2026;20.11.2026
17640;Sperrmüll;01.01.2026;31.12.2026;Im Pfirsichgarten;Muffendorf;53177;2;9998;1;9999;;;BGI;Muffendorf;BG;Bad Godesberg;B;Bonn;18.03.2026;01.07.2026;20.11.2026
15395;Sperrmüll;01.01.2026;31.12.2026;Kirchweingarten;Muffendorf;53177;2;9998;1;9999;;;BGI;Muffendorf;BG;Bad Godesberg;B;Bonn;27.01.2026;26.06.2026;15.12.2026
18185;Sperrmüll;01.01.2026;31.12.2026;Klosterbergstr.;Muffendorf;53177;2;26;1;51;;Muffend.Hauptstr - Am Helpert;BGI;Muffendorf;BG;Bad Godesberg;B;Bonn;18.03.2026;01.07.2026;20.11.2026
18200;Sperrmüll;01.01.2026;31.12.2026;Klosterbergstr.;Muffendorf;53177;28;52;53;103;;Am Helpert - Bürvigstr;BGI;Muffendorf;BG;Bad Godesberg;B;Bonn;18.03.2026;01.07.2026;20.11.2026
18215;Sperrmüll;01.01.2026;31.12.2026;Klosterbergstr.;Muffendorf;53177;54;9998;105;9999;;Bürvigstr - Muffendorferstr;BGI;Muffendorf;BG;Bad Godesberg;B;Bonn;18.03.2026;01.07.2026;20.11.2026
18569;Sperrmüll;01.01.2026;31.12.2026;Komtureistr.;Muffendorf;53177;2;9998;1;9999;;;BGI;Muffendorf;BG;Bad Godesberg;B;Bonn;27.01.2026;26.06.2026;15.12.2026
18904;Sperrmüll;01.01.2026;31.12.2026;Lehnpütz;Muffendorf;53177;2;9998;1;9999;;;BGI;Muffendorf;BG;Bad Godesberg;B;Bonn;27.01.2026;26.06.2026;15.12.2026
19356;Sperrmüll;01.01.2026;31.12.2026;Martinstr.;Muffendorf;53177;2;9998;1;9999;;;BGI;Muffendorf;BG;Bad Godesberg;B;Bonn;27.01.2026;26.06.2026;15.12.2026
16930;Sperrmüll;01.01.2026;31.12.2026;Muffendorfer Hauptstr.;Muffendorf;53177;2;9998;1;9999;;;BGI;Muffendorf;BG;Bad Godesberg;B;Bonn;18.03.2026;01.07.2026;20.11.2026
20166;Sperrmüll;01.01.2026;31.12.2026;Peter-Schwingen-Str.;Muffendorf;53177;2;9998;1;9999;;;BGI;Muffendorf;BG;Bad Godesberg;B;Bonn;18.03.2026;01.07.2026;20.11.2026
20456;Sperrmüll;01.01.2026;31.12.2026;Remi-Baert-Platz;Muffendorf;53177;2;9998;1;9999;;;BGI;Muffendorf;BG;Bad Godesberg;B;Bonn;18.03.2026;01.07.2026;20.11.2026
21660;Sperrmüll;01.01.2026;31.12.2026;Steingasse;Muffendorf;53177;2;9998;1;9999;;;BGI;Muffendorf;BG;Bad Godesberg;B;Bonn;27.01.2026;26.06.2026;15.12.2026
21885;Sperrmüll;01.01.2026;31.12.2026;Talstr.;Muffendorf;53177;2;9998;1;9999;;;BGI;Muffendorf;BG;Bad Godesberg;B;Bonn;18.03.2026;01.07.2026;20.11.2026
22435;Sperrmüll;01.01.2026;31.12.2026;Waasemstr.;Muffendorf;53177;2;9998;1;9999;;;BGI;Muffendorf;BG;Bad Godesberg;B;Bonn;18.03.2026;01.07.2026;20.11.2026
22570;Sperrmüll;01.01.2026;31.12.2026;Weinbergstr.;Muffendorf;53177;2;9998;1;9999;;;BGI;Muffendorf;BG;Bad Godesberg;B;Bonn;27.01.2026;26.06.2026;15.12.2026
22996;Sperrmüll;01.01.2026;31.12.2026;Zum Kempenberg;Muffendorf;53177;2;9998;1;9999;;;BGI;Muffendorf;BG;Bad Godesberg;B;Bonn;18.03.2026;01.07.2026;20.11.2026
73;Sperrmüll;01.01.2026;31.12.2026;Adolfstr.;Nordstadt;53111;2;58;1;57;;Bornheimerstr - Dorotheenstr;BNB;Nordstadt;BN;Bonn-Nord;B;Bonn;05.02.2026;21.05.2026;30.09.2026
88;Sperrmüll;01.01.2026;31.12.2026;Adolfstr.;Nordstadt;53111;60;9998;59;9999;;Dorotheenstr - Kölnstr;BNB;Nordstadt;BN;Bonn-Nord;B;Bonn;29.01.2026;19.05.2026;28.09.2026
148;Sperrmüll;01.01.2026;31.12.2026;Alemannenweg;Nordstadt;53119;2;9998;1;9999;;;BNB;Nordstadt;BN;Bonn-Nord;B;Bonn;28.01.2026;18.05.2026;23.09.2026
316;Sperrmüll;01.01.2026;31.12.2026;Am Alten Friedhof;Nordstadt;53111;2;9998;1;9999;;;BNB;Nordstadt;BN;Bonn-Nord;B;Bonn;05.02.2026;21.05.2026;30.09.2026
12418;Sperrmüll;01.01.2026;31.12.2026;Am Alten Poststadion;Nordstadt;53119;2;9998;1;9999;;;BNB;Nordstadt;BN;Bonn-Nord;B;Bonn;28.01.2026;18.05.2026;23.09.2026
4632;Sperrmüll;01.01.2026;31.12.2026;Am Frankenbad;Nordstadt;53111;2;9998;1;9999;;;BNB;Nordstadt;BN;Bonn-Nord;B;Bonn;05.02.2026;21.05.2026;30.09.2026
451;Sperrmüll;01.01.2026;31.12.2026;Am Gerhardsplatz;Nordstadt;53119;2;9998;1;9999;;;BNB;Nordstadt;BN;Bonn-Nord;B;Bonn;28.01.2026;18.05.2026;23.09.2026
8415;Sperrmüll;01.01.2026;31.12.2026;Am Neuen Lindenhof;Nordstadt;53117;2;9998;1;9999;;;BNB;Nordstadt;BN;Bonn-Nord;B;Bonn;29.01.2026;19.05.2026;28.09.2026
6635;Sperrmüll;01.01.2026;31.12.2026;Am Nordpark;Nordstadt;53117;2;9998;1;9999;;;BNB;Nordstadt;BN;Bonn-Nord;B;Bonn;29.01.2026;19.05.2026;28.09.2026
6836;Sperrmüll;01.01.2026;31.12.2026;An den Markthallen;Nordstadt;53119;2;9998;1;9999;;;BNB;Nordstadt;BN;Bonn-Nord;B;Bonn;28.01.2026;18.05.2026;23.09.2026
973;Sperrmüll;01.01.2026;31.12.2026;Angelbisstr.;Nordstadt;53119;2;9998;1;9999;;;BNB;Nordstadt;BN;Bonn-Nord;B;Bonn;28.01.2026;18.05.2026;23.09.2026
1168;Sperrmüll;01.01.2026;31.12.2026;Auf dem Huckstein;Nordstadt;53117;2;9998;1;9999;;;BNB;Nordstadt;BN;Bonn-Nord;B;Bonn;29.01.2026;19.05.2026;28.09.2026
2826;Sperrmüll;01.01.2026;31.12.2026;August-Macke-Platz;Nordstadt;53119;2;9998;1;9999;;;BNB;Nordstadt;BN;Bonn-Nord;B;Bonn;28.01.2026;18.05.2026;23.09.2026
224;Sperrmüll;01.01.2026;31.12.2026;Berliner Platz;Nordstadt;53111;;;1;9999;;;BNB;Nordstadt;BN;Bonn-Nord;B;Bonn;05.02.2026;21.05.2026;30.09.2026
240;Sperrmüll;01.01.2026;31.12.2026;Berliner Platz;Nordstadt;53111;2;9998;;;;;BNB;Nordstadt;BN;Bonn-Nord;B;Bonn;05.02.2026;21.05.2026;30.09.2026
2720;Sperrmüll;01.01.2026;31.12.2026;Blumenhof;Nordstadt;53119;2;9998;1;9999;;;BNB;Nordstadt;BN;Bonn-Nord;B;Bonn;28.01.2026;18.05.2026;23.09.2026
2076;Sperrmüll;01.01.2026;31.12.2026;Bonifatiusstr.;Nordstadt;53119;2;9998;1;9999;;;BNB;Nordstadt;BN;Bonn-Nord;B;Bonn;28.01.2026;18.05.2026;23.09.2026
2283;Sperrmüll;01.01.2026;31.12.2026;Bornheimer Str.;Nordstadt;53111;2;74;1;33;;Berliner Pl. - Adolfstr;BNB;Nordstadt;BN;Bonn-Nord;B;Bonn;05.02.2026;21.05.2026;30.09.2026
2298;Sperrmüll;01.01.2026;31.12.2026;Bornheimer Str.;Nordstadt;53119;96;144;45;95;;Hochstadenring - Ellerstr;BNB;Nordstadt;BN;Bonn-Nord;B;Bonn;28.01.2026;18.05.2026;23.09.2026
2313;Sperrmüll;01.01.2026;31.12.2026;Bornheimer Str.;Nordstadt;53119;146;9998;97;9999;;Ellerstr - Lievelingsweg;BNB;Nordstadt;BN;Bonn-Nord;B;Bonn;28.01.2026;18.05.2026;23.09.2026
44157;Sperrmüll;01.01.2026;31.12.2026;Bornheimer Str.;Nordstadt;53111;76;94;35;43;;Adolfstr - Hochstadenring;BNB;Nordstadt;BN;Bonn-Nord;B;Bonn;05.02.2026;21.05.2026;30.09.2026
2374;Sperrmüll;01.01.2026;31.12.2026;Breite Str.;Nordstadt;53111;2;9998;1;9999;;;BNB;Nordstadt;BN;Bonn-Nord;B;Bonn;30.01.2026;20.05.2026;29.09.2026
2857;Sperrmüll;01.01.2026;31.12.2026;Chlodwigplatz;Nordstadt;53119;2;9998;1;9999;;;BNB;Nordstadt;BN;Bonn-Nord;B;Bonn;28.01.2026;18.05.2026;23.09.2026
3177;Sperrmüll;01.01.2026;31.12.2026;Dorotheenstr.;Nordstadt;53111;2;124;1;113;;Breitestr - Kaiser-Karl-Ring;BNB;Nordstadt;BN;Bonn-Nord;B;Bonn;05.02.2026;21.05.2026;30.09.2026
3197;Sperrmüll;01.01.2026;31.12.2026;Dorotheenstr.;Nordstadt;53119;130;9998;157;9999;;Ellerstr - Potsdamer Platz;BNB;Nordstadt;BN;Bonn-Nord;B;Bonn;28.01.2026;18.05.2026;23.09.2026
3212;Sperrmüll;01.01.2026;31.12.2026;Dorotheenstr.;Nordstadt;53111;126;128;115;155;;Kaiser-Karl-Ring - Ellerst;BNB;Nordstadt;BN;Bonn-Nord;B;Bonn;28.01.2026;18.05.2026;23.09.2026
3584;Sperrmüll;01.01.2026;31.12.2026;Eifelstr.;Nordstadt;53119;2;22;1;15;;Vorgebirgsstr - Bornheimerstr;BNB;Nordstadt;BN;Bonn-Nord;B;Bonn;28.01.2026;18.05.2026;23.09.2026
3599;Sperrmüll;01.01.2026;31.12.2026;Eifelstr.;Nordstadt;53119;24;9998;17;9999;;Bornheimerstr - Thomastr;BNB;Nordstadt;BN;Bonn-Nord;B;Bonn;28.01.2026;18.05.2026;23.09.2026
3629;Sperrmüll;01.01.2026;31.12.2026;Ellerstr.;Nordstadt;53119;2;28;1;13;;Thomastr - Bornheimerstr;BNB;Nordstadt;BN;Bonn-Nord;B;Bonn;28.01.2026;18.05.2026;23.09.2026
3644;Sperrmüll;01.01.2026;31.12.2026;Ellerstr.;Nordstadt;53119;30;58;15;57;;Bornheimer - Vorgebirgsstr;BNB;Nordstadt;BN;Bonn-Nord;B;Bonn;28.01.2026;18.05.2026;23.09.2026
3659;Sperrmüll;01.01.2026;31.12.2026;Ellerstr.;Nordstadt;53119;86;9998;91;9999;;Dorotheenstr - Ende. Sackgasse;BNB;Nordstadt;BN;Bonn-Nord;B;Bonn;28.01.2026;18.05.2026;23.09.2026
3674;Sperrmüll;01.01.2026;31.12.2026;Ellerstr.;Nordstadt;53119;60;84;59;89;;Vorgebirgstr - Dorotheenstr;BNB;Nordstadt;BN;Bonn-Nord;B;Bonn;28.01.2026;18.05.2026;23.09.2026
13800;Sperrmüll;01.01.2026;31.12.2026;Ennemoserstr.;Nordstadt;53119;2;9998;1;9999;;;BNB;Nordstadt;BN;Bonn-Nord;B;Bonn;28.01.2026;18.05.2026;23.09.2026
4251;Sperrmüll;01.01.2026;31.12.2026;Franzstr.;Nordstadt;53111;2;9998;1;9999;;;BNB;Nordstadt;BN;Bonn-Nord;B;Bonn;05.02.2026;21.05.2026;30.09.2026
4480;Sperrmüll;01.01.2026;31.12.2026;Gabelsbergerstr.;Nordstadt;53119;2;9998;1;9999;;;BNB;Nordstadt;BN;Bonn-Nord;B;Bonn;28.01.2026;18.05.2026;23.09.2026
4556;Sperrmüll;01.01.2026;31.12.2026;Georgstr.;Nordstadt;53111;2;9998;1;9999;;;BNB;Nordstadt;BN;Bonn-Nord;B;Bonn;29.01.2026;19.05.2026;28.09.2026
5072;Sperrmüll;01.01.2026;31.12.2026;Gerhardsplatz;Nordstadt;53119;2;9998;1;9999;;;BNB;Nordstadt;BN;Bonn-Nord;B;Bonn;28.01.2026;18.05.2026;23.09.2026
5532;Sperrmüll;01.01.2026;31.12.2026;Heerstr.;Nordstadt;53111;2;64;1;75;;Kölnstr - Dorotheenstr;BNB;Nordstadt;BN;Bonn-Nord;B;Bonn;05.02.2026;21.05.2026;30.09.2026
5547;Sperrmüll;01.01.2026;31.12.2026;Heerstr.;Nordstadt;53111;150;9998;167;9999;;Bornheimerstr - Thomastr;BNB;Nordstadt;BN;Bonn-Nord;B;Bonn;05.02.2026;21.05.2026;30.09.2026
5562;Sperrmüll;01.01.2026;31.12.2026;Heerstr.;Nordstadt;53111;66;94;77;119;;Dorotheenstr - Maxstr;BNB;Nordstadt;BN;Bonn-Nord;B;Bonn;05.02.2026;21.05.2026;30.09.2026
5577;Sperrmüll;01.01.2026;31.12.2026;Heerstr.;Nordstadt;53111;96;148;121;165;;Maxstr - Bornheimerstr;BNB;Nordstadt;BN;Bonn-Nord;B;Bonn;05.02.2026;21.05.2026;30.09.2026
5177;Sperrmüll;01.01.2026;31.12.2026;Heinrich-Böll-Ring;Nordstadt;53119;2;12;1;7;;Ellerstr - Bornheimerstr;BNB;Nordstadt;BN;Bonn-Nord;B;Bonn;28.01.2026;18.05.2026;23.09.2026
41969;Sperrmüll;01.01.2026;31.12.2026;Heinrich-Böll-Ring;Nordstadt;53119;14;9998;9;9999;;Bornheimerstr -Potzdamer Platz;BNB;Nordstadt;BN;Bonn-Nord;B;Bonn;28.01.2026;18.05.2026;23.09.2026
5904;Sperrmüll;01.01.2026;31.12.2026;Hochstadenring;Nordstadt;53119;2;48;1;21;;Kaiser-Karl-Ring - Bornheimer;BNB;Nordstadt;BN;Bonn-Nord;B;Bonn;28.01.2026;18.05.2026;23.09.2026
5919;Sperrmüll;01.01.2026;31.12.2026;Hochstadenring;Nordstadt;53119;;;23;9999;;Bornheimerstr - Thomastr;BNB;Nordstadt;BN;Bonn-Nord;B;Bonn;28.01.2026;18.05.2026;23.09.2026
5934;Sperrmüll;01.01.2026;31.12.2026;Hochstadenring;Nordstadt;53119;50;9998;;;;Bornheimerstr - Hunsrückstr;BNB;Nordstadt;BN;Bonn-Nord;B;Bonn;28.01.2026;18.05.2026;23.09.2026
4997;Sperrmüll;01.01.2026;31.12.2026;Hunsrückstr.;Nordstadt;53119;2;9998;1;9999;;;BNB;Nordstadt;BN;Bonn-Nord;B;Bonn;28.01.2026;18.05.2026;23.09.2026
6324;Sperrmüll;01.01.2026;31.12.2026;Im Krausfeld;Nordstadt;53111;2;9998;1;9999;;;BNB;Nordstadt;BN;Bonn-Nord;B;Bonn;29.01.2026;19.05.2026;28.09.2026
8114;Sperrmüll;01.01.2026;31.12.2026;Lambareneweg;Nordstadt;53119;2;9998;1;9999;;;BNB;Nordstadt;BN;Bonn-Nord;B;Bonn;09.02.2026;27.05.2026;07.10.2026
8365;Sperrmüll;01.01.2026;31.12.2026;Lievelingsweg;Nordstadt;53119;2;106;1;123;;Kölnstr - Potsdamer Platz;BNB;Nordstadt;BN;Bonn-Nord;B;Bonn;28.01.2026;18.05.2026;23.09.2026
8385;Sperrmüll;01.01.2026;31.12.2026;Lievelingsweg;Nordstadt;53119;108;158;125;149;;Potsdamer.Pl.- B.Lungstrasstr;BNB;Nordstadt;BN;Bonn-Nord;B;Bonn;28.01.2026;18.05.2026;23.09.2026
8400;Sperrmüll;01.01.2026;31.12.2026;Lievelingsweg;Nordstadt;53119;160;9998;151;9999;;B.LungStrasstr - J.Hengstlerst;BNB;Nordstadt;BN;Bonn-Nord;B;Bonn;09.01.2026;11.05.2026;18.09.2026
8867;Sperrmüll;01.01.2026;31.12.2026;Mackestr.;Nordstadt;53119;2;9998;1;9999;;;BNB;Nordstadt;BN;Bonn-Nord;B;Bonn;28.01.2026;18.05.2026;23.09.2026
9112;Sperrmüll;01.01.2026;31.12.2026;Maxstr.;Nordstadt;53111;;;1;21;;Sackgasse;BNB;Nordstadt;BN;Bonn-Nord;B;Bonn;05.02.2026;21.05.2026;30.09.2026
9127;Sperrmüll;01.01.2026;31.12.2026;Maxstr.;Nordstadt;53111;2;9998;23;9999;77;;BNB;Nordstadt;BN;Bonn-Nord;B;Bonn;05.02.2026;21.05.2026;30.09.2026
9142;Sperrmüll;01.01.2026;31.12.2026;Maxstr.;Nordstadt;53111;;;;;;;BNB;Nordstadt;BN;Bonn-Nord;B;Bonn;05.02.2026;21.05.2026;30.09.2026
9338;Sperrmüll;01.01.2026;31.12.2026;Michaelstr.;Nordstadt;53111;2;9998;1;9999;;;BNB;Nordstadt;BN;Bonn-Nord;B;Bonn;29.01.2026;19.05.2026;28.09.2026
9383;Sperrmüll;01.01.2026;31.12.2026;Mondorfer Str.;Nordstadt;53117;2;9998;1;9999;;;BNB;Nordstadt;BN;Bonn-Nord;B;Bonn;29.01.2026;19.05.2026;28.09.2026
9782;Sperrmüll;01.01.2026;31.12.2026;Nonnstr.;Nordstadt;53119;2;9998;1;9999;;;BNB;Nordstadt;BN;Bonn-Nord;B;Bonn;28.01.2026;18.05.2026;23.09.2026
9892;Sperrmüll;01.01.2026;31.12.2026;Obernierstr.;Nordstadt;53119;2;9998;1;9999;;;BNB;Nordstadt;BN;Bonn-Nord;B;Bonn;28.01.2026;18.05.2026;23.09.2026
9996;Sperrmüll;01.01.2026;31.12.2026;Oppenhoffstr.;Nordstadt;53111;2;9998;1;9999;;;BNB;Nordstadt;BN;Bonn-Nord;B;Bonn;05.02.2026;21.05.2026;30.09.2026
10226;Sperrmüll;01.01.2026;31.12.2026;Paulstr.;Nordstadt;53111;2;9998;1;9999;;;BNB;Nordstadt;BN;Bonn-Nord;B;Bonn;05.02.2026;21.05.2026;30.09.2026
10256;Sperrmüll;01.01.2026;31.12.2026;Perthesanlage;Nordstadt;53119;2;9998;1;9999;;;BNB;Nordstadt;BN;Bonn-Nord;B;Bonn;28.01.2026;18.05.2026;23.09.2026
10301;Sperrmüll;01.01.2026;31.12.2026;Peterstr.;Nordstadt;53111;2;9998;1;9999;;;BNB;Nordstadt;BN;Bonn-Nord;B;Bonn;05.02.2026;21.05.2026;30.09.2026
10346;Sperrmüll;01.01.2026;31.12.2026;Pipinstr.;Nordstadt;53111;2;9998;1;9999;;;BNB;Nordstadt;BN;Bonn-Nord;B;Bonn;29.01.2026;19.05.2026;28.09.2026
12893;Sperrmüll;01.01.2026;31.12.2026;Potsdamer Platz;Nordstadt;53119;2;9998;1;9999;;;BNB;Nordstadt;BN;Bonn-Nord;B;Bonn;28.01.2026;18.05.2026;23.09.2026
10994;Sperrmüll;01.01.2026;31.12.2026;Riegelerstr.;Nordstadt;53119;2;9998;1;9999;;;BNB;Nordstadt;BN;Bonn-Nord;B;Bonn;28.01.2026;18.05.2026;23.09.2026
11509;Sperrmüll;01.01.2026;31.12.2026;Sachsenweg;Nordstadt;53119;2;9998;1;9999;;;BNB;Nordstadt;BN;Bonn-Nord;B;Bonn;28.01.2026;18.05.2026;23.09.2026
11814;Sperrmüll;01.01.2026;31.12.2026;Schützenstr.;Nordstadt;53111;2;9998;1;9999;;;BNB;Nordstadt;BN;Bonn-Nord;B;Bonn;30.01.2026;20.05.2026;29.09.2026
3287;Sperrmüll;01.01.2026;31.12.2026;Spessartstr.;Nordstadt;53119;2;9998;1;9999;;;BNB;Nordstadt;BN;Bonn-Nord;B;Bonn;28.01.2026;18.05.2026;23.09.2026
300;Sperrmüll;01.01.2026;31.12.2026;Taunusstr.;Nordstadt;53119;2;9998;1;9999;;;BNB;Nordstadt;BN;Bonn-Nord;B;Bonn;28.01.2026;18.05.2026;23.09.2026
12513;Sperrmüll;01.01.2026;31.12.2026;Thomastr.;Nordstadt;53111;2;36;1;25;;Viktoriabrücke - Rabinstr;BNB;Nordstadt;BN;Bonn-Nord;B;Bonn;28.01.2026;18.05.2026;23.09.2026
12533;Sperrmüll;01.01.2026;31.12.2026;Thomastr.;Nordstadt;53119;38;9998;27;9999;;Ellerstr - Viktoriabrücke;BNB;Nordstadt;BN;Bonn-Nord;B;Bonn;28.01.2026;18.05.2026;23.09.2026
12548;Sperrmüll;01.01.2026;31.12.2026;Thuarstr.;Nordstadt;53119;2;9998;1;9999;;;BNB;Nordstadt;BN;Bonn-Nord;B;Bonn;28.01.2026;18.05.2026;23.09.2026
5949;Sperrmüll;01.01.2026;31.12.2026;Viktoriabrücke;Nordstadt;53119;2;9998;1;9999;;;BNB;Nordstadt;BN;Bonn-Nord;B;Bonn;28.01.2026;18.05.2026;23.09.2026
12999;Sperrmüll;01.01.2026;31.12.2026;Vorgebirgsstr.;Nordstadt;53111;2;48;1;31;;Heerstr - Kaiser-Karl-Ring;BNB;Nordstadt;BN;Bonn-Nord;B;Bonn;05.02.2026;21.05.2026;30.09.2026
13014;Sperrmüll;01.01.2026;31.12.2026;Vorgebirgsstr.;Nordstadt;53119;50;9998;33;9999;;Kaiser-Karl-R.-Heinrich-Böll.R;BNB;Nordstadt;BN;Bonn-Nord;B;Bonn;28.01.2026;18.05.2026;23.09.2026
13225;Sperrmüll;01.01.2026;31.12.2026;Weiherstr.;Nordstadt;53111;2;9998;1;9999;;;BNB;Nordstadt;BN;Bonn-Nord;B;Bonn;05.02.2026;21.05.2026;30.09.2026
13574;Sperrmüll;01.01.2026;31.12.2026;Wolfstr.;Nordstadt;53111;2;9998;1;9999;;;BNB;Nordstadt;BN;Bonn-Nord;B;Bonn;05.02.2026;21.05.2026;30.09.2026
33406;Sperrmüll;01.01.2026;31.12.2026;Adolf-Hombitzer-Str.;Oberkassel;53227;2;9998;1;9999;;;BBH;Oberkassel;BB;Beuel;B;Bonn;13.04.2026;15.07.2026;03.12.2026
33646;Sperrmüll;01.01.2026;31.12.2026;Adrianstr.;Oberkassel;53227;2;118;1;137;;Alsstr - Cäcilienstr;BBH;Oberkassel;BB;Beuel;B;Bonn;13.04.2026;15.07.2026;03.12.2026
33661;Sperrmüll;01.01.2026;31.12.2026;Adrianstr.;Oberkassel;53227;120;9998;139;9999;;Cäcilienstr - Langemarckstr;BBH;Oberkassel;BB;Beuel;B;Bonn;13.04.2026;15.07.2026;03.12.2026
32681;Sperrmüll;01.01.2026;31.12.2026;Alsstr.;Oberkassel;53227;2;36;1;29;;Königswintererstr - Bahn;BBH;Oberkassel;BB;Beuel;B;Bonn;13.04.2026;15.07.2026;03.12.2026
32696;Sperrmüll;01.01.2026;31.12.2026;Alsstr.;Oberkassel;53227;38;9998;31;9999;;Bahn - Büchelstr;BBH;Oberkassel;BB;Beuel;B;Bonn;13.04.2026;15.07.2026;03.12.2026
33736;Sperrmüll;01.01.2026;31.12.2026;Altrheinstr.;Oberkassel;53227;2;9998;1;9999;;;BBH;Oberkassel;BB;Beuel;B;Bonn;13.04.2026;15.07.2026;03.12.2026
33706;Sperrmüll;01.01.2026;31.12.2026;Am Bürgerpark;Oberkassel;53227;2;9998;1;9999;;;BBH;Oberkassel;BB;Beuel;B;Bonn;23.01.2026;23.06.2026;11.12.2026
33361;Sperrmüll;01.01.2026;31.12.2026;Am Buschhof;Oberkassel;53227;2;9998;1;9999;;;BBH;Oberkassel;BB;Beuel;B;Bonn;14.04.2026;16.07.2026;02.12.2026
32711;Sperrmüll;01.01.2026;31.12.2026;Am Johannisberg;Oberkassel;53227;2;9998;1;9999;;;BBH;Oberkassel;BB;Beuel;B;Bonn;13.04.2026;15.07.2026;03.12.2026
32726;Sperrmüll;01.01.2026;31.12.2026;Am Kriegersgraben;Oberkassel;53227;2;9998;1;9999;;;BBH;Oberkassel;BB;Beuel;B;Bonn;13.04.2026;15.07.2026;03.12.2026
33021;Sperrmüll;01.01.2026;31.12.2026;Am Magdalenenkreuz;Oberkassel;53227;2;9998;1;9999;;;BBH;Oberkassel;BB;Beuel;B;Bonn;14.04.2026;16.07.2026;02.12.2026
32741;Sperrmüll;01.01.2026;31.12.2026;Am Mönchshof;Oberkassel;53227;2;9998;1;9999;;;BBH;Oberkassel;BB;Beuel;B;Bonn;13.04.2026;15.07.2026;03.12.2026
32756;Sperrmüll;01.01.2026;31.12.2026;Am Stingenberg;Oberkassel;53227;2;9998;1;9999;;;BBH;Oberkassel;BB;Beuel;B;Bonn;13.04.2026;15.07.2026;03.12.2026
32776;Sperrmüll;01.01.2026;31.12.2026;Am Weißen Stein;Oberkassel;53227;2;9998;1;9999;;;BBH;Oberkassel;BB;Beuel;B;Bonn;13.04.2026;15.07.2026;03.12.2026
32791;Sperrmüll;01.01.2026;31.12.2026;Am Weitgarten;Oberkassel;53227;2;9998;1;9999;;;BBH;Oberkassel;BB;Beuel;B;Bonn;14.04.2026;16.07.2026;02.12.2026
33631;Sperrmüll;01.01.2026;31.12.2026;An der Post;Oberkassel;53227;2;9998;1;9999;;;BBH;Oberkassel;BB;Beuel;B;Bonn;14.04.2026;16.07.2026;02.12.2026
33826;Sperrmüll;01.01.2026;31.12.2026;Auf den sechs Morgen;Oberkassel;53227;2;9998;1;9999;;;BBH;Oberkassel;BB;Beuel;B;Bonn;13.04.2026;15.07.2026;03.12.2026
33481;Sperrmüll;01.01.2026;31.12.2026;Basaltstr.;Oberkassel;53227;2;42;1;33;;Königswintererstr - Adrianstr;BBH;Oberkassel;BB;Beuel;B;Bonn;13.04.2026;15.07.2026;03.12.2026
33496;Sperrmüll;01.01.2026;31.12.2026;Basaltstr.;Oberkassel;53227;44;9998;35;9999;;Adrianstr - Meerhausenerstr;BBH;Oberkassel;BB;Beuel;B;Bonn;13.04.2026;15.07.2026;03.12.2026
32811;Sperrmüll;01.01.2026;31.12.2026;Baumstr.;Oberkassel;53227;2;9998;1;9999;12;;BBH;Oberkassel;BB;Beuel;B;Bonn;13.04.2026;15.07.2026;03.12.2026
43854;Sperrmüll;01.01.2026;31.12.2026;Baumstr.;Oberkassel;53227;;;;;;Sackgasse;BBH;Oberkassel;BB;Beuel;B;Bonn;13.04.2026;15.07.2026;03.12.2026
32826;Sperrmüll;01.01.2026;31.12.2026;Berghovener Str.;Oberkassel;53227;2;32;1;35;;Langemarckstr - Am Stingenberg;BBH;Oberkassel;BB;Beuel;B;Bonn;13.04.2026;15.07.2026;03.12.2026
32841;Sperrmüll;01.01.2026;31.12.2026;Berghovener Str.;Oberkassel;53227;34;88;37;9999;;Am Stingenberg - Langemarckstr;BBH;Oberkassel;BB;Beuel;B;Bonn;13.04.2026;15.07.2026;03.12.2026
43868;Sperrmüll;01.01.2026;31.12.2026;Berghovener Str.;Oberkassel;53227;90;96;;;;Sackgasse;BBH;Oberkassel;BB;Beuel;B;Bonn;13.04.2026;15.07.2026;03.12.2026
43883;Sperrmüll;01.01.2026;31.12.2026;Berghovener Str.;Oberkassel;53227;98;9998;;;;Am Stingenberg - Langemarckstr;BBH;Oberkassel;BB;Beuel;B;Bonn;13.04.2026;15.07.2026;03.12.2026
32871;Sperrmüll;01.01.2026;31.12.2026;Bernhardstr.;Oberkassel;53227;2;32;1;53;;Simonstr - Hartwig-Hüserstr;BBH;Oberkassel;BB;Beuel;B;Bonn;13.04.2026;15.07.2026;03.12.2026
32886;Sperrmüll;01.01.2026;31.12.2026;Bernhardstr.;Oberkassel;53227;34;9998;55;9999;;Hartwig-Hüserst-A.Weißen Stein;BBH;Oberkassel;BB;Beuel;B;Bonn;13.04.2026;15.07.2026;03.12.2026
32901;Sperrmüll;01.01.2026;31.12.2026;Büchelstr.;Oberkassel;53227;2;9998;1;9999;;;BBH;Oberkassel;BB;Beuel;B;Bonn;13.04.2026;15.07.2026;03.12.2026
33601;Sperrmüll;01.01.2026;31.12.2026;Cäcilienstr.;Oberkassel;53227;2;28;1;23;;Königswintererstr - Adrianstr;BBH;Oberkassel;BB;Beuel;B;Bonn;23.01.2026;23.06.2026;11.12.2026
33616;Sperrmüll;01.01.2026;31.12.2026;Cäcilienstr.;Oberkassel;53227;30;9998;25;9999;;Adrianstr - Weidenstr (Sackgas;BBH;Oberkassel;BB;Beuel;B;Bonn;23.01.2026;23.06.2026;11.12.2026
33796;Sperrmüll;01.01.2026;31.12.2026;Dollendorfer Allee;Oberkassel;53227;2;9998;1;9999;;;BBH;Oberkassel;BB;Beuel;B;Bonn;13.04.2026;15.07.2026;03.12.2026
32961;Sperrmüll;01.01.2026;31.12.2026;Dornheckenstr.;Oberkassel;53227;2;24;1;19;;Königswintererstr - Bahn;BBH;Oberkassel;BB;Beuel;B;Bonn;14.04.2026;16.07.2026;02.12.2026
32976;Sperrmüll;01.01.2026;31.12.2026;Dornheckenstr.;Oberkassel;53227;26;40;21;45;;Bahn - Lindenstr;BBH;Oberkassel;BB;Beuel;B;Bonn;14.04.2026;16.07.2026;02.12.2026
32991;Sperrmüll;01.01.2026;31.12.2026;Dornheckenstr.;Oberkassel;53227;42;9998;47;9999;;Lindenstr - Ende (Sackgasse);BBH;Oberkassel;BB;Beuel;B;Bonn;14.04.2026;16.07.2026;02.12.2026
32916;Sperrmüll;01.01.2026;31.12.2026;Ernststr.;Oberkassel;53227;2;9998;1;9999;;;BBH;Oberkassel;BB;Beuel;B;Bonn;13.04.2026;15.07.2026;03.12.2026
42224;Sperrmüll;01.01.2026;31.12.2026;Franz-Kissel-Weg;Oberkassel;53227;2;9998;1;9999;;;BBH;Oberkassel;BB;Beuel;B;Bonn;13.04.2026;15.07.2026;03.12.2026
33006;Sperrmüll;01.01.2026;31.12.2026;Hartwig-Hüser-Str.;Oberkassel;53227;2;9998;1;9999;;;BBH;Oberkassel;BB;Beuel;B;Bonn;13.04.2026;15.07.2026;03.12.2026
33041;Sperrmüll;01.01.2026;31.12.2026;Heckelsgasse;Oberkassel;53227;2;9998;1;9999;;;BBH;Oberkassel;BB;Beuel;B;Bonn;20.01.2026;19.06.2026;27.11.2026
33086;Sperrmüll;01.01.2026;31.12.2026;Hosterbacher Str.;Oberkassel;53227;2;9998;1;9999;;;BBH;Oberkassel;BB;Beuel;B;Bonn;13.04.2026;15.07.2026;03.12.2026
33056;Sperrmüll;01.01.2026;31.12.2026;Hosterstr.;Oberkassel;53227;2;16;1;17;;Stüffgenstr - Alsstr;BBH;Oberkassel;BB;Beuel;B;Bonn;13.04.2026;15.07.2026;03.12.2026
33071;Sperrmüll;01.01.2026;31.12.2026;Hosterstr.;Oberkassel;53227;18;9998;19;9999;;Alsstr - Ende;BBH;Oberkassel;BB;Beuel;B;Bonn;13.04.2026;15.07.2026;03.12.2026
33101;Sperrmüll;01.01.2026;31.12.2026;Humbroichweg;Oberkassel;53227;2;9998;1;9999;;;BBH;Oberkassel;BB;Beuel;B;Bonn;13.04.2026;15.07.2026;03.12.2026
33116;Sperrmüll;01.01.2026;31.12.2026;Im Bungert;Oberkassel;53227;2;4;1;3;;;BBH;Oberkassel;BB;Beuel;B;Bonn;13.04.2026;15.07.2026;03.12.2026
33131;Sperrmüll;01.01.2026;31.12.2026;Im Bungert;Oberkassel;53227;6;9998;5;9999;;;BBH;Oberkassel;BB;Beuel;B;Bonn;20.01.2026;19.06.2026;27.11.2026
33146;Sperrmüll;01.01.2026;31.12.2026;Im Heckengarten;Oberkassel;53227;2;9998;1;9999;;;BBH;Oberkassel;BB;Beuel;B;Bonn;13.04.2026;15.07.2026;03.12.2026
33161;Sperrmüll;01.01.2026;31.12.2026;Im Michelsfeld;Oberkassel;53227;2;9998;1;9999;;;BBH;Oberkassel;BB;Beuel;B;Bonn;13.04.2026;15.07.2026;03.12.2026
33176;Sperrmüll;01.01.2026;31.12.2026;Im Mohrenfeld;Oberkassel;53227;2;9998;1;9999;;;BBH;Oberkassel;BB;Beuel;B;Bonn;13.04.2026;15.07.2026;03.12.2026
33191;Sperrmüll;01.01.2026;31.12.2026;In den Erlen;Oberkassel;53227;2;9998;1;9999;;;BBH;Oberkassel;BB;Beuel;B;Bonn;14.04.2026;16.07.2026;02.12.2026
33206;Sperrmüll;01.01.2026;31.12.2026;In der Persch;Oberkassel;53227;2;9998;1;9999;;;BBH;Oberkassel;BB;Beuel;B;Bonn;13.04.2026;15.07.2026;03.12.2026
33221;Sperrmüll;01.01.2026;31.12.2026;In der Proffe;Oberkassel;53227;2;9998;1;9999;;;BBH;Oberkassel;BB;Beuel;B;Bonn;13.04.2026;15.07.2026;03.12.2026
33236;Sperrmüll;01.01.2026;31.12.2026;Jakobstr.;Oberkassel;53227;2;22;1;25;25A;Am Buschhof - Königswintererst;BBH;Oberkassel;BB;Beuel;B;Bonn;14.04.2026;16.07.2026;02.12.2026
33251;Sperrmüll;01.01.2026;31.12.2026;Jakobstr.;Oberkassel;53227;24;9998;27;9999;;Königswintererstr - Adrianstr;BBH;Oberkassel;BB;Beuel;B;Bonn;13.04.2026;15.07.2026;03.12.2026
32931;Sperrmüll;01.01.2026;31.12.2026;Julius-Vorster-Str.;Oberkassel;53227;2;9998;1;9999;;;BBH;Oberkassel;BB;Beuel;B;Bonn;13.04.2026;15.07.2026;03.12.2026
33266;Sperrmüll;01.01.2026;31.12.2026;Kalkuhlstr.;Oberkassel;53227;2;9998;1;9999;;;BBH;Oberkassel;BB;Beuel;B;Bonn;14.04.2026;16.07.2026;02.12.2026
33436;Sperrmüll;01.01.2026;31.12.2026;Karl-Duwe-Str.;Oberkassel;53227;2;9998;1;9999;;;BBH;Oberkassel;BB;Beuel;B;Bonn;14.04.2026;16.07.2026;02.12.2026
43379;Sperrmüll;01.01.2026;31.12.2026;Karl-Duwe-Str.;Oberkassel;53227;;;;;;;BBH;Oberkassel;BB;Beuel;B;Bonn;14.04.2026;16.07.2026;02.12.2026
33781;Sperrmüll;01.01.2026;31.12.2026;Kasseler Ley;Oberkassel;53227;2;9998;1;9999;;;BBH;Oberkassel;BB;Beuel;B;Bonn;13.04.2026;15.07.2026;03.12.2026
33296;Sperrmüll;01.01.2026;31.12.2026;Kastellstr.;Oberkassel;53227;2;9998;1;9999;;;BBH;Oberkassel;BB;Beuel;B;Bonn;23.01.2026;23.06.2026;11.12.2026
33281;Sperrmüll;01.01.2026;31.12.2026;Kinkelstr.;Oberkassel;53227;2;9998;1;9999;;;BBH;Oberkassel;BB;Beuel;B;Bonn;23.01.2026;23.06.2026;11.12.2026
33526;Sperrmüll;01.01.2026;31.12.2026;Kucksteinweg;Oberkassel;53227;2;9998;1;9999;;;BBH;Oberkassel;BB;Beuel;B;Bonn;20.01.2026;19.06.2026;27.11.2026
33311;Sperrmüll;01.01.2026;31.12.2026;Langemarckstr.;Oberkassel;53227;2;20;1;25;;Königswintererstr - Bahn;BBH;Oberkassel;BB;Beuel;B;Bonn;13.04.2026;15.07.2026;03.12.2026
33331;Sperrmüll;01.01.2026;31.12.2026;Langemarckstr.;Oberkassel;53227;22;32;27;39;;Bahn - Im Bungert;BBH;Oberkassel;BB;Beuel;B;Bonn;13.04.2026;15.07.2026;03.12.2026
33346;Sperrmüll;01.01.2026;31.12.2026;Langemarckstr.;Oberkassel;53227;34;9998;41;9999;;Im Bungert - Berghovenerstr;BBH;Oberkassel;BB;Beuel;B;Bonn;13.04.2026;15.07.2026;03.12.2026
33376;Sperrmüll;01.01.2026;31.12.2026;Meerhausener Str.;Oberkassel;53227;2;9998;1;9999;;;BBH;Oberkassel;BB;Beuel;B;Bonn;13.04.2026;15.07.2026;03.12.2026
33751;Sperrmüll;01.01.2026;31.12.2026;Paffelsbergplatz;Oberkassel;53227;2;9998;1;9999;;;BBH;Oberkassel;BB;Beuel;B;Bonn;13.04.2026;15.07.2026;03.12.2026
33421;Sperrmüll;01.01.2026;31.12.2026;Rauchlochweg;Oberkassel;53227;2;9998;1;9999;;;BBH;Oberkassel;BB;Beuel;B;Bonn;13.04.2026;15.07.2026;03.12.2026
33721;Sperrmüll;01.01.2026;31.12.2026;Reifenbergstr.;Oberkassel;53227;2;9998;1;9999;;;BBH;Oberkassel;BB;Beuel;B;Bonn;14.04.2026;16.07.2026;02.12.2026
33766;Sperrmüll;01.01.2026;31.12.2026;Röckesbergstr.;Oberkassel;53227;2;9998;1;9999;;;BBH;Oberkassel;BB;Beuel;B;Bonn;13.04.2026;15.07.2026;03.12.2026
33466;Sperrmüll;01.01.2026;31.12.2026;Römlinghovener Str.;Oberkassel;53227;2;9998;1;9999;;;BBH;Oberkassel;BB;Beuel;B;Bonn;13.04.2026;15.07.2026;03.12.2026
33511;Sperrmüll;01.01.2026;31.12.2026;Simonstr.;Oberkassel;53227;2;9998;1;9999;;;BBH;Oberkassel;BB;Beuel;B;Bonn;13.04.2026;15.07.2026;03.12.2026
32946;Sperrmüll;01.01.2026;31.12.2026;Strackhofstr.;Oberkassel;53227;2;9998;1;9999;;;BBH;Oberkassel;BB;Beuel;B;Bonn;13.04.2026;15.07.2026;03.12.2026
32856;Sperrmüll;01.01.2026;31.12.2026;Stüffgenstr.;Oberkassel;53227;2;9998;1;9999;;;BBH;Oberkassel;BB;Beuel;B;Bonn;14.04.2026;16.07.2026;02.12.2026
33541;Sperrmüll;01.01.2026;31.12.2026;Teichstr.;Oberkassel;53227;2;9998;1;9999;;;BBH;Oberkassel;BB;Beuel;B;Bonn;13.04.2026;15.07.2026;03.12.2026
33556;Sperrmüll;01.01.2026;31.12.2026;Theresienau;Oberkassel;53227;2;9998;1;9999;;;BBH;Oberkassel;BB;Beuel;B;Bonn;13.04.2026;15.07.2026;03.12.2026
33571;Sperrmüll;01.01.2026;31.12.2026;Weidenstr.;Oberkassel;53227;2;10;1;41;;Ab Büchelstr;BBH;Oberkassel;BB;Beuel;B;Bonn;20.01.2026;19.06.2026;27.11.2026
33586;Sperrmüll;01.01.2026;31.12.2026;Weidenstr.;Oberkassel;53227;12;9998;43;9999;;Ab Hosterstr;BBH;Oberkassel;BB;Beuel;B;Bonn;20.01.2026;19.06.2026;27.11.2026
33676;Sperrmüll;01.01.2026;31.12.2026;Zipperstr.;Oberkassel;53227;2;30;1;31;;Königswintererstr - Adrianstr;BBH;Oberkassel;BB;Beuel;B;Bonn;23.01.2026;23.06.2026;11.12.2026
33691;Sperrmüll;01.01.2026;31.12.2026;Zipperstr.;Oberkassel;53227;32;9998;33;9999;;Adrianstr - Bahn;BBH;Oberkassel;BB;Beuel;B;Bonn;23.01.2026;23.06.2026;11.12.2026
20661;Sperrmüll;01.01.2026;31.12.2026;Albertus-Magnus-Str.;Pennenfeld;53177;2;28;1;27;;Koblenzerstr - Zanderstr;BGJ;Pennenfeld;BG;Bad Godesberg;B;Bonn;16.03.2026;02.07.2026;19.11.2026
20676;Sperrmüll;01.01.2026;31.12.2026;Albertus-Magnus-Str.;Pennenfeld;53177;30;48;29;9999;;Zanderstr - Deutschherrenstr;BGJ;Pennenfeld;BG;Bad Godesberg;B;Bonn;16.03.2026;02.07.2026;19.11.2026
43809;Sperrmüll;01.01.2026;31.12.2026;Albertus-Magnus-Str.;Pennenfeld;53177;50;66;;;;Sackgasse;BGJ;Pennenfeld;BG;Bad Godesberg;B;Bonn;16.03.2026;02.07.2026;19.11.2026
14850;Sperrmüll;01.01.2026;31.12.2026;Behringstr.;Pennenfeld;53177;2;9998;1;9999;;;BGJ;Pennenfeld;BG;Bad Godesberg;B;Bonn;12.03.2026;29.06.2026;17.11.2026
42374;Sperrmüll;01.01.2026;31.12.2026;Charlotte-von-Stein-Str.;Pennenfeld;53177;2;9998;1;9999;;;BGJ;Pennenfeld;BG;Bad Godesberg;B;Bonn;18.03.2026;01.07.2026;20.11.2026
16130;Sperrmüll;01.01.2026;31.12.2026;Frascatistr.;Pennenfeld;53177;2;9998;1;9999;;;BGJ;Pennenfeld;BG;Bad Godesberg;B;Bonn;16.03.2026;02.07.2026;19.11.2026
16885;Sperrmüll;01.01.2026;31.12.2026;Hans-Böckler-Allee;Pennenfeld;53177;2;9998;1;9999;;;BGJ;Pennenfeld;BG;Bad Godesberg;B;Bonn;16.03.2026;02.07.2026;19.11.2026
17045;Sperrmüll;01.01.2026;31.12.2026;Heinrich-Hertz-Str.;Pennenfeld;53177;2;9998;1;9999;;;BGJ;Pennenfeld;BG;Bad Godesberg;B;Bonn;16.03.2026;02.07.2026;19.11.2026
18584;Sperrmüll;01.01.2026;31.12.2026;Kopernikusstr.;Pennenfeld;53177;2;9998;1;9999;;;BGJ;Pennenfeld;BG;Bad Godesberg;B;Bonn;16.03.2026;02.07.2026;19.11.2026
19146;Sperrmüll;01.01.2026;31.12.2026;Maidenheadstr.;Pennenfeld;53177;2;9998;1;9999;;;BGJ;Pennenfeld;BG;Bad Godesberg;B;Bonn;16.03.2026;02.07.2026;19.11.2026
42344;Sperrmüll;01.01.2026;31.12.2026;Marta-Worringer-Str.;Pennenfeld;53177;2;9998;1;9999;;;BGJ;Pennenfeld;BG;Bad Godesberg;B;Bonn;18.03.2026;01.07.2026;20.11.2026
42359;Sperrmüll;01.01.2026;31.12.2026;Paula-Modersohn-Becker-Weg;Pennenfeld;53177;2;9998;1;9999;;;BGJ;Pennenfeld;BG;Bad Godesberg;B;Bonn;18.03.2026;01.07.2026;20.11.2026
20796;Sperrmüll;01.01.2026;31.12.2026;Röntgenstr.;Pennenfeld;53177;2;9998;1;9999;26;;BGJ;Pennenfeld;BG;Bad Godesberg;B;Bonn;12.03.2026;29.06.2026;17.11.2026
44017;Sperrmüll;01.01.2026;31.12.2026;Röntgenstr.;Pennenfeld;53177;;;;;;;BGJ;Pennenfeld;BG;Bad Godesberg;B;Bonn;12.03.2026;29.06.2026;17.11.2026
21056;Sperrmüll;01.01.2026;31.12.2026;Saint-Cloud-Str.;Pennenfeld;53177;2;9998;1;9999;;Sackgasse;BGJ;Pennenfeld;BG;Bad Godesberg;B;Bonn;16.03.2026;02.07.2026;19.11.2026
21311;Sperrmüll;01.01.2026;31.12.2026;Steglitzer Str.;Pennenfeld;53177;2;9998;1;9999;;;BGJ;Pennenfeld;BG;Bad Godesberg;B;Bonn;12.03.2026;29.06.2026;17.11.2026
22921;Sperrmüll;01.01.2026;31.12.2026;Zanderstr.;Pennenfeld;53177;2;22;1;7;;Theodor - Heuss - Hans-Böckler;BGJ;Pennenfeld;BG;Bad Godesberg;B;Bonn;16.03.2026;02.07.2026;19.11.2026
42896;Sperrmüll;01.01.2026;31.12.2026;Zanderstr.;Pennenfeld;53177;24;9998;9;9999;;Hans-Böckler-Albertus-Magnus;BGJ;Pennenfeld;BG;Bad Godesberg;B;Bonn;16.03.2026;02.07.2026;19.11.2026
22951;Sperrmüll;01.01.2026;31.12.2026;Zeppelinstr.;Pennenfeld;53177;2;9998;1;9999;;;BGJ;Pennenfeld;BG;Bad Godesberg;B;Bonn;16.03.2026;02.07.2026;19.11.2026
13890;Sperrmüll;01.01.2026;31.12.2026;Aggerstr.;Plittersdorf;53175;2;9998;1;9999;;;BGG;Plittersdorf;BG;Bad Godesberg;B;Bonn;26.03.2026;13.07.2026;01.12.2026
13920;Sperrmüll;01.01.2026;31.12.2026;Ahrstr.;Plittersdorf;53175;2;20;1;19;;Mittelstr - Lahnstr;BGG;Plittersdorf;BG;Bad Godesberg;B;Bonn;26.03.2026;13.07.2026;01.12.2026
41954;Sperrmüll;01.01.2026;31.12.2026;Ahrstr.;Plittersdorf;53175;22;9998;21;9999;;Lahnstr - Kennedyallee;BGG;Plittersdorf;BG;Bad Godesberg;B;Bonn;26.03.2026;13.07.2026;01.12.2026
23391;Sperrmüll;01.01.2026;31.12.2026;Albert-Cahn-Weg;Plittersdorf;53175;2;9998;1;9999;;;BGG;Plittersdorf;BG;Bad Godesberg;B;Bonn;26.03.2026;13.07.2026;01.12.2026
13950;Sperrmüll;01.01.2026;31.12.2026;Alemannenstr.;Plittersdorf;53175;2;9998;1;9999;;;BGG;Plittersdorf;BG;Bad Godesberg;B;Bonn;26.03.2026;13.07.2026;01.12.2026
15380;Sperrmüll;01.01.2026;31.12.2026;Am Baumgarten;Plittersdorf;53175;2;9998;1;9999;;;BGG;Plittersdorf;BG;Bad Godesberg;B;Bonn;25.03.2026;10.07.2026;30.11.2026
15210;Sperrmüll;01.01.2026;31.12.2026;Am Büchel;Plittersdorf;53173;2;52;1;53;;Plittersdorferstr - Parkanlage;BGG;Plittersdorf;BG;Bad Godesberg;B;Bonn;25.03.2026;10.07.2026;30.11.2026
15225;Sperrmüll;01.01.2026;31.12.2026;Am Büchel;Plittersdorf;53173;54;9998;55;9999;;Parkanlage - Rheinallee;BGG;Plittersdorf;BG;Bad Godesberg;B;Bonn;23.03.2026;08.07.2026;26.11.2026
20396;Sperrmüll;01.01.2026;31.12.2026;Am Schaumburger Hof;Plittersdorf;53175;2;9998;1;9999;;;BGG;Plittersdorf;BG;Bad Godesberg;B;Bonn;25.03.2026;10.07.2026;30.11.2026
14285;Sperrmüll;01.01.2026;31.12.2026;Am Turmhof;Plittersdorf;53175;2;9998;1;9999;;;BGG;Plittersdorf;BG;Bad Godesberg;B;Bonn;25.03.2026;10.07.2026;30.11.2026
14510;Sperrmüll;01.01.2026;31.12.2026;Annettenstr.;Plittersdorf;53175;2;9998;1;9999;;;BGG;Plittersdorf;BG;Bad Godesberg;B;Bonn;25.03.2026;10.07.2026;30.11.2026
14540;Sperrmüll;01.01.2026;31.12.2026;Arndtplatz;Plittersdorf;53173;2;9998;1;9999;;;BGG;Plittersdorf;BG;Bad Godesberg;B;Bonn;25.03.2026;10.07.2026;30.11.2026
14570;Sperrmüll;01.01.2026;31.12.2026;Auerhofstr.;Plittersdorf;53175;2;9998;1;9999;;;BGG;Plittersdorf;BG;Bad Godesberg;B;Bonn;25.03.2026;10.07.2026;30.11.2026
14665;Sperrmüll;01.01.2026;31.12.2026;Auf der Hostert;Plittersdorf;53173;2;9998;1;9999;;;BGG;Plittersdorf;BG;Bad Godesberg;B;Bonn;25.03.2026;10.07.2026;30.11.2026
15120;Sperrmüll;01.01.2026;31.12.2026;Breslauer Str.;Plittersdorf;53175;2;9998;1;9999;;;BGG;Plittersdorf;BG;Bad Godesberg;B;Bonn;27.03.2026;14.07.2026;04.12.2026
15410;Sperrmüll;01.01.2026;31.12.2026;Danziger Str.;Plittersdorf;53175;2;9998;1;9999;;;BGG;Plittersdorf;BG;Bad Godesberg;B;Bonn;27.03.2026;14.07.2026;04.12.2026
15590;Sperrmüll;01.01.2026;31.12.2026;Dollendorfer Str.;Plittersdorf;53173;2;9998;1;9999;;;BGG;Plittersdorf;BG;Bad Godesberg;B;Bonn;25.03.2026;10.07.2026;30.11.2026
18414;Sperrmüll;01.01.2026;31.12.2026;Donatusstr.;Plittersdorf;53175;2;9998;1;9999;;;BGG;Plittersdorf;BG;Bad Godesberg;B;Bonn;27.03.2026;14.07.2026;04.12.2026
17120;Sperrmüll;01.01.2026;31.12.2026;Elisabeth-Selbert-Allee;Plittersdorf;53175;2;9998;1;9999;;;BGG;Plittersdorf;BG;Bad Godesberg;B;Bonn;26.03.2026;13.07.2026;01.12.2026
15945;Sperrmüll;01.01.2026;31.12.2026;Erftstr.;Plittersdorf;53175;2;9998;1;9999;;;BGG;Plittersdorf;BG;Bad Godesberg;B;Bonn;26.03.2026;13.07.2026;01.12.2026
15975;Sperrmüll;01.01.2026;31.12.2026;Europastr.;Plittersdorf;53175;2;9998;1;9999;;;BGG;Plittersdorf;BG;Bad Godesberg;B;Bonn;27.03.2026;14.07.2026;04.12.2026
23766;Sperrmüll;01.01.2026;31.12.2026;Father-Bill-Str.;Plittersdorf;53175;2;9998;1;9999;;;BGG;Plittersdorf;BG;Bad Godesberg;B;Bonn;27.03.2026;14.07.2026;04.12.2026
16325;Sperrmüll;01.01.2026;31.12.2026;Friesenstr.;Plittersdorf;53175;2;9998;1;9999;;;BGG;Plittersdorf;BG;Bad Godesberg;B;Bonn;26.03.2026;13.07.2026;01.12.2026
16445;Sperrmüll;01.01.2026;31.12.2026;Germanenstr.;Plittersdorf;53175;2;16;1;23;;Godesb.Allee - Hindenburgallee;BGG;Plittersdorf;BG;Bad Godesberg;B;Bonn;26.03.2026;13.07.2026;01.12.2026
16460;Sperrmüll;01.01.2026;31.12.2026;Germanenstr.;Plittersdorf;53175;18;9998;25;9999;;Hohenzollernstr - Wurzerstr;BGG;Plittersdorf;BG;Bad Godesberg;B;Bonn;26.03.2026;13.07.2026;01.12.2026
16625;Sperrmüll;01.01.2026;31.12.2026;Gotenstr.;Plittersdorf;53175;2;18;1;27;;Mittelstr. - Wurzerstr.;BGG;Plittersdorf;BG;Bad Godesberg;B;Bonn;26.03.2026;13.07.2026;01.12.2026
16645;Sperrmüll;01.01.2026;31.12.2026;Gotenstr.;Plittersdorf;53175;20;96;29;123;;Wurzerstr - Sackgasse Gotenstr;BGG;Plittersdorf;BG;Bad Godesberg;B;Bonn;26.03.2026;13.07.2026;01.12.2026
16660;Sperrmüll;01.01.2026;31.12.2026;Gotenstr.;Plittersdorf;53175;98;9998;125;9999;;Sackgasse G.Str - Kennedyallee;BGG;Plittersdorf;BG;Bad Godesberg;B;Bonn;26.03.2026;13.07.2026;01.12.2026
23781;Sperrmüll;01.01.2026;31.12.2026;Hannah-Arendt-Str.;Plittersdorf;53175;2;9998;1;9999;;;BGG;Plittersdorf;BG;Bad Godesberg;B;Bonn;27.03.2026;14.07.2026;04.12.2026
16900;Sperrmüll;01.01.2026;31.12.2026;Hardtstr.;Plittersdorf;53175;2;9998;1;9999;;;BGG;Plittersdorf;BG;Bad Godesberg;B;Bonn;25.03.2026;10.07.2026;30.11.2026
17180;Sperrmüll;01.01.2026;31.12.2026;Hofstr.;Plittersdorf;53175;2;9998;1;9999;;;BGG;Plittersdorf;BG;Bad Godesberg;B;Bonn;25.03.2026;10.07.2026;30.11.2026
17925;Sperrmüll;01.01.2026;31.12.2026;Kanalstr.;Plittersdorf;53175;2;9998;1;9999;;;BGG;Plittersdorf;BG;Bad Godesberg;B;Bonn;25.03.2026;10.07.2026;30.11.2026
18519;Sperrmüll;01.01.2026;31.12.2026;Kolberger Str.;Plittersdorf;53175;2;9998;1;9999;;;BGG;Plittersdorf;BG;Bad Godesberg;B;Bonn;25.03.2026;10.07.2026;30.11.2026
18554;Sperrmüll;01.01.2026;31.12.2026;Kolumbusring;Plittersdorf;53175;2;9998;1;9999;;;BGG;Plittersdorf;BG;Bad Godesberg;B;Bonn;27.03.2026;14.07.2026;04.12.2026
19236;Sperrmüll;01.01.2026;31.12.2026;Kreisauer Str.;Plittersdorf;53175;2;9998;1;9999;;;BGG;Plittersdorf;BG;Bad Godesberg;B;Bonn;25.03.2026;10.07.2026;30.11.2026
18799;Sperrmüll;01.01.2026;31.12.2026;Lahnstr.;Plittersdorf;53175;2;9998;1;9999;;;BGG;Plittersdorf;BG;Bad Godesberg;B;Bonn;26.03.2026;13.07.2026;01.12.2026
22540;Sperrmüll;01.01.2026;31.12.2026;Leonardusstr.;Plittersdorf;53175;2;9998;1;9999;;;BGG;Plittersdorf;BG;Bad Godesberg;B;Bonn;25.03.2026;10.07.2026;30.11.2026
19536;Sperrmüll;01.01.2026;31.12.2026;Meersburgstr.;Plittersdorf;53175;2;9998;1;9999;;;BGG;Plittersdorf;BG;Bad Godesberg;B;Bonn;25.03.2026;10.07.2026;30.11.2026
19616;Sperrmüll;01.01.2026;31.12.2026;Mittelstr.;Plittersdorf;53175;2;9998;1;9999;;;BGG;Plittersdorf;BG;Bad Godesberg;B;Bonn;26.03.2026;13.07.2026;01.12.2026
19631;Sperrmüll;01.01.2026;31.12.2026;Mohrenstr.;Plittersdorf;53173;2;9998;1;9999;;;BGG;Plittersdorf;BG;Bad Godesberg;B;Bonn;25.03.2026;10.07.2026;30.11.2026
19696;Sperrmüll;01.01.2026;31.12.2026;Moselstr.;Plittersdorf;53175;2;9998;1;9999;;;BGG;Plittersdorf;BG;Bad Godesberg;B;Bonn;26.03.2026;13.07.2026;01.12.2026
19741;Sperrmüll;01.01.2026;31.12.2026;Mühlenstr.;Plittersdorf;53173;2;9998;1;9999;;;BGG;Plittersdorf;BG;Bad Godesberg;B;Bonn;25.03.2026;10.07.2026;30.11.2026
19786;Sperrmüll;01.01.2026;31.12.2026;Nahestr.;Plittersdorf;53175;2;9998;1;9999;;;BGG;Plittersdorf;BG;Bad Godesberg;B;Bonn;26.03.2026;13.07.2026;01.12.2026
19801;Sperrmüll;01.01.2026;31.12.2026;Neckarstr.;Plittersdorf;53175;2;9998;1;9999;;;BGG;Plittersdorf;BG;Bad Godesberg;B;Bonn;26.03.2026;13.07.2026;01.12.2026
21750;Sperrmüll;01.01.2026;31.12.2026;Ostseestr.;Plittersdorf;53175;2;9998;1;9999;;;BGG;Plittersdorf;BG;Bad Godesberg;B;Bonn;27.03.2026;14.07.2026;04.12.2026
23796;Sperrmüll;01.01.2026;31.12.2026;Prinz-Löwenstein-Str.;Plittersdorf;53175;2;9998;1;9999;;;BGG;Plittersdorf;BG;Bad Godesberg;B;Bonn;27.03.2026;14.07.2026;04.12.2026
21021;Sperrmüll;01.01.2026;31.12.2026;Saarstr.;Plittersdorf;53175;2;9998;1;9999;;;BGG;Plittersdorf;BG;Bad Godesberg;B;Bonn;26.03.2026;13.07.2026;01.12.2026
21380;Sperrmüll;01.01.2026;31.12.2026;Sibyllenstr.;Plittersdorf;53173;2;18;1;33;18A;Plittersdorferstr - Wurzerstr;BGG;Plittersdorf;BG;Bad Godesberg;B;Bonn;25.03.2026;10.07.2026;30.11.2026
21395;Sperrmüll;01.01.2026;31.12.2026;Sibyllenstr.;Plittersdorf;53175;20;9998;35;9999;;Wurzerstr - Leonardusstr;BGG;Plittersdorf;BG;Bad Godesberg;B;Bonn;25.03.2026;10.07.2026;30.11.2026
21445;Sperrmüll;01.01.2026;31.12.2026;Siegstr.;Plittersdorf;53175;2;9998;1;9999;;;BGG;Plittersdorf;BG;Bad Godesberg;B;Bonn;26.03.2026;13.07.2026;01.12.2026
21460;Sperrmüll;01.01.2026;31.12.2026;Simrockallee;Plittersdorf;53173;2;9998;1;9999;;;BGG;Plittersdorf;BG;Bad Godesberg;B;Bonn;25.03.2026;10.07.2026;30.11.2026
21565;Sperrmüll;01.01.2026;31.12.2026;Spiegelhofstr.;Plittersdorf;53173;2;9998;1;9999;;;BGG;Plittersdorf;BG;Bad Godesberg;B;Bonn;25.03.2026;10.07.2026;30.11.2026
21675;Sperrmüll;01.01.2026;31.12.2026;Steinstr.;Plittersdorf;53175;2;16;1;9;;Plittersdorferstr - Wurzerstr;BGG;Plittersdorf;BG;Bad Godesberg;B;Bonn;25.03.2026;10.07.2026;30.11.2026
21690;Sperrmüll;01.01.2026;31.12.2026;Steinstr.;Plittersdorf;53175;18;9998;11;9999;;Wurzerstr - Kreisauerstr;BGG;Plittersdorf;BG;Bad Godesberg;B;Bonn;25.03.2026;10.07.2026;30.11.2026
21765;Sperrmüll;01.01.2026;31.12.2026;Steubenring;Plittersdorf;53175;2;9998;1;9999;;;BGG;Plittersdorf;BG;Bad Godesberg;B;Bonn;27.03.2026;14.07.2026;04.12.2026
21810;Sperrmüll;01.01.2026;31.12.2026;Stirzenhofstr.;Plittersdorf;53173;2;9998;1;9999;;;BGG;Plittersdorf;BG;Bad Godesberg;B;Bonn;25.03.2026;10.07.2026;30.11.2026
21855;Sperrmüll;01.01.2026;31.12.2026;Suebenstr.;Plittersdorf;53175;2;9998;1;9999;;;BGG;Plittersdorf;BG;Bad Godesberg;B;Bonn;26.03.2026;13.07.2026;01.12.2026
21915;Sperrmüll;01.01.2026;31.12.2026;Teutonenstr.;Plittersdorf;53175;2;40;1;25;;Wurzerstr (Sackgasse);BGG;Plittersdorf;BG;Bad Godesberg;B;Bonn;26.03.2026;13.07.2026;01.12.2026
21930;Sperrmüll;01.01.2026;31.12.2026;Teutonenstr.;Plittersdorf;53175;42;9998;27;9999;;Germanenstr - Gotenstr;BGG;Plittersdorf;BG;Bad Godesberg;B;Bonn;26.03.2026;13.07.2026;01.12.2026
22070;Sperrmüll;01.01.2026;31.12.2026;Turmstr.;Plittersdorf;53175;2;2;1;11;;Plittersdorferstr - Wurzerstr;BGG;Plittersdorf;BG;Bad Godesberg;B;Bonn;25.03.2026;10.07.2026;30.11.2026
22085;Sperrmüll;01.01.2026;31.12.2026;Turmstr.;Plittersdorf;53175;4;9998;13;9999;;Wurzerstr - Kenedyallee;BGG;Plittersdorf;BG;Bad Godesberg;B;Bonn;25.03.2026;10.07.2026;30.11.2026
22240;Sperrmüll;01.01.2026;31.12.2026;Vikariegasse;Plittersdorf;53175;2;9998;1;9999;;;BGG;Plittersdorf;BG;Bad Godesberg;B;Bonn;25.03.2026;10.07.2026;30.11.2026
22831;Sperrmüll;01.01.2026;31.12.2026;Wupperstr.;Plittersdorf;53175;2;9998;1;9999;;;BGG;Plittersdorf;BG;Bad Godesberg;B;Bonn;26.03.2026;13.07.2026;01.12.2026
22906;Sperrmüll;01.01.2026;31.12.2026;Yorckstr.;Plittersdorf;53173;2;9998;1;9999;;;BGG;Plittersdorf;BG;Bad Godesberg;B;Bonn;23.03.2026;08.07.2026;26.11.2026
163;Sperrmüll;01.01.2026;31.12.2026;Alexander-Koenig-Str.;Poppelsdorf;53115;2;9998;1;9999;;;BZD;Poppelsdorf;BZ;Bonn-Zentrum;B;Bonn;03.03.2026;17.06.2026;05.11.2026
391;Sperrmüll;01.01.2026;31.12.2026;Am Botanischen Garten;Poppelsdorf;53115;2;9998;1;9999;;;BZD;Poppelsdorf;BZ;Bonn-Zentrum;B;Bonn;02.02.2026;22.05.2026;05.10.2026
8987;Sperrmüll;01.01.2026;31.12.2026;Am Marienhospital;Poppelsdorf;53115;2;9998;1;9999;;;BZD;Poppelsdorf;BZ;Bonn-Zentrum;B;Bonn;03.03.2026;17.06.2026;05.11.2026
1722;Sperrmüll;01.01.2026;31.12.2026;Bennauerstr.;Poppelsdorf;53115;2;9998;1;9999;;;BZD;Poppelsdorf;BZ;Bonn-Zentrum;B;Bonn;02.03.2026;18.06.2026;06.11.2026
2600;Sperrmüll;01.01.2026;31.12.2026;Burggartenstr.;Poppelsdorf;53115;2;9998;1;9999;;;BZD;Poppelsdorf;BZ;Bonn-Zentrum;B;Bonn;02.03.2026;18.06.2026;06.11.2026
8144;Sperrmüll;01.01.2026;31.12.2026;Carl-Troll-Str.;Poppelsdorf;53115;2;9998;1;9999;;;BZD;Poppelsdorf;BZ;Bonn-Zentrum;B;Bonn;02.03.2026;18.06.2026;06.11.2026
2887;Sperrmüll;01.01.2026;31.12.2026;Clemens-August-Platz;Poppelsdorf;53115;2;9998;1;9999;;;BZD;Poppelsdorf;BZ;Bonn-Zentrum;B;Bonn;03.03.2026;17.06.2026;05.11.2026
2902;Sperrmüll;01.01.2026;31.12.2026;Clemens-August-Str.;Poppelsdorf;53115;2;48;1;59;;A.Botanischen Ga.- Sebastianst;BZD;Poppelsdorf;BZ;Bonn-Zentrum;B;Bonn;02.03.2026;18.06.2026;06.11.2026
2917;Sperrmüll;01.01.2026;31.12.2026;Clemens-August-Str.;Poppelsdorf;53115;;;61;69;;Pfarrer-Hürthstr;BZD;Poppelsdorf;BZ;Bonn-Zentrum;B;Bonn;02.03.2026;18.06.2026;06.11.2026
2932;Sperrmüll;01.01.2026;31.12.2026;Clemens-August-Str.;Poppelsdorf;53115;50;9998;71;9999;;Sebastianstr-Clemens-Augustpl.;BZD;Poppelsdorf;BZ;Bonn-Zentrum;B;Bonn;03.03.2026;17.06.2026;05.11.2026
43470;Sperrmüll;01.01.2026;31.12.2026;Friedrich-Hirzebruch-Allee;Poppelsdorf;53115;2;9998;1;9999;;;BZD;Poppelsdorf;BZ;Bonn-Zentrum;B;Bonn;03.02.2026;26.05.2026;02.10.2026
5192;Sperrmüll;01.01.2026;31.12.2026;Heinrich-Lützeler-Str.;Poppelsdorf;53115;2;9998;1;9999;;;BZD;Poppelsdorf;BZ;Bonn-Zentrum;B;Bonn;02.03.2026;18.06.2026;06.11.2026
7461;Sperrmüll;01.01.2026;31.12.2026;Hospitalweg;Poppelsdorf;53115;2;9998;1;9999;;;BZD;Poppelsdorf;BZ;Bonn-Zentrum;B;Bonn;02.03.2026;18.06.2026;06.11.2026
6434;Sperrmüll;01.01.2026;31.12.2026;Im Wingert;Poppelsdorf;53115;2;9998;1;9999;;;BZD;Poppelsdorf;BZ;Bonn-Zentrum;B;Bonn;03.03.2026;17.06.2026;05.11.2026
6605;Sperrmüll;01.01.2026;31.12.2026;Jagdweg;Poppelsdorf;53115;2;32;1;39;;Reuterstr - Sternenburgstr;BZD;Poppelsdorf;BZ;Bonn-Zentrum;B;Bonn;02.03.2026;18.06.2026;06.11.2026
6620;Sperrmüll;01.01.2026;31.12.2026;Jagdweg;Poppelsdorf;53115;34;9998;41;9999;;Sternenburgstr - Rehfuesstr;BZD;Poppelsdorf;BZ;Bonn-Zentrum;B;Bonn;02.03.2026;18.06.2026;06.11.2026
7797;Sperrmüll;01.01.2026;31.12.2026;Karlrobert-Kreiten-Str.;Poppelsdorf;53115;2;9998;1;9999;;;BZD;Poppelsdorf;BZ;Bonn-Zentrum;B;Bonn;03.02.2026;26.05.2026;02.10.2026
7236;Sperrmüll;01.01.2026;31.12.2026;Katzenburgweg;Poppelsdorf;53115;2;9998;1;9999;;;BZD;Poppelsdorf;BZ;Bonn-Zentrum;B;Bonn;03.02.2026;26.05.2026;02.10.2026
7266;Sperrmüll;01.01.2026;31.12.2026;Kekuléstr.;Poppelsdorf;53115;2;9998;1;9999;;;BZD;Poppelsdorf;BZ;Bonn-Zentrum;B;Bonn;02.03.2026;18.06.2026;06.11.2026
7416;Sperrmüll;01.01.2026;31.12.2026;Kirschallee;Poppelsdorf;53115;2;28;1;21;;Reuterstr - Sternenburgstr;BZD;Poppelsdorf;BZ;Bonn-Zentrum;B;Bonn;02.03.2026;18.06.2026;06.11.2026
7431;Sperrmüll;01.01.2026;31.12.2026;Kirschallee;Poppelsdorf;53115;30;9998;23;9999;;Sternenburgstr - Rehfuesstr;BZD;Poppelsdorf;BZ;Bonn-Zentrum;B;Bonn;02.03.2026;18.06.2026;06.11.2026
7947;Sperrmüll;01.01.2026;31.12.2026;Kreuzbergallee;Poppelsdorf;53115;2;9998;1;9999;;;BZD;Poppelsdorf;BZ;Bonn-Zentrum;B;Bonn;03.03.2026;17.06.2026;05.11.2026
7977;Sperrmüll;01.01.2026;31.12.2026;Kreuzbergweg;Poppelsdorf;53115;2;9998;1;9999;;;BZD;Poppelsdorf;BZ;Bonn-Zentrum;B;Bonn;03.02.2026;26.05.2026;02.10.2026
9413;Sperrmüll;01.01.2026;31.12.2026;Mordkapellenpfad;Poppelsdorf;53115;2;9998;1;9999;;;BZD;Poppelsdorf;BZ;Bonn-Zentrum;B;Bonn;03.03.2026;17.06.2026;05.11.2026
9586;Sperrmüll;01.01.2026;31.12.2026;Nachtigallenweg;Poppelsdorf;53115;;;1;3;;Clemens-Augustpl.- Im Wingert;BZD;Poppelsdorf;BZ;Bonn-Zentrum;B;Bonn;03.03.2026;17.06.2026;05.11.2026
9601;Sperrmüll;01.01.2026;31.12.2026;Nachtigallenweg;Poppelsdorf;53115;2;10;5;25;;Im Wingert - Robert-Kochstr;BZD;Poppelsdorf;BZ;Bonn-Zentrum;B;Bonn;03.03.2026;17.06.2026;05.11.2026
9616;Sperrmüll;01.01.2026;31.12.2026;Nachtigallenweg;Poppelsdorf;53127;72;9998;33;9999;;;BZD;Poppelsdorf;BZ;Bonn-Zentrum;B;Bonn;03.03.2026;17.06.2026;05.11.2026
9631;Sperrmüll;01.01.2026;31.12.2026;Nachtigallenweg;Poppelsdorf;53115;12;70;27;31;;Robert-Koch - Robert-Koch;BZD;Poppelsdorf;BZ;Bonn-Zentrum;B;Bonn;03.03.2026;17.06.2026;05.11.2026
9827;Sperrmüll;01.01.2026;31.12.2026;Nußallee;Poppelsdorf;53115;2;9998;1;9999;;;BZD;Poppelsdorf;BZ;Bonn-Zentrum;B;Bonn;03.02.2026;26.05.2026;02.10.2026
10121;Sperrmüll;01.01.2026;31.12.2026;Pfarrer-Hürth-Str.;Poppelsdorf;53115;2;9998;1;9999;;;BZD;Poppelsdorf;BZ;Bonn-Zentrum;B;Bonn;02.03.2026;18.06.2026;06.11.2026
10136;Sperrmüll;01.01.2026;31.12.2026;Poppelsdorfer Platz;Poppelsdorf;53115;2;9998;1;9999;;;BZD;Poppelsdorf;BZ;Bonn-Zentrum;B;Bonn;03.03.2026;17.06.2026;05.11.2026
10609;Sperrmüll;01.01.2026;31.12.2026;Rehfuesstr.;Poppelsdorf;53115;2;4;;;;;BZD;Poppelsdorf;BZ;Bonn-Zentrum;B;Bonn;03.03.2026;17.06.2026;05.11.2026
10624;Sperrmüll;01.01.2026;31.12.2026;Rehfuesstr.;Poppelsdorf;53115;6;9998;1;9999;;;BZD;Poppelsdorf;BZ;Bonn-Zentrum;B;Bonn;02.03.2026;18.06.2026;06.11.2026
11054;Sperrmüll;01.01.2026;31.12.2026;Robert-Koch-Str.;Poppelsdorf;53115;2;8;1;3;;H.Lützelerstr - Im Wingert;BZD;Poppelsdorf;BZ;Bonn-Zentrum;B;Bonn;03.03.2026;17.06.2026;05.11.2026
11069;Sperrmüll;01.01.2026;31.12.2026;Robert-Koch-Str.;Poppelsdorf;53127;80;104;39;41;;Nachtigallenw.-Bodelschwinghw.;BZD;Poppelsdorf;BZ;Bonn-Zentrum;B;Bonn;03.03.2026;17.06.2026;05.11.2026
11084;Sperrmüll;01.01.2026;31.12.2026;Robert-Koch-Str.;Poppelsdorf;53127;106;9998;43;9999;;Bodelschwingweg - Ernst-Abbest;BZD;Poppelsdorf;BZ;Bonn-Zentrum;B;Bonn;03.03.2026;17.06.2026;05.11.2026
42299;Sperrmüll;01.01.2026;31.12.2026;Robert-Koch-Str.;Poppelsdorf;53115;10;78;5;37;;Im Wingert - Nachtigallenweg;BZD;Poppelsdorf;BZ;Bonn-Zentrum;B;Bonn;03.03.2026;17.06.2026;05.11.2026
11464;Sperrmüll;01.01.2026;31.12.2026;Rudolf-Stöcker-Weg;Poppelsdorf;53115;2;9998;1;9999;;;BZD;Poppelsdorf;BZ;Bonn-Zentrum;B;Bonn;03.03.2026;17.06.2026;05.11.2026
11739;Sperrmüll;01.01.2026;31.12.2026;Schmidtbonnstr.;Poppelsdorf;53115;2;9998;1;9999;;;BZD;Poppelsdorf;BZ;Bonn-Zentrum;B;Bonn;03.03.2026;17.06.2026;05.11.2026
11998;Sperrmüll;01.01.2026;31.12.2026;Servitenweg;Poppelsdorf;53115;2;9998;1;9999;;;BZD;Poppelsdorf;BZ;Bonn-Zentrum;B;Bonn;03.03.2026;17.06.2026;05.11.2026
13815;Sperrmüll;01.01.2026;31.12.2026;Sobottaweg;Poppelsdorf;53115;2;9998;1;9999;;;BZD;Poppelsdorf;BZ;Bonn-Zentrum;B;Bonn;03.02.2026;26.05.2026;02.10.2026
12118;Sperrmüll;01.01.2026;31.12.2026;Sternenburgstr.;Poppelsdorf;53115;2;58;1;45;;Clemens-Auguststr.- Jagdweg;BZD;Poppelsdorf;BZ;Bonn-Zentrum;B;Bonn;02.03.2026;18.06.2026;06.11.2026
12133;Sperrmüll;01.01.2026;31.12.2026;Sternenburgstr.;Poppelsdorf;53115;60;9998;47;9999;;Jagdweg - Lotharstr;BZD;Poppelsdorf;BZ;Bonn-Zentrum;B;Bonn;02.03.2026;18.06.2026;06.11.2026
12668;Sperrmüll;01.01.2026;31.12.2026;Troschelstr.;Poppelsdorf;53115;2;9998;1;9999;;;BZD;Poppelsdorf;BZ;Bonn-Zentrum;B;Bonn;02.03.2026;18.06.2026;06.11.2026
13104;Sperrmüll;01.01.2026;31.12.2026;Wallfahrtsweg;Poppelsdorf;53115;2;9998;1;9999;;;BZD;Poppelsdorf;BZ;Bonn-Zentrum;B;Bonn;03.03.2026;17.06.2026;05.11.2026
13195;Sperrmüll;01.01.2026;31.12.2026;Wegelerstr.;Poppelsdorf;53115;2;9998;1;9999;;;BZD;Poppelsdorf;BZ;Bonn-Zentrum;B;Bonn;03.02.2026;26.05.2026;02.10.2026
13377;Sperrmüll;01.01.2026;31.12.2026;Wielsgäßchen;Poppelsdorf;53115;2;9998;1;9999;;;BZD;Poppelsdorf;BZ;Bonn-Zentrum;B;Bonn;02.03.2026;18.06.2026;06.11.2026
13392;Sperrmüll;01.01.2026;31.12.2026;Wielstr.;Poppelsdorf;53115;2;9998;1;9999;;;BZD;Poppelsdorf;BZ;Bonn-Zentrum;B;Bonn;02.02.2026;22.05.2026;05.10.2026
23871;Sperrmüll;01.01.2026;31.12.2026;Adelheidisplatz;Pützchen/Bechlinghoven;53229;2;9998;1;9999;;;BBL;Pützchen/Bechlinghoven;BB;Beuel;B;Bonn;30.04.2026;25.09.2026;22.12.2026
24436;Sperrmüll;01.01.2026;31.12.2026;Alaunbachweg;Pützchen/Bechlinghoven;53229;2;9998;1;9999;;;BBL;Pützchen/Bechlinghoven;BB;Beuel;B;Bonn;30.04.2026;25.09.2026;22.12.2026
23961;Sperrmüll;01.01.2026;31.12.2026;Alte Schulstr.;Pützchen/Bechlinghoven;53229;2;9998;1;9999;;;BBL;Pützchen/Bechlinghoven;BB;Beuel;B;Bonn;27.04.2026;24.09.2026;17.12.2026
24571;Sperrmüll;01.01.2026;31.12.2026;Am Ennertbad;Pützchen/Bechlinghoven;53229;2;9998;1;9999;;;BBL;Pützchen/Bechlinghoven;BB;Beuel;B;Bonn;30.04.2026;25.09.2026;22.12.2026
24051;Sperrmüll;01.01.2026;31.12.2026;Am Herrengarten;Pützchen/Bechlinghoven;53229;2;38;1;35;;Mühlenbachstr - Beulerstr;BBL;Pützchen/Bechlinghoven;BB;Beuel;B;Bonn;21.04.2026;04.09.2026;14.12.2026
24071;Sperrmüll;01.01.2026;31.12.2026;Am Herrengarten;Pützchen/Bechlinghoven;53229;40;74;37;75;;Beulerstr - Richt. Im Ziegelf.;BBL;Pützchen/Bechlinghoven;BB;Beuel;B;Bonn;21.04.2026;04.09.2026;14.12.2026
24086;Sperrmüll;01.01.2026;31.12.2026;Am Herrengarten;Pützchen/Bechlinghoven;53229;76;84;;;;Richtung Im Ziegelfeld;BBL;Pützchen/Bechlinghoven;BB;Beuel;B;Bonn;21.04.2026;04.09.2026;14.12.2026
24101;Sperrmüll;01.01.2026;31.12.2026;Am Herrengarten;Pützchen/Bechlinghoven;53229;86;9998;77;9999;;Richt.Im Ziegelf.-Sieburgerstr;BBL;Pützchen/Bechlinghoven;BB;Beuel;B;Bonn;21.04.2026;04.09.2026;14.12.2026
24116;Sperrmüll;01.01.2026;31.12.2026;Am Herz-Jesu-Kloster;Pützchen/Bechlinghoven;53229;2;9998;1;9999;;;BBL;Pützchen/Bechlinghoven;BB;Beuel;B;Bonn;27.04.2026;24.09.2026;17.12.2026
24751;Sperrmüll;01.01.2026;31.12.2026;Am Karmelkloster;Pützchen/Bechlinghoven;53229;2;9998;1;9999;;;BBL;Pützchen/Bechlinghoven;BB;Beuel;B;Bonn;27.04.2026;24.09.2026;17.12.2026
24131;Sperrmüll;01.01.2026;31.12.2026;Am Knippchen;Pützchen/Bechlinghoven;53229;2;9998;1;9999;;;BBL;Pützchen/Bechlinghoven;BB;Beuel;B;Bonn;30.04.2026;25.09.2026;22.12.2026
24241;Sperrmüll;01.01.2026;31.12.2026;Am Weidenbach;Pützchen/Bechlinghoven;53229;2;18;1;19;;Marktstr - Holzlarer Weg;BBL;Pützchen/Bechlinghoven;BB;Beuel;B;Bonn;27.04.2026;24.09.2026;17.12.2026
24256;Sperrmüll;01.01.2026;31.12.2026;Am Weidenbach;Pützchen/Bechlinghoven;53229;20;9998;21;9999;;Holzlarerweg-Pützchens Chausse;BBL;Pützchen/Bechlinghoven;BB;Beuel;B;Bonn;30.04.2026;25.09.2026;22.12.2026
24586;Sperrmüll;01.01.2026;31.12.2026;An den Hecken;Pützchen/Bechlinghoven;53229;2;9998;1;9999;;;BBL;Pützchen/Bechlinghoven;BB;Beuel;B;Bonn;30.04.2026;25.09.2026;22.12.2026
42209;Sperrmüll;01.01.2026;31.12.2026;Auf den Sauren Wiesen;Pützchen/Bechlinghoven;53229;2;9998;1;9999;;;BBL;Pützchen/Bechlinghoven;BB;Beuel;B;Bonn;30.04.2026;25.09.2026;22.12.2026
24661;Sperrmüll;01.01.2026;31.12.2026;Auf der Steinkaule;Pützchen/Bechlinghoven;53229;2;9998;1;9999;;;BBL;Pützchen/Bechlinghoven;BB;Beuel;B;Bonn;30.04.2026;25.09.2026;22.12.2026
25326;Sperrmüll;01.01.2026;31.12.2026;Blankenbergweg;Pützchen/Bechlinghoven;53229;2;9998;1;9999;;;BBL;Pützchen/Bechlinghoven;BB;Beuel;B;Bonn;27.04.2026;24.09.2026;17.12.2026
25186;Sperrmüll;01.01.2026;31.12.2026;Bröhlweg;Pützchen/Bechlinghoven;53229;2;9998;1;9999;;;BBL;Pützchen/Bechlinghoven;BB;Beuel;B;Bonn;27.04.2026;24.09.2026;17.12.2026
25356;Sperrmüll;01.01.2026;31.12.2026;Brunnenweg;Pützchen/Bechlinghoven;53229;2;9998;1;9999;;;BBL;Pützchen/Bechlinghoven;BB;Beuel;B;Bonn;30.04.2026;25.09.2026;22.12.2026
25876;Sperrmüll;01.01.2026;31.12.2026;Everhardstr.;Pützchen/Bechlinghoven;53229;2;9998;1;9999;;;BBL;Pützchen/Bechlinghoven;BB;Beuel;B;Bonn;27.04.2026;24.09.2026;17.12.2026
42254;Sperrmüll;01.01.2026;31.12.2026;Fränkische Str.;Pützchen/Bechlinghoven;53229;2;9998;1;9999;;;BBL;Pützchen/Bechlinghoven;BB;Beuel;B;Bonn;27.04.2026;24.09.2026;17.12.2026
26086;Sperrmüll;01.01.2026;31.12.2026;Friedenstr.;Pützchen/Bechlinghoven;53229;2;9998;1;9999;;;BBL;Pützchen/Bechlinghoven;BB;Beuel;B;Bonn;27.04.2026;24.09.2026;17.12.2026
26411;Sperrmüll;01.01.2026;31.12.2026;Glückstr.;Pützchen/Bechlinghoven;53229;2;62;1;41;;Müldorferstr - Tennisplatz;BBL;Pützchen/Bechlinghoven;BB;Beuel;B;Bonn;27.04.2026;24.09.2026;17.12.2026
26426;Sperrmüll;01.01.2026;31.12.2026;Glückstr.;Pützchen/Bechlinghoven;53229;64;9998;43;9999;;Tennisplatz - Holzlarer Weg;BBL;Pützchen/Bechlinghoven;BB;Beuel;B;Bonn;30.04.2026;25.09.2026;22.12.2026
26581;Sperrmüll;01.01.2026;31.12.2026;Haberbitze;Pützchen/Bechlinghoven;53229;2;9998;1;9999;;;BBL;Pützchen/Bechlinghoven;BB;Beuel;B;Bonn;27.04.2026;24.09.2026;17.12.2026
28475;Sperrmüll;01.01.2026;31.12.2026;Hasertstr.;Pützchen/Bechlinghoven;53229;2;9998;1;9999;;;BBL;Pützchen/Bechlinghoven;BB;Beuel;B;Bonn;27.04.2026;24.09.2026;17.12.2026
42821;Sperrmüll;01.01.2026;31.12.2026;Hermann-Scheer-Str.;Pützchen/Bechlinghoven;53229;2;9998;1;9999;;;BBL;Pützchen/Bechlinghoven;BB;Beuel;B;Bonn;27.04.2026;24.09.2026;17.12.2026
26831;Sperrmüll;01.01.2026;31.12.2026;Holtorfer Str.;Pützchen/Bechlinghoven;53229;2;9998;1;9999;;;BBL;Pützchen/Bechlinghoven;BB;Beuel;B;Bonn;30.04.2026;25.09.2026;22.12.2026
26861;Sperrmüll;01.01.2026;31.12.2026;Holzlarer Weg;Pützchen/Bechlinghoven;53229;2;74;1;49;;Marktstr - Glückstr;BBL;Pützchen/Bechlinghoven;BB;Beuel;B;Bonn;30.04.2026;25.09.2026;22.12.2026
26881;Sperrmüll;01.01.2026;31.12.2026;Holzlarer Weg;Pützchen/Bechlinghoven;53229;76;9998;51;9999;;Glückstr - Am Rehsprung;BBL;Pützchen/Bechlinghoven;BB;Beuel;B;Bonn;30.04.2026;25.09.2026;22.12.2026
27051;Sperrmüll;01.01.2026;31.12.2026;Im Blankert;Pützchen/Bechlinghoven;53229;2;9998;1;9999;;;BBL;Pützchen/Bechlinghoven;BB;Beuel;B;Bonn;27.04.2026;24.09.2026;17.12.2026
27066;Sperrmüll;01.01.2026;31.12.2026;Im Bonnet;Pützchen/Bechlinghoven;53229;2;9998;1;9999;;;BBL;Pützchen/Bechlinghoven;BB;Beuel;B;Bonn;27.04.2026;24.09.2026;17.12.2026
27186;Sperrmüll;01.01.2026;31.12.2026;Im Thelenpfand;Pützchen/Bechlinghoven;53229;2;9998;1;9999;;;BBL;Pützchen/Bechlinghoven;BB;Beuel;B;Bonn;30.04.2026;25.09.2026;22.12.2026
42836;Sperrmüll;01.01.2026;31.12.2026;Johannis-Hevelius-Str.;Pützchen/Bechlinghoven;53229;2;9998;1;9999;;;BBL;Pützchen/Bechlinghoven;BB;Beuel;B;Bonn;27.04.2026;24.09.2026;17.12.2026
42851;Sperrmüll;01.01.2026;31.12.2026;Julius-von-Haast-Str.;Pützchen/Bechlinghoven;53229;2;9998;1;9999;;;BBL;Pützchen/Bechlinghoven;BB;Beuel;B;Bonn;27.04.2026;24.09.2026;17.12.2026
30746;Sperrmüll;01.01.2026;31.12.2026;Kapitelshof;Pützchen/Bechlinghoven;53229;2;9998;1;9999;;;BBL;Pützchen/Bechlinghoven;BB;Beuel;B;Bonn;27.04.2026;24.09.2026;17.12.2026
27606;Sperrmüll;01.01.2026;31.12.2026;Karmeliterstr.;Pützchen/Bechlinghoven;53229;2;28;1;3;;;BBL;Pützchen/Bechlinghoven;BB;Beuel;B;Bonn;27.04.2026;24.09.2026;17.12.2026
27621;Sperrmüll;01.01.2026;31.12.2026;Karmeliterstr.;Pützchen/Bechlinghoven;53229;56;9998;71;9999;;Friedenstr - Alte Schulstr;BBL;Pützchen/Bechlinghoven;BB;Beuel;B;Bonn;27.04.2026;24.09.2026;17.12.2026
27636;Sperrmüll;01.01.2026;31.12.2026;Karmeliterstr.;Pützchen/Bechlinghoven;53229;;;37;69;;Sackgasse;BBL;Pützchen/Bechlinghoven;BB;Beuel;B;Bonn;27.04.2026;24.09.2026;17.12.2026
27651;Sperrmüll;01.01.2026;31.12.2026;Karmeliterstr.;Pützchen/Bechlinghoven;53229;30;54;5;35;;;BBL;Pützchen/Bechlinghoven;BB;Beuel;B;Bonn;27.04.2026;24.09.2026;17.12.2026
42866;Sperrmüll;01.01.2026;31.12.2026;Maria-Goeppert-Mayer-Str.;Pützchen/Bechlinghoven;53229;2;9998;1;9999;;;BBL;Pützchen/Bechlinghoven;BB;Beuel;B;Bonn;27.04.2026;24.09.2026;17.12.2026
28445;Sperrmüll;01.01.2026;31.12.2026;Marktstr.;Pützchen/Bechlinghoven;53229;2;36;1;43;;Karmeliterstr - Friedenstr;BBL;Pützchen/Bechlinghoven;BB;Beuel;B;Bonn;27.04.2026;24.09.2026;17.12.2026
28460;Sperrmüll;01.01.2026;31.12.2026;Marktstr.;Pützchen/Bechlinghoven;53229;38;82;45;87;;Friedenstr - Everhardstr;BBL;Pützchen/Bechlinghoven;BB;Beuel;B;Bonn;27.04.2026;24.09.2026;17.12.2026
43013;Sperrmüll;01.01.2026;31.12.2026;Marktstr.;Pützchen/Bechlinghoven;53229;84;9998;89;9999;;Everhardstr - Müldorferstr;BBL;Pützchen/Bechlinghoven;BB;Beuel;B;Bonn;27.04.2026;24.09.2026;17.12.2026
42269;Sperrmüll;01.01.2026;31.12.2026;Merowingerstr.;Pützchen/Bechlinghoven;53229;2;9998;1;9999;;;BBL;Pützchen/Bechlinghoven;BB;Beuel;B;Bonn;21.04.2026;04.09.2026;14.12.2026
28574;Sperrmüll;01.01.2026;31.12.2026;Modestusstr.;Pützchen/Bechlinghoven;53229;2;9998;1;9999;;;BBL;Pützchen/Bechlinghoven;BB;Beuel;B;Bonn;30.04.2026;25.09.2026;22.12.2026
24376;Sperrmüll;01.01.2026;31.12.2026;Monheimstr.;Pützchen/Bechlinghoven;53229;2;9998;1;9999;;;BBL;Pützchen/Bechlinghoven;BB;Beuel;B;Bonn;30.04.2026;25.09.2026;22.12.2026
28679;Sperrmüll;01.01.2026;31.12.2026;Mutter-Barat-Str.;Pützchen/Bechlinghoven;53229;2;9998;1;9999;;;BBL;Pützchen/Bechlinghoven;BB;Beuel;B;Bonn;27.04.2026;24.09.2026;17.12.2026
29064;Sperrmüll;01.01.2026;31.12.2026;Pfarrer-Marten-Str.;Pützchen/Bechlinghoven;53229;2;9998;1;9999;;;BBL;Pützchen/Bechlinghoven;BB;Beuel;B;Bonn;27.04.2026;24.09.2026;17.12.2026
30991;Sperrmüll;01.01.2026;31.12.2026;Rhedenstr.;Pützchen/Bechlinghoven;53229;2;9998;1;9999;;;BBL;Pützchen/Bechlinghoven;BB;Beuel;B;Bonn;27.04.2026;24.09.2026;17.12.2026
29825;Sperrmüll;01.01.2026;31.12.2026;Rosenbach;Pützchen/Bechlinghoven;53229;2;40;1;29;;Marktstr - Alaunbachweg;BBL;Pützchen/Bechlinghoven;BB;Beuel;B;Bonn;30.04.2026;25.09.2026;22.12.2026
43228;Sperrmüll;01.01.2026;31.12.2026;Rosenbach;Pützchen/Bechlinghoven;53229;42;9998;31;9999;;Alaunbachweg - Pützchens Chaus;BBL;Pützchen/Bechlinghoven;BB;Beuel;B;Bonn;30.04.2026;25.09.2026;22.12.2026
29855;Sperrmüll;01.01.2026;31.12.2026;Rottlandstr.;Pützchen/Bechlinghoven;53229;2;9998;1;9999;;;BBL;Pützchen/Bechlinghoven;BB;Beuel;B;Bonn;27.04.2026;24.09.2026;17.12.2026
29930;Sperrmüll;01.01.2026;31.12.2026;Sebastianusstr.;Pützchen/Bechlinghoven;53229;2;9998;1;9999;;;BBL;Pützchen/Bechlinghoven;BB;Beuel;B;Bonn;30.04.2026;25.09.2026;22.12.2026
30235;Sperrmüll;01.01.2026;31.12.2026;Stegerwaldstr.;Pützchen/Bechlinghoven;53229;2;9998;1;9999;;;BBL;Pützchen/Bechlinghoven;BB;Beuel;B;Bonn;27.04.2026;24.09.2026;17.12.2026
30401;Sperrmüll;01.01.2026;31.12.2026;Teufelsbachweg;Pützchen/Bechlinghoven;53229;2;9998;1;9999;;;BBL;Pützchen/Bechlinghoven;BB;Beuel;B;Bonn;30.04.2026;25.09.2026;22.12.2026
30551;Sperrmüll;01.01.2026;31.12.2026;Vinzenzstr.;Pützchen/Bechlinghoven;53229;2;9998;1;9999;;;BBL;Pützchen/Bechlinghoven;BB;Beuel;B;Bonn;27.04.2026;24.09.2026;17.12.2026
30566;Sperrmüll;01.01.2026;31.12.2026;Von-Ketteler-Str.;Pützchen/Bechlinghoven;53229;2;30;1;25;;Marktstr - Sackgasse;BBL;Pützchen/Bechlinghoven;BB;Beuel;B;Bonn;27.04.2026;24.09.2026;17.12.2026
30581;Sperrmüll;01.01.2026;31.12.2026;Von-Ketteler-Str.;Pützchen/Bechlinghoven;53229;32;9998;27;9999;;Sackgasse - Karmeliterstr;BBL;Pützchen/Bechlinghoven;BB;Beuel;B;Bonn;27.04.2026;24.09.2026;17.12.2026
30871;Sperrmüll;01.01.2026;31.12.2026;Wilhelm-Flohe-Str.;Pützchen/Bechlinghoven;53229;2;9998;1;9999;;;BBL;Pützchen/Bechlinghoven;BB;Beuel;B;Bonn;27.04.2026;24.09.2026;17.12.2026
26241;Sperrmüll;01.01.2026;31.12.2026;Am Bonner Bogen;Ramersdorf;53227;2;9998;1;9999;;;BBG;Ramersdorf;BB;Beuel;B;Bonn;14.04.2026;16.07.2026;02.12.2026
24006;Sperrmüll;01.01.2026;31.12.2026;Am Bungert;Ramersdorf;53227;2;9998;1;9999;;;BBG;Ramersdorf;BB;Beuel;B;Bonn;14.04.2026;16.07.2026;02.12.2026
26366;Sperrmüll;01.01.2026;31.12.2026;Am Conzberg;Ramersdorf;53227;2;9998;1;9999;;;BBG;Ramersdorf;BB;Beuel;B;Bonn;14.04.2026;16.07.2026;02.12.2026
24226;Sperrmüll;01.01.2026;31.12.2026;Am Trajekt;Ramersdorf;53227;2;9998;1;9999;;;BBG;Ramersdorf;BB;Beuel;B;Bonn;14.04.2026;16.07.2026;02.12.2026
24811;Sperrmüll;01.01.2026;31.12.2026;An der Umkehr;Ramersdorf;53227;2;9998;1;9999;;;BBG;Ramersdorf;BB;Beuel;B;Bonn;14.04.2026;16.07.2026;02.12.2026
26536;Sperrmüll;01.01.2026;31.12.2026;Güßgasse;Ramersdorf;53227;2;9998;1;9999;;;BBG;Ramersdorf;BB;Beuel;B;Bonn;15.04.2026;17.07.2026;08.12.2026
33811;Sperrmüll;01.01.2026;31.12.2026;Heinrich-Konen-Str.;Ramersdorf;53227;2;9998;1;9999;;;BBG;Ramersdorf;BB;Beuel;B;Bonn;14.04.2026;16.07.2026;02.12.2026
33871;Sperrmüll;01.01.2026;31.12.2026;Hermann-Bleibtreu-Ufer;Ramersdorf;53227;2;9998;1;9999;;;BBG;Ramersdorf;BB;Beuel;B;Bonn;14.04.2026;16.07.2026;02.12.2026
26846;Sperrmüll;01.01.2026;31.12.2026;Holzgasse;Ramersdorf;53227;2;9998;1;9999;;;BBG;Ramersdorf;BB;Beuel;B;Bonn;14.04.2026;16.07.2026;02.12.2026
27006;Sperrmüll;01.01.2026;31.12.2026;Im Alten Wingert;Ramersdorf;53227;2;9998;1;9999;;;BBG;Ramersdorf;BB;Beuel;B;Bonn;14.04.2026;16.07.2026;02.12.2026
27516;Sperrmüll;01.01.2026;31.12.2026;Joseph-Schumpeter-Allee;Ramersdorf;53227;2;9998;1;9999;;;BBG;Ramersdorf;BB;Beuel;B;Bonn;14.04.2026;16.07.2026;02.12.2026
27666;Sperrmüll;01.01.2026;31.12.2026;Keltersbachweg;Ramersdorf;53227;2;9998;1;9999;;;BBG;Ramersdorf;BB;Beuel;B;Bonn;14.04.2026;16.07.2026;02.12.2026
28619;Sperrmüll;01.01.2026;31.12.2026;Kommendeweg;Ramersdorf;53227;2;9998;1;9999;;;BBG;Ramersdorf;BB;Beuel;B;Bonn;14.04.2026;16.07.2026;02.12.2026
28055;Sperrmüll;01.01.2026;31.12.2026;Konrad-Zuse-Platz;Ramersdorf;53227;2;9998;1;9999;;;BBG;Ramersdorf;BB;Beuel;B;Bonn;14.04.2026;16.07.2026;02.12.2026
25566;Sperrmüll;01.01.2026;31.12.2026;Kreuzritterstr.;Ramersdorf;53227;2;9998;1;9999;;;BBG;Ramersdorf;BB;Beuel;B;Bonn;14.04.2026;16.07.2026;02.12.2026
28280;Sperrmüll;01.01.2026;31.12.2026;Lindenstr.;Ramersdorf;53227;2;58;1;37;;Rastenweg - Mehlemstr;BBG;Ramersdorf;BB;Beuel;B;Bonn;14.04.2026;16.07.2026;02.12.2026
28295;Sperrmüll;01.01.2026;31.12.2026;Lindenstr.;Ramersdorf;53227;74;9998;45;9999;;Oberkasselerstr-Dornheckenstr;BBG;Ramersdorf;BB;Beuel;B;Bonn;14.04.2026;16.07.2026;02.12.2026
42911;Sperrmüll;01.01.2026;31.12.2026;Lindenstr.;Ramersdorf;53227;60;72;39;43;;Mehlemstr - Oberkasselerstr;BBG;Ramersdorf;BB;Beuel;B;Bonn;14.04.2026;16.07.2026;02.12.2026
28505;Sperrmüll;01.01.2026;31.12.2026;Mehlemstr.;Ramersdorf;53227;2;9998;1;9999;;;BBG;Ramersdorf;BB;Beuel;B;Bonn;14.04.2026;16.07.2026;02.12.2026
33391;Sperrmüll;01.01.2026;31.12.2026;Ober den Erlen;Ramersdorf;53227;2;9998;1;9999;;;BBG;Ramersdorf;BB;Beuel;B;Bonn;13.04.2026;15.07.2026;03.12.2026
26661;Sperrmüll;01.01.2026;31.12.2026;Oberkasseler Str.;Ramersdorf;53227;2;9998;1;9999;;;BBG;Ramersdorf;BB;Beuel;B;Bonn;14.04.2026;16.07.2026;02.12.2026
33451;Sperrmüll;01.01.2026;31.12.2026;Oberkasseler Ufer;Ramersdorf;53227;2;9998;1;9999;;;BBG;Ramersdorf;BB;Beuel;B;Bonn;14.04.2026;16.07.2026;02.12.2026
29340;Sperrmüll;01.01.2026;31.12.2026;Portlandweg;Ramersdorf;53227;2;9998;1;9999;;;BBG;Ramersdorf;BB;Beuel;B;Bonn;14.04.2026;16.07.2026;02.12.2026
29385;Sperrmüll;01.01.2026;31.12.2026;Rastenweg;Ramersdorf;53227;2;18;1;15;;Gerichtsweg - Königswintererst;BBG;Ramersdorf;BB;Beuel;B;Bonn;14.04.2026;16.07.2026;02.12.2026
29400;Sperrmüll;01.01.2026;31.12.2026;Rastenweg;Ramersdorf;53227;20;9998;17;9999;;Königswintererstr - Ende;BBG;Ramersdorf;BB;Beuel;B;Bonn;14.04.2026;16.07.2026;02.12.2026
29700;Sperrmüll;01.01.2026;31.12.2026;Rheinwerkallee;Ramersdorf;53227;2;9998;1;9999;;;BBG;Ramersdorf;BB;Beuel;B;Bonn;14.04.2026;16.07.2026;02.12.2026
30130;Sperrmüll;01.01.2026;31.12.2026;Schießbergweg;Ramersdorf;53227;2;9998;1;9999;;;BBG;Ramersdorf;BB;Beuel;B;Bonn;15.04.2026;17.07.2026;08.12.2026
30686;Sperrmüll;01.01.2026;31.12.2026;Weidenweg;Ramersdorf;53227;2;9998;1;9999;;;BBG;Ramersdorf;BB;Beuel;B;Bonn;14.04.2026;16.07.2026;02.12.2026
33916;Sperrmüll;01.01.2026;31.12.2026;Am Alten Forsthaus;Röttgen;53125;2;9998;1;9999;;;BHF;Röttgen;BH;Hardtberg;B;Bonn;26.02.2026;15.06.2026;03.11.2026
34126;Sperrmüll;01.01.2026;31.12.2026;Am Bogen;Röttgen;53125;2;9998;1;9999;;;BHF;Röttgen;BH;Hardtberg;B;Bonn;25.02.2026;12.06.2026;02.11.2026
34231;Sperrmüll;01.01.2026;31.12.2026;Am Bungertsbusch;Röttgen;53125;2;9998;1;9999;;;BHF;Röttgen;BH;Hardtberg;B;Bonn;26.02.2026;15.06.2026;03.11.2026
34311;Sperrmüll;01.01.2026;31.12.2026;Am Hölder;Röttgen;53125;2;9998;1;9999;;;BHF;Röttgen;BH;Hardtberg;B;Bonn;25.02.2026;12.06.2026;02.11.2026
33886;Sperrmüll;01.01.2026;31.12.2026;Am Katzenlochbach;Röttgen;53125;2;9998;1;9999;;;BHF;Röttgen;BH;Hardtberg;B;Bonn;26.02.2026;15.06.2026;03.11.2026
33931;Sperrmüll;01.01.2026;31.12.2026;Am Kottenforst;Röttgen;53125;2;9998;1;9999;;;BHF;Röttgen;BH;Hardtberg;B;Bonn;26.02.2026;15.06.2026;03.11.2026
33946;Sperrmüll;01.01.2026;31.12.2026;Am Schloßbach;Röttgen;53125;2;9998;1;9999;;;BHF;Röttgen;BH;Hardtberg;B;Bonn;25.02.2026;12.06.2026;02.11.2026
34556;Sperrmüll;01.01.2026;31.12.2026;Am Schloßplatz;Röttgen;53125;2;9998;1;9999;;;BHF;Röttgen;BH;Hardtberg;B;Bonn;25.02.2026;12.06.2026;02.11.2026
33961;Sperrmüll;01.01.2026;31.12.2026;Am Vogelherd;Röttgen;53125;2;9998;1;9999;;;BHF;Röttgen;BH;Hardtberg;B;Bonn;25.02.2026;12.06.2026;02.11.2026
34036;Sperrmüll;01.01.2026;31.12.2026;An den Buchen;Röttgen;53125;2;9998;1;9999;;;BHF;Röttgen;BH;Hardtberg;B;Bonn;26.02.2026;15.06.2026;03.11.2026
34066;Sperrmüll;01.01.2026;31.12.2026;An den Eichen;Röttgen;53125;2;9998;1;9999;;;BHF;Röttgen;BH;Hardtberg;B;Bonn;26.02.2026;15.06.2026;03.11.2026
34401;Sperrmüll;01.01.2026;31.12.2026;An den Kiefern;Röttgen;53125;2;9998;1;9999;;;BHF;Röttgen;BH;Hardtberg;B;Bonn;26.02.2026;15.06.2026;03.11.2026
34416;Sperrmüll;01.01.2026;31.12.2026;Auf dem Kirchweg;Röttgen;53125;2;9998;1;9999;;;BHF;Röttgen;BH;Hardtberg;B;Bonn;25.02.2026;12.06.2026;02.11.2026
34631;Sperrmüll;01.01.2026;31.12.2026;Auf dem Rabenplatz;Röttgen;53125;2;9998;1;9999;;;BHF;Röttgen;BH;Hardtberg;B;Bonn;26.02.2026;15.06.2026;03.11.2026
33976;Sperrmüll;01.01.2026;31.12.2026;Auf der Bitzen;Röttgen;53125;2;9998;1;9999;;;BHF;Röttgen;BH;Hardtberg;B;Bonn;26.02.2026;15.06.2026;03.11.2026
33991;Sperrmüll;01.01.2026;31.12.2026;Auf der Heide;Röttgen;53125;2;9998;1;9999;;;BHF;Röttgen;BH;Hardtberg;B;Bonn;25.02.2026;12.06.2026;02.11.2026
34006;Sperrmüll;01.01.2026;31.12.2026;Birkenweg;Röttgen;53125;2;9998;1;9999;;;BHF;Röttgen;BH;Hardtberg;B;Bonn;26.02.2026;15.06.2026;03.11.2026
34021;Sperrmüll;01.01.2026;31.12.2026;Blumenstr.;Röttgen;53125;2;9998;1;9999;;;BHF;Röttgen;BH;Hardtberg;B;Bonn;25.02.2026;12.06.2026;02.11.2026
34831;Sperrmüll;01.01.2026;31.12.2026;Clementiaweg;Röttgen;53125;2;9998;1;9999;;;BHF;Röttgen;BH;Hardtberg;B;Bonn;25.02.2026;12.06.2026;02.11.2026
34051;Sperrmüll;01.01.2026;31.12.2026;Dorfstr.;Röttgen;53125;2;9998;1;9999;;;BHF;Röttgen;BH;Hardtberg;B;Bonn;26.02.2026;15.06.2026;03.11.2026
42089;Sperrmüll;01.01.2026;31.12.2026;Elisabeth-Schwarzhaupt-Str.;Röttgen;53125;2;9998;1;9999;;;BHF;Röttgen;BH;Hardtberg;B;Bonn;25.02.2026;12.06.2026;02.11.2026
34081;Sperrmüll;01.01.2026;31.12.2026;Falkenweg;Röttgen;53125;2;9998;1;9999;;;BHF;Röttgen;BH;Hardtberg;B;Bonn;25.02.2026;12.06.2026;02.11.2026
34111;Sperrmüll;01.01.2026;31.12.2026;Fichtenweg;Röttgen;53125;2;9998;1;9999;;;BHF;Röttgen;BH;Hardtberg;B;Bonn;26.02.2026;15.06.2026;03.11.2026
34141;Sperrmüll;01.01.2026;31.12.2026;Flerzheimer Allee;Röttgen;53125;2;9998;1;9999;;;BHF;Röttgen;BH;Hardtberg;B;Bonn;25.02.2026;12.06.2026;02.11.2026
34156;Sperrmüll;01.01.2026;31.12.2026;Forststr.;Röttgen;53125;2;9998;1;9999;;;BHF;Röttgen;BH;Hardtberg;B;Bonn;25.02.2026;12.06.2026;02.11.2026
42029;Sperrmüll;01.01.2026;31.12.2026;Frieda-Nadig-Str.;Röttgen;53125;2;9998;1;9999;;;BHF;Röttgen;BH;Hardtberg;B;Bonn;25.02.2026;12.06.2026;02.11.2026
42059;Sperrmüll;01.01.2026;31.12.2026;Hedwig-Dransfeld-Str.;Röttgen;53125;2;9998;1;9999;;;BHF;Röttgen;BH;Hardtberg;B;Bonn;25.02.2026;12.06.2026;02.11.2026
34201;Sperrmüll;01.01.2026;31.12.2026;Heidegartenstr.;Röttgen;53125;2;9998;1;9999;;;BHF;Röttgen;BH;Hardtberg;B;Bonn;25.02.2026;12.06.2026;02.11.2026
34216;Sperrmüll;01.01.2026;31.12.2026;Heidgesallee;Röttgen;53125;2;9998;1;9999;;;BHF;Röttgen;BH;Hardtberg;B;Bonn;25.02.2026;12.06.2026;02.11.2026
42044;Sperrmüll;01.01.2026;31.12.2026;Helene-Wessel-Str.;Röttgen;53125;2;9998;1;9999;;;BHF;Röttgen;BH;Hardtberg;B;Bonn;25.02.2026;12.06.2026;02.11.2026
34246;Sperrmüll;01.01.2026;31.12.2026;Herzogsfreudenweg;Röttgen;53125;2;20;1;21;;Reichsstr - Witterschlicker.A;BHF;Röttgen;BH;Hardtberg;B;Bonn;25.02.2026;12.06.2026;02.11.2026
34266;Sperrmüll;01.01.2026;31.12.2026;Herzogsfreudenweg;Röttgen;53125;22;9998;23;9999;;Witterschlickerallee - Ende;BHF;Röttgen;BH;Hardtberg;B;Bonn;25.02.2026;12.06.2026;02.11.2026
42074;Sperrmüll;01.01.2026;31.12.2026;Hildegard-Wegscheider-Str.;Röttgen;53125;2;9998;1;9999;;;BHF;Röttgen;BH;Hardtberg;B;Bonn;25.02.2026;12.06.2026;02.11.2026
34281;Sperrmüll;01.01.2026;31.12.2026;Hobsweg;Röttgen;53125;2;84;1;75;;Reichsstr - A.d.Rabenplatz;BHF;Röttgen;BH;Hardtberg;B;Bonn;26.02.2026;15.06.2026;03.11.2026
34296;Sperrmüll;01.01.2026;31.12.2026;Hobsweg;Röttgen;53125;86;9998;77;9999;;Auf dem Rabenplatz - Ende;BHF;Röttgen;BH;Hardtberg;B;Bonn;26.02.2026;15.06.2026;03.11.2026
34326;Sperrmüll;01.01.2026;31.12.2026;Hubertusallee;Röttgen;53125;2;9998;1;9999;;;BHF;Röttgen;BH;Hardtberg;B;Bonn;25.02.2026;12.06.2026;02.11.2026
34341;Sperrmüll;01.01.2026;31.12.2026;Im Herrngarten;Röttgen;53125;2;9998;1;9999;;;BHF;Röttgen;BH;Hardtberg;B;Bonn;26.02.2026;15.06.2026;03.11.2026
34186;Sperrmüll;01.01.2026;31.12.2026;Im Jagdfeld;Röttgen;53125;2;9998;1;9999;;;BHF;Röttgen;BH;Hardtberg;B;Bonn;26.02.2026;15.06.2026;03.11.2026
35346;Sperrmüll;01.01.2026;31.12.2026;Im Jonengarten;Röttgen;53125;2;9998;1;9999;;;BHF;Röttgen;BH;Hardtberg;B;Bonn;26.02.2026;15.06.2026;03.11.2026
34511;Sperrmüll;01.01.2026;31.12.2026;Im Pützfeld;Röttgen;53125;2;9998;1;9999;;;BHF;Röttgen;BH;Hardtberg;B;Bonn;26.02.2026;15.06.2026;03.11.2026
34616;Sperrmüll;01.01.2026;31.12.2026;Im Wolfsgraben;Röttgen;53125;2;9998;1;9999;;;BHF;Röttgen;BH;Hardtberg;B;Bonn;25.02.2026;12.06.2026;02.11.2026
34356;Sperrmüll;01.01.2026;31.12.2026;In der Wehrhecke;Röttgen;53125;2;9998;1;9999;;;BHF;Röttgen;BH;Hardtberg;B;Bonn;26.02.2026;15.06.2026;03.11.2026
34386;Sperrmüll;01.01.2026;31.12.2026;Jägerstr.;Röttgen;53125;2;9998;1;9999;;;BHF;Röttgen;BH;Hardtberg;B;Bonn;25.02.2026;12.06.2026;02.11.2026
35376;Sperrmüll;01.01.2026;31.12.2026;Karl-Meisen-Weg;Röttgen;53125;2;9998;1;9999;;;BHF;Röttgen;BH;Hardtberg;B;Bonn;26.02.2026;15.06.2026;03.11.2026
7962;Sperrmüll;01.01.2026;31.12.2026;Kreuzberger Allee;Röttgen;53125;2;9998;1;9999;;;BHF;Röttgen;BH;Hardtberg;B;Bonn;26.02.2026;15.06.2026;03.11.2026
34451;Sperrmüll;01.01.2026;31.12.2026;Kurfürstenplatz;Röttgen;53125;2;9998;1;9999;;;BHF;Röttgen;BH;Hardtberg;B;Bonn;25.02.2026;12.06.2026;02.11.2026
34466;Sperrmüll;01.01.2026;31.12.2026;Lindenweg;Röttgen;53125;2;9998;1;9999;;;BHF;Röttgen;BH;Hardtberg;B;Bonn;26.02.2026;15.06.2026;03.11.2026
41999;Sperrmüll;01.01.2026;31.12.2026;Marie-Elisabeth-Lüders-Str.;Röttgen;53125;2;9998;1;9999;;;BHF;Röttgen;BH;Hardtberg;B;Bonn;25.02.2026;12.06.2026;02.11.2026
34496;Sperrmüll;01.01.2026;31.12.2026;Merler Allee;Röttgen;53125;2;9998;1;9999;;;BHF;Röttgen;BH;Hardtberg;B;Bonn;26.02.2026;15.06.2026;03.11.2026
34526;Sperrmüll;01.01.2026;31.12.2026;Reichsstr.;Röttgen;53125;2;46;1;41;;Röttgenerst-Witterschlicker.A;BHF;Röttgen;BH;Hardtberg;B;Bonn;26.02.2026;15.06.2026;03.11.2026
34541;Sperrmüll;01.01.2026;31.12.2026;Reichsstr.;Röttgen;53125;48;68;43;55;;Witterschlickera.- Herzogfr.;BHF;Röttgen;BH;Hardtberg;B;Bonn;25.02.2026;12.06.2026;02.11.2026
43078;Sperrmüll;01.01.2026;31.12.2026;Reichsstr.;Röttgen;53125;70;9998;57;9999;;Herzogfreudenweg - Ende;BHF;Röttgen;BH;Hardtberg;B;Bonn;25.02.2026;12.06.2026;02.11.2026
34661;Sperrmüll;01.01.2026;31.12.2026;Rulandsweg;Röttgen;53125;2;9998;1;9999;;;BHF;Röttgen;BH;Hardtberg;B;Bonn;26.02.2026;15.06.2026;03.11.2026
34646;Sperrmüll;01.01.2026;31.12.2026;Schloßplatz;Röttgen;53125;2;9998;1;9999;;;BHF;Röttgen;BH;Hardtberg;B;Bonn;26.02.2026;15.06.2026;03.11.2026
34571;Sperrmüll;01.01.2026;31.12.2026;Schönwaldhaus;Röttgen;53125;2;9998;1;9999;;;BHF;Röttgen;BH;Hardtberg;B;Bonn;26.02.2026;15.06.2026;03.11.2026
35161;Sperrmüll;01.01.2026;31.12.2026;Sperberweg;Röttgen;53125;2;9998;1;9999;;;BHF;Röttgen;BH;Hardtberg;B;Bonn;25.02.2026;12.06.2026;02.11.2026
42014;Sperrmüll;01.01.2026;31.12.2026;Susanne-Miller-Str.;Röttgen;53125;2;9998;1;9999;;;BHF;Röttgen;BH;Hardtberg;B;Bonn;25.02.2026;12.06.2026;02.11.2026
34586;Sperrmüll;01.01.2026;31.12.2026;Tannenweg;Röttgen;53125;2;9998;1;9999;;;BHF;Röttgen;BH;Hardtberg;B;Bonn;26.02.2026;15.06.2026;03.11.2026
34481;Sperrmüll;01.01.2026;31.12.2026;Venantiusstr.;Röttgen;53125;2;9998;1;9999;;;BHF;Röttgen;BH;Hardtberg;B;Bonn;25.02.2026;12.06.2026;02.11.2026
34601;Sperrmüll;01.01.2026;31.12.2026;Villiper Allee;Röttgen;53125;2;9998;1;9999;;;BHF;Röttgen;BH;Hardtberg;B;Bonn;26.02.2026;15.06.2026;03.11.2026
34096;Sperrmüll;01.01.2026;31.12.2026;Wachtelweg;Röttgen;53125;2;9998;1;9999;;;BHF;Röttgen;BH;Hardtberg;B;Bonn;25.02.2026;12.06.2026;02.11.2026
35361;Sperrmüll;01.01.2026;31.12.2026;Wilhelm-Kerp-Str.;Röttgen;53125;2;9998;1;9999;;;BHF;Röttgen;BH;Hardtberg;B;Bonn;26.02.2026;15.06.2026;03.11.2026
38929;Sperrmüll;01.01.2026;31.12.2026;Witterschlicker Allee;Röttgen;53125;102;9998;103;9999;;Röttgen;BHG;Duisdorf;BH;Hardtberg;B;Bonn;25.02.2026;12.06.2026;02.11.2026
33901;Sperrmüll;01.01.2026;31.12.2026;Zedernweg;Röttgen;53125;2;9998;1;9999;;;BHF;Röttgen;BH;Hardtberg;B;Bonn;26.02.2026;15.06.2026;03.11.2026
23331;Sperrmüll;01.01.2026;31.12.2026;Am Erdbeerfeld;Rüngsdorf;53179;2;9998;1;9999;;;BGH;Rüngsdorf;BG;Bad Godesberg;B;Bonn;23.03.2026;08.07.2026;26.11.2026
14085;Sperrmüll;01.01.2026;31.12.2026;Am Finkenherd;Rüngsdorf;53179;2;9998;1;9999;;;BGH;Rüngsdorf;BG;Bad Godesberg;B;Bonn;20.03.2026;07.07.2026;25.11.2026
14175;Sperrmüll;01.01.2026;31.12.2026;Am Rheinblick;Rüngsdorf;53179;2;9998;1;9999;;;BGH;Rüngsdorf;BG;Bad Godesberg;B;Bonn;20.03.2026;07.07.2026;25.11.2026
14220;Sperrmüll;01.01.2026;31.12.2026;Am Schwimmbad;Rüngsdorf;53179;2;9998;1;9999;;;BGH;Rüngsdorf;BG;Bad Godesberg;B;Bonn;24.03.2026;09.07.2026;27.11.2026
23406;Sperrmüll;01.01.2026;31.12.2026;An der Marienkapelle;Rüngsdorf;53179;2;9998;1;9999;;;BGH;Rüngsdorf;BG;Bad Godesberg;B;Bonn;24.03.2026;09.07.2026;27.11.2026
14360;Sperrmüll;01.01.2026;31.12.2026;Andreasstr.;Rüngsdorf;53179;2;32;1;15;;Rheinstr - Kapellenweg;BGH;Rüngsdorf;BG;Bad Godesberg;B;Bonn;24.03.2026;09.07.2026;27.11.2026
14375;Sperrmüll;01.01.2026;31.12.2026;Andreasstr.;Rüngsdorf;53179;34;9998;17;9999;;Kapellenweg - Gutenbergallee;BGH;Rüngsdorf;BG;Bad Godesberg;B;Bonn;24.03.2026;09.07.2026;27.11.2026
19056;Sperrmüll;01.01.2026;31.12.2026;Basteistr.;Rüngsdorf;53173;14;68;15;75;;Heisterbachstr - Fontanenstr;BGH;Rüngsdorf;BG;Bad Godesberg;B;Bonn;24.03.2026;09.07.2026;27.11.2026
19071;Sperrmüll;01.01.2026;31.12.2026;Basteistr.;Rüngsdorf;53173;70;9998;77;9999;;Fontanenstr - Rheinallee;BGH;Rüngsdorf;BG;Bad Godesberg;B;Bonn;24.03.2026;09.07.2026;27.11.2026
19086;Sperrmüll;01.01.2026;31.12.2026;Basteistr.;Rüngsdorf;53179;2;12;1;13;;Rheinstr - Heisterbachstr;BGH;Rüngsdorf;BG;Bad Godesberg;B;Bonn;24.03.2026;09.07.2026;27.11.2026
42599;Sperrmüll;01.01.2026;31.12.2026;Beckers Garten;Rüngsdorf;53173;2;9998;1;9999;;;BGH;Rüngsdorf;BG;Bad Godesberg;B;Bonn;24.03.2026;09.07.2026;27.11.2026
14985;Sperrmüll;01.01.2026;31.12.2026;Bismarckallee;Rüngsdorf;53173;2;9998;1;9999;;;BGH;Rüngsdorf;BG;Bad Godesberg;B;Bonn;24.03.2026;09.07.2026;27.11.2026
15015;Sperrmüll;01.01.2026;31.12.2026;Blumenaustr.;Rüngsdorf;53179;2;9998;1;9999;;;BGH;Rüngsdorf;BG;Bad Godesberg;B;Bonn;24.03.2026;09.07.2026;27.11.2026
15335;Sperrmüll;01.01.2026;31.12.2026;Camphausenallee;Rüngsdorf;53173;2;9998;1;9999;;;BGH;Rüngsdorf;BG;Bad Godesberg;B;Bonn;24.03.2026;09.07.2026;27.11.2026
15320;Sperrmüll;01.01.2026;31.12.2026;Cäsariusstr.;Rüngsdorf;53173;2;9998;1;9999;;;BGH;Rüngsdorf;BG;Bad Godesberg;B;Bonn;24.03.2026;09.07.2026;27.11.2026
21236;Sperrmüll;01.01.2026;31.12.2026;Clara-Wieck-Str.;Rüngsdorf;53179;2;9998;1;9999;;;BGH;Rüngsdorf;BG;Bad Godesberg;B;Bonn;24.02.2026;10.07.2026;16.12.2026
15455;Sperrmüll;01.01.2026;31.12.2026;Deichmanns Aue;Rüngsdorf;53179;2;9998;1;9999;1, 3, 5, 7;;BGH;Rüngsdorf;BG;Bad Godesberg;B;Bonn;20.03.2026;07.07.2026;25.11.2026
44002;Sperrmüll;01.01.2026;31.12.2026;Deichmanns Aue;Rüngsdorf;53179;;;;;;;BGH;Rüngsdorf;BG;Bad Godesberg;B;Bonn;20.03.2026;07.07.2026;25.11.2026
16005;Sperrmüll;01.01.2026;31.12.2026;Fasanenstr.;Rüngsdorf;53179;2;30;1;25;;Wendelstadtallee-Am Finkenherd;BGH;Rüngsdorf;BG;Bad Godesberg;B;Bonn;20.03.2026;07.07.2026;25.11.2026
16020;Sperrmüll;01.01.2026;31.12.2026;Fasanenstr.;Rüngsdorf;53179;;;;;;;BGH;Rüngsdorf;BG;Bad Godesberg;B;Bonn;20.03.2026;07.07.2026;25.11.2026
16035;Sperrmüll;01.01.2026;31.12.2026;Fasanenstr.;Rüngsdorf;53179;32;9998;27;9999;33;Am Frankenherd - Tannenalllee;BGH;Rüngsdorf;BG;Bad Godesberg;B;Bonn;20.03.2026;07.07.2026;25.11.2026
15000;Sperrmüll;01.01.2026;31.12.2026;Fontanestr.;Rüngsdorf;53173;2;9998;1;9999;;;BGH;Rüngsdorf;BG;Bad Godesberg;B;Bonn;24.03.2026;09.07.2026;27.11.2026
16430;Sperrmüll;01.01.2026;31.12.2026;Gerhard-Rohlfs-Str.;Rüngsdorf;53173;2;9998;1;9999;;;BGH;Rüngsdorf;BG;Bad Godesberg;B;Bonn;24.03.2026;09.07.2026;27.11.2026
23751;Sperrmüll;01.01.2026;31.12.2026;Godesberger Hof;Rüngsdorf;53173;2;9998;1;9999;;;BGH;Rüngsdorf;BG;Bad Godesberg;B;Bonn;24.03.2026;09.07.2026;27.11.2026
16810;Sperrmüll;01.01.2026;31.12.2026;Gutenbergallee;Rüngsdorf;53179;2;9998;1;9999;;;BGH;Rüngsdorf;BG;Bad Godesberg;B;Bonn;24.03.2026;09.07.2026;27.11.2026
17090;Sperrmüll;01.01.2026;31.12.2026;Heisterbachstr.;Rüngsdorf;53173;2;9998;1;9999;;;BGH;Rüngsdorf;BG;Bad Godesberg;B;Bonn;24.03.2026;09.07.2026;27.11.2026
17595;Sperrmüll;01.01.2026;31.12.2026;Im Meisengarten;Rüngsdorf;53179;2;30;1;13;;Tannenallee - Sackgasse;BGH;Rüngsdorf;BG;Bad Godesberg;B;Bonn;20.03.2026;07.07.2026;25.11.2026
17610;Sperrmüll;01.01.2026;31.12.2026;Im Meisengarten;Rüngsdorf;53179;;;15;37;;Sackgasse;BGH;Rüngsdorf;BG;Bad Godesberg;B;Bonn;20.03.2026;07.07.2026;25.11.2026
17625;Sperrmüll;01.01.2026;31.12.2026;Im Meisengarten;Rüngsdorf;53179;32;9998;39;9999;;Sackgasse - Austr;BGH;Rüngsdorf;BG;Bad Godesberg;B;Bonn;20.03.2026;07.07.2026;25.11.2026
17955;Sperrmüll;01.01.2026;31.12.2026;Kapellenweg;Rüngsdorf;53179;2;18;1;21;;Rolandstr - Konstantinstr;BGH;Rüngsdorf;BG;Bad Godesberg;B;Bonn;24.03.2026;09.07.2026;27.11.2026
17970;Sperrmüll;01.01.2026;31.12.2026;Kapellenweg;Rüngsdorf;53179;20;9998;23;9999;;Konstantinstr - Seufertstr;BGH;Rüngsdorf;BG;Bad Godesberg;B;Bonn;23.03.2026;08.07.2026;26.11.2026
17985;Sperrmüll;01.01.2026;31.12.2026;Karl-Finkelnburg-Str.;Rüngsdorf;53173;2;28;1;27;;Konstantinstr-Bismarckallee;BGH;Rüngsdorf;BG;Bad Godesberg;B;Bonn;24.03.2026;09.07.2026;27.11.2026
18000;Sperrmüll;01.01.2026;31.12.2026;Karl-Finkelnburg-Str.;Rüngsdorf;53173;30;9998;29;9999;;Bismarckallee-Seufertstr;BGH;Rüngsdorf;BG;Bad Godesberg;B;Bonn;24.03.2026;09.07.2026;27.11.2026
16960;Sperrmüll;01.01.2026;31.12.2026;Konstantinstr.;Rüngsdorf;53179;2;64;1;45;;Römerplatz - Kapellenweg;BGH;Rüngsdorf;BG;Bad Godesberg;B;Bonn;24.03.2026;09.07.2026;27.11.2026
16980;Sperrmüll;01.01.2026;31.12.2026;Konstantinstr.;Rüngsdorf;53179;90;9998;85;121;;Wendelstadt.A - Deichmanns.Aue;BGH;Rüngsdorf;BG;Bad Godesberg;B;Bonn;23.03.2026;08.07.2026;26.11.2026
16995;Sperrmüll;01.01.2026;31.12.2026;Konstantinstr.;Rüngsdorf;53179;66;88;47;83;;Kapellenweg - Wendelstadtallee;BGH;Rüngsdorf;BG;Bad Godesberg;B;Bonn;23.03.2026;08.07.2026;26.11.2026
43987;Sperrmüll;01.01.2026;31.12.2026;Konstantinstr.;Rüngsdorf;53179;;;123;9999;;Wendelstadt.A - Deichmanns.Aue;BGH;Rüngsdorf;BG;Bad Godesberg;B;Bonn;23.03.2026;08.07.2026;26.11.2026
18979;Sperrmüll;01.01.2026;31.12.2026;Lindenallee;Rüngsdorf;53173;2;9998;1;9999;;;BGH;Rüngsdorf;BG;Bad Godesberg;B;Bonn;24.03.2026;09.07.2026;27.11.2026
20631;Sperrmüll;01.01.2026;31.12.2026;Lortzingstr.;Rüngsdorf;53179;2;9998;1;9999;;;BGH;Rüngsdorf;BG;Bad Godesberg;B;Bonn;24.03.2026;09.07.2026;27.11.2026
23436;Sperrmüll;01.01.2026;31.12.2026;Ludwig-Erhard-Platz;Rüngsdorf;53179;2;9998;1;9999;;;BGH;Rüngsdorf;BG;Bad Godesberg;B;Bonn;23.03.2026;08.07.2026;26.11.2026
21176;Sperrmüll;01.01.2026;31.12.2026;Mendelssohnstr.;Rüngsdorf;53179;2;9998;1;9999;;;BGH;Rüngsdorf;BG;Bad Godesberg;B;Bonn;23.03.2026;08.07.2026;26.11.2026
19771;Sperrmüll;01.01.2026;31.12.2026;Nachtigallenstr.;Rüngsdorf;53179;2;9998;1;9999;;;BGH;Rüngsdorf;BG;Bad Godesberg;B;Bonn;20.03.2026;07.07.2026;25.11.2026
16945;Sperrmüll;01.01.2026;31.12.2026;Offenbachstr.;Rüngsdorf;53173;2;9998;1;9999;;;BGH;Rüngsdorf;BG;Bad Godesberg;B;Bonn;24.03.2026;09.07.2026;27.11.2026
20056;Sperrmüll;01.01.2026;31.12.2026;Panoramaplatz;Rüngsdorf;53173;2;9998;1;9999;;;BGH;Rüngsdorf;BG;Bad Godesberg;B;Bonn;24.03.2026;09.07.2026;27.11.2026
15930;Sperrmüll;01.01.2026;31.12.2026;Professor-Dennert-Str.;Rüngsdorf;53173;2;9998;1;9999;;;BGH;Rüngsdorf;BG;Bad Godesberg;B;Bonn;24.03.2026;09.07.2026;27.11.2026
20521;Sperrmüll;01.01.2026;31.12.2026;Rheinstr.;Rüngsdorf;53179;2;22;1;31;;Heisterbacherstr - Rolandstr;BGH;Rüngsdorf;BG;Bad Godesberg;B;Bonn;24.03.2026;09.07.2026;27.11.2026
20541;Sperrmüll;01.01.2026;31.12.2026;Rheinstr.;Rüngsdorf;53179;84;9998;77;9999;;Am Schwimmbad - Ende;BGH;Rüngsdorf;BG;Bad Godesberg;B;Bonn;24.03.2026;09.07.2026;27.11.2026
20556;Sperrmüll;01.01.2026;31.12.2026;Rheinstr.;Rüngsdorf;53179;24;82;33;75;;Rolandstr - Am Schwimmbad;BGH;Rüngsdorf;BG;Bad Godesberg;B;Bonn;24.03.2026;09.07.2026;27.11.2026
20826;Sperrmüll;01.01.2026;31.12.2026;Rolandstr.;Rüngsdorf;53179;2;36;1;25;;Rheinstr - Kapellenweg;BGH;Rüngsdorf;BG;Bad Godesberg;B;Bonn;24.03.2026;09.07.2026;27.11.2026
20841;Sperrmüll;01.01.2026;31.12.2026;Rolandstr.;Rüngsdorf;53179;38;9998;27;9999;;Kapellenweg - Wendelstadtallee;BGH;Rüngsdorf;BG;Bad Godesberg;B;Bonn;24.03.2026;09.07.2026;27.11.2026
20736;Sperrmüll;01.01.2026;31.12.2026;Römerplatz;Rüngsdorf;53173;2;4;1;3;;;BGH;Rüngsdorf;BG;Bad Godesberg;B;Bonn;24.03.2026;09.07.2026;27.11.2026
20751;Sperrmüll;01.01.2026;31.12.2026;Römerplatz;Rüngsdorf;53179;6;8;5;7;;;BGH;Rüngsdorf;BG;Bad Godesberg;B;Bonn;24.03.2026;09.07.2026;27.11.2026
20766;Sperrmüll;01.01.2026;31.12.2026;Römerplatz;Rüngsdorf;53173;10;9998;9;9999;;;BGH;Rüngsdorf;BG;Bad Godesberg;B;Bonn;24.03.2026;09.07.2026;27.11.2026
21251;Sperrmüll;01.01.2026;31.12.2026;Schwannstr.;Rüngsdorf;53179;2;9998;1;9999;;;BGH;Rüngsdorf;BG;Bad Godesberg;B;Bonn;24.03.2026;09.07.2026;27.11.2026
21281;Sperrmüll;01.01.2026;31.12.2026;Sedanstr.;Rüngsdorf;53173;2;8;1;11;8B, 8C;Kronprinzenstr - Ubierstr;BGH;Rüngsdorf;BG;Bad Godesberg;B;Bonn;24.03.2026;09.07.2026;27.11.2026
21296;Sperrmüll;01.01.2026;31.12.2026;Sedanstr.;Rüngsdorf;53173;10;9998;13;9999;;Ubierstr - Basteistr;BGH;Rüngsdorf;BG;Bad Godesberg;B;Bonn;24.03.2026;09.07.2026;27.11.2026
21410;Sperrmüll;01.01.2026;31.12.2026;Seufertstr.;Rüngsdorf;53173;2;9998;1;9999;;;BGH;Rüngsdorf;BG;Bad Godesberg;B;Bonn;23.03.2026;08.07.2026;26.11.2026
21900;Sperrmüll;01.01.2026;31.12.2026;Tannenallee;Rüngsdorf;53179;2;9998;1;9999;;;BGH;Rüngsdorf;BG;Bad Godesberg;B;Bonn;20.03.2026;07.07.2026;25.11.2026
19711;Sperrmüll;01.01.2026;31.12.2026;Telemannstr.;Rüngsdorf;53173;2;9998;1;9999;;;BGH;Rüngsdorf;BG;Bad Godesberg;B;Bonn;24.03.2026;09.07.2026;27.11.2026
22390;Sperrmüll;01.01.2026;31.12.2026;Von-Groote-Platz;Rüngsdorf;53173;2;9998;1;9999;;;BGH;Rüngsdorf;BG;Bad Godesberg;B;Bonn;23.03.2026;08.07.2026;26.11.2026
22405;Sperrmüll;01.01.2026;31.12.2026;Von-Sandt-Ufer;Rüngsdorf;53173;2;9998;1;9999;;;BGH;Rüngsdorf;BG;Bad Godesberg;B;Bonn;23.03.2026;08.07.2026;26.11.2026
22636;Sperrmüll;01.01.2026;31.12.2026;Wendelstadtallee;Rüngsdorf;53179;2;9998;1;9999;;;BGH;Rüngsdorf;BG;Bad Godesberg;B;Bonn;24.03.2026;09.07.2026;27.11.2026
22681;Sperrmüll;01.01.2026;31.12.2026;Wiedemannstr.;Rüngsdorf;53173;2;36;1;39;39A;K.Finkelnburgstr - Telemannstr;BGH;Rüngsdorf;BG;Bad Godesberg;B;Bonn;24.03.2026;09.07.2026;27.11.2026
22696;Sperrmüll;01.01.2026;31.12.2026;Wiedemannstr.;Rüngsdorf;53173;38;58;41;47;45;Telemannstr - Offenbachstr;BGH;Rüngsdorf;BG;Bad Godesberg;B;Bonn;24.03.2026;09.07.2026;27.11.2026
22711;Sperrmüll;01.01.2026;31.12.2026;Wiedemannstr.;Rüngsdorf;53173;60;9998;49;9999;;Offenbachstr - Ende (Sackgasse;BGH;Rüngsdorf;BG;Bad Godesberg;B;Bonn;24.03.2026;09.07.2026;27.11.2026
43364;Sperrmüll;01.01.2026;31.12.2026;Wiedemannstr.;Rüngsdorf;53173;;;;;;;BGH;Rüngsdorf;BG;Bad Godesberg;B;Bonn;24.03.2026;09.07.2026;27.11.2026
18934;Sperrmüll;01.01.2026;31.12.2026;Wielandstr.;Rüngsdorf;53173;2;9998;1;9999;;;BGH;Rüngsdorf;BG;Bad Godesberg;B;Bonn;24.03.2026;09.07.2026;27.11.2026
23886;Sperrmüll;01.01.2026;31.12.2026;Adelheidisstr.;Schwarzrheindorf;53225;2;10;1;21;;Geislarstr - Stiftsstr;BBB;Schwarzrheindorf;BB;Beuel;B;Bonn;23.04.2026;07.09.2026;15.12.2026
23901;Sperrmüll;01.01.2026;31.12.2026;Adelheidisstr.;Schwarzrheindorf;53225;12;9998;23;9999;;Stiftsstr - Sankt-Augustinersr;BBB;Schwarzrheindorf;BB;Beuel;B;Bonn;23.04.2026;07.09.2026;15.12.2026
24526;Sperrmüll;01.01.2026;31.12.2026;Alt Gensem;Schwarzrheindorf;53225;2;9998;1;9999;;;BBB;Schwarzrheindorf;BB;Beuel;B;Bonn;20.04.2026;01.09.2026;11.12.2026
42675;Sperrmüll;01.01.2026;31.12.2026;Am Köppekreuz;Schwarzrheindorf;53225;2;9998;1;9999;;;BBB;Schwarzrheindorf;BB;Beuel;B;Bonn;20.04.2026;01.09.2026;11.12.2026
24161;Sperrmüll;01.01.2026;31.12.2026;Am Ledenhof;Schwarzrheindorf;53225;2;9998;1;9999;;;BBB;Schwarzrheindorf;BB;Beuel;B;Bonn;23.04.2026;07.09.2026;15.12.2026
24691;Sperrmüll;01.01.2026;31.12.2026;An der Wolfsburg;Schwarzrheindorf;53225;2;9998;1;9999;;;BBB;Schwarzrheindorf;BB;Beuel;B;Bonn;20.04.2026;01.09.2026;11.12.2026
24346;Sperrmüll;01.01.2026;31.12.2026;Arnoldstr.;Schwarzrheindorf;53225;2;9998;1;9999;;;BBB;Schwarzrheindorf;BB;Beuel;B;Bonn;20.04.2026;01.09.2026;11.12.2026
24391;Sperrmüll;01.01.2026;31.12.2026;Auf dem Hirschberg;Schwarzrheindorf;53225;2;9998;1;9999;;;BBB;Schwarzrheindorf;BB;Beuel;B;Bonn;20.04.2026;01.09.2026;11.12.2026
24406;Sperrmüll;01.01.2026;31.12.2026;Auf dem Mühlenberg;Schwarzrheindorf;53225;2;9998;1;9999;;;BBB;Schwarzrheindorf;BB;Beuel;B;Bonn;23.04.2026;07.09.2026;15.12.2026
24916;Sperrmüll;01.01.2026;31.12.2026;Bergheimer Str.;Schwarzrheindorf;53225;2;28;1;21;;Dixstr - In Gensem;BBB;Schwarzrheindorf;BB;Beuel;B;Bonn;20.04.2026;01.09.2026;11.12.2026
42119;Sperrmüll;01.01.2026;31.12.2026;Bergheimer Str.;Schwarzrheindorf;53225;30;9998;23;9999;;In Gensem - Im Niederleld;BBB;Schwarzrheindorf;BB;Beuel;B;Bonn;20.04.2026;01.09.2026;11.12.2026
25401;Sperrmüll;01.01.2026;31.12.2026;Büchelgarten;Schwarzrheindorf;53225;2;9998;1;9999;;;BBB;Schwarzrheindorf;BB;Beuel;B;Bonn;20.04.2026;01.09.2026;11.12.2026
25476;Sperrmüll;01.01.2026;31.12.2026;Clemensstr.;Schwarzrheindorf;53225;2;36;1;19;;Werdstr - Niederkasselerstr;BBB;Schwarzrheindorf;BB;Beuel;B;Bonn;20.04.2026;01.09.2026;11.12.2026
25491;Sperrmüll;01.01.2026;31.12.2026;Clemensstr.;Schwarzrheindorf;53225;38;9998;21;9999;;Niederkassel.-Sa.-Augustinerst;BBB;Schwarzrheindorf;BB;Beuel;B;Bonn;20.04.2026;01.09.2026;11.12.2026
25611;Sperrmüll;01.01.2026;31.12.2026;Dixstr.;Schwarzrheindorf;53225;2;9998;1;9999;;;BBB;Schwarzrheindorf;BB;Beuel;B;Bonn;20.04.2026;01.09.2026;11.12.2026
26056;Sperrmüll;01.01.2026;31.12.2026;Frankenweg;Schwarzrheindorf;53225;2;9998;1;9999;;;BBB;Schwarzrheindorf;BB;Beuel;B;Bonn;20.04.2026;01.09.2026;11.12.2026
4465;Sperrmüll;01.01.2026;31.12.2026;Friedrich-Ebert-Brücke;Schwarzrheindorf;53225;2;9998;1;9999;;;BBB;Schwarzrheindorf;BB;Beuel;B;Bonn;20.04.2026;01.09.2026;11.12.2026
26336;Sperrmüll;01.01.2026;31.12.2026;Gensemer Str.;Schwarzrheindorf;53225;2;9998;1;9999;80, 83, 85;;BBB;Schwarzrheindorf;BB;Beuel;B;Bonn;20.04.2026;01.09.2026;11.12.2026
26351;Sperrmüll;01.01.2026;31.12.2026;Gensemer Str.;Schwarzrheindorf;53225;;;;;;;BBB;Schwarzrheindorf;BB;Beuel;B;Bonn;20.04.2026;01.09.2026;11.12.2026
30295;Sperrmüll;01.01.2026;31.12.2026;Haffstr.;Schwarzrheindorf;53225;2;9998;1;9999;;;BBB;Schwarzrheindorf;BB;Beuel;B;Bonn;23.04.2026;07.09.2026;15.12.2026
30886;Sperrmüll;01.01.2026;31.12.2026;Henri-Parisot-Str.;Schwarzrheindorf;53225;2;9998;1;9999;;;BBB;Schwarzrheindorf;BB;Beuel;B;Bonn;20.04.2026;01.09.2026;11.12.2026
26896;Sperrmüll;01.01.2026;31.12.2026;Hundeshagenstr.;Schwarzrheindorf;53225;2;9998;1;9999;;;BBB;Schwarzrheindorf;BB;Beuel;B;Bonn;20.04.2026;01.09.2026;11.12.2026
27081;Sperrmüll;01.01.2026;31.12.2026;Im Gensem;Schwarzrheindorf;53225;2;9998;1;9999;;;BBB;Schwarzrheindorf;BB;Beuel;B;Bonn;20.04.2026;01.09.2026;11.12.2026
25551;Sperrmüll;01.01.2026;31.12.2026;Im Niederfeld;Schwarzrheindorf;53225;2;9998;1;9999;;;BBB;Schwarzrheindorf;BB;Beuel;B;Bonn;20.04.2026;01.09.2026;11.12.2026
27276;Sperrmüll;01.01.2026;31.12.2026;Jahnstr.;Schwarzrheindorf;53225;2;18;1;17;;Von-Sandtstr - Rheindorferstr;BBB;Schwarzrheindorf;BB;Beuel;B;Bonn;20.04.2026;01.09.2026;11.12.2026
27291;Sperrmüll;01.01.2026;31.12.2026;Jahnstr.;Schwarzrheindorf;53225;20;9998;19;9999;;Rheindorferstr - Kommentalweg;BBB;Schwarzrheindorf;BB;Beuel;B;Bonn;20.04.2026;01.09.2026;11.12.2026
27696;Sperrmüll;01.01.2026;31.12.2026;Kirchfeldstr.;Schwarzrheindorf;53225;2;9998;1;9999;;;BBB;Schwarzrheindorf;BB;Beuel;B;Bonn;23.04.2026;07.09.2026;15.12.2026
28070;Sperrmüll;01.01.2026;31.12.2026;Kommentalweg;Schwarzrheindorf;53225;2;9998;1;9999;;;BBB;Schwarzrheindorf;BB;Beuel;B;Bonn;20.04.2026;01.09.2026;11.12.2026
27746;Sperrmüll;01.01.2026;31.12.2026;Kurlandstr.;Schwarzrheindorf;53225;2;9998;1;9999;;;BBB;Schwarzrheindorf;BB;Beuel;B;Bonn;23.04.2026;07.09.2026;15.12.2026
28559;Sperrmüll;01.01.2026;31.12.2026;Mirecourtstr.;Schwarzrheindorf;53225;2;10;1;9;;Kommentalweg - Jahnstr;BBB;Schwarzrheindorf;BB;Beuel;B;Bonn;20.04.2026;01.09.2026;11.12.2026
42104;Sperrmüll;01.01.2026;31.12.2026;Mirecourtstr.;Schwarzrheindorf;53225;12;9998;15;9999;;Jahnstr - Rheindorferstr;BBB;Schwarzrheindorf;BB;Beuel;B;Bonn;20.04.2026;01.09.2026;11.12.2026
28814;Sperrmüll;01.01.2026;31.12.2026;Niederkasseler Str.;Schwarzrheindorf;53225;2;9998;1;9999;;;BBB;Schwarzrheindorf;BB;Beuel;B;Bonn;20.04.2026;01.09.2026;11.12.2026
29094;Sperrmüll;01.01.2026;31.12.2026;Pastor-Königs-Weg;Schwarzrheindorf;53225;2;9998;1;9999;;;BBB;Schwarzrheindorf;BB;Beuel;B;Bonn;20.04.2026;01.09.2026;11.12.2026
29139;Sperrmüll;01.01.2026;31.12.2026;Petrusstr.;Schwarzrheindorf;53225;2;20;1;21;;Von Werdstr;BBB;Schwarzrheindorf;BB;Beuel;B;Bonn;20.04.2026;01.09.2026;11.12.2026
29154;Sperrmüll;01.01.2026;31.12.2026;Petrusstr.;Schwarzrheindorf;53225;22;9998;23;9999;;Von Arnoldstr;BBB;Schwarzrheindorf;BB;Beuel;B;Bonn;20.04.2026;01.09.2026;11.12.2026
25171;Sperrmüll;01.01.2026;31.12.2026;Samlandstr.;Schwarzrheindorf;53225;2;9998;1;9999;;;BBB;Schwarzrheindorf;BB;Beuel;B;Bonn;23.04.2026;07.09.2026;15.12.2026
30311;Sperrmüll;01.01.2026;31.12.2026;Stiftsstr.;Schwarzrheindorf;53225;2;46;1;45;;Dixstr - Niederkasselerstr;BBB;Schwarzrheindorf;BB;Beuel;B;Bonn;20.04.2026;01.09.2026;11.12.2026
30326;Sperrmüll;01.01.2026;31.12.2026;Stiftsstr.;Schwarzrheindorf;53225;48;78;47;71;;Niederka.St-Auf  d. Mühlenberg;BBB;Schwarzrheindorf;BB;Beuel;B;Bonn;23.04.2026;07.09.2026;15.12.2026
42998;Sperrmüll;01.01.2026;31.12.2026;Stiftsstr.;Schwarzrheindorf;53225;80;998;73;9999;;Auf dm Mühlenb.-Adelheidisstr;BBB;Schwarzrheindorf;BB;Beuel;B;Bonn;23.04.2026;07.09.2026;15.12.2026
24706;Sperrmüll;01.01.2026;31.12.2026;Tentenstr.;Schwarzrheindorf;53225;2;9998;1;9999;;;BBB;Schwarzrheindorf;BB;Beuel;B;Bonn;20.04.2026;01.09.2026;11.12.2026
30491;Sperrmüll;01.01.2026;31.12.2026;Vilicher Str.;Schwarzrheindorf;53225;2;26;1;27;;Dixstr - Niederkasselerstr;BBB;Schwarzrheindorf;BB;Beuel;B;Bonn;20.04.2026;01.09.2026;11.12.2026
30506;Sperrmüll;01.01.2026;31.12.2026;Vilicher Str.;Schwarzrheindorf;53225;28;9998;29;9999;;Niederkassel.-A.d.Mühlenberg;BBB;Schwarzrheindorf;BB;Beuel;B;Bonn;20.04.2026;01.09.2026;11.12.2026
30731;Sperrmüll;01.01.2026;31.12.2026;Werdstr.;Schwarzrheindorf;53225;2;9998;1;9999;;;BBB;Schwarzrheindorf;BB;Beuel;B;Bonn;20.04.2026;01.09.2026;11.12.2026
30776;Sperrmüll;01.01.2026;31.12.2026;Wittestr.;Schwarzrheindorf;53225;2;22;1;31;;Vilicherstr - Stiftsstr;BBB;Schwarzrheindorf;BB;Beuel;B;Bonn;20.04.2026;01.09.2026;11.12.2026
30796;Sperrmüll;01.01.2026;31.12.2026;Wittestr.;Schwarzrheindorf;53225;24;9998;33;9999;;Stiftsstr - Bergheimerstr;BBB;Schwarzrheindorf;BB;Beuel;B;Bonn;20.04.2026;01.09.2026;11.12.2026
30811;Sperrmüll;01.01.2026;31.12.2026;Wolfsgasse;Schwarzrheindorf;53225;2;9998;1;9999;;;BBB;Schwarzrheindorf;BB;Beuel;B;Bonn;17.04.2026;03.09.2026;09.12.2026
14040;Sperrmüll;01.01.2026;31.12.2026;Am Burgfriedhof;Schweinheim;53177;2;9998;1;9999;;;BGE;Schweinheim;BG;Bad Godesberg;B;Bonn;11.03.2026;25.06.2026;18.11.2026
14205;Sperrmüll;01.01.2026;31.12.2026;Am Schörnchen;Schweinheim;53177;2;9998;1;9999;;;BGE;Schweinheim;BG;Bad Godesberg;B;Bonn;11.03.2026;25.06.2026;18.11.2026
14255;Sperrmüll;01.01.2026;31.12.2026;Am Stadtwald;Schweinheim;53177;2;9998;1;9999;66A, 66B;;BGE;Schweinheim;BG;Bad Godesberg;B;Bonn;11.03.2026;25.06.2026;18.11.2026
14270;Sperrmüll;01.01.2026;31.12.2026;Am Stadtwald;Schweinheim;53177;;;;;;;BGE;Schweinheim;BG;Bad Godesberg;B;Bonn;11.03.2026;25.06.2026;18.11.2026
13965;Sperrmüll;01.01.2026;31.12.2026;Amalienhöhe;Schweinheim;53177;2;9998;1;9999;;;BGE;Schweinheim;BG;Bad Godesberg;B;Bonn;11.03.2026;25.06.2026;18.11.2026
14585;Sperrmüll;01.01.2026;31.12.2026;Auf dem Brand;Schweinheim;53177;2;9998;1;9999;;;BGE;Schweinheim;BG;Bad Godesberg;B;Bonn;11.03.2026;25.06.2026;18.11.2026
14635;Sperrmüll;01.01.2026;31.12.2026;Auf dem Rotkopf;Schweinheim;53177;2;9998;1;9999;;;BGE;Schweinheim;BG;Bad Godesberg;B;Bonn;11.03.2026;25.06.2026;18.11.2026
14650;Sperrmüll;01.01.2026;31.12.2026;Auf der Ley;Schweinheim;53177;2;9998;1;9999;;;BGE;Schweinheim;BG;Bad Godesberg;B;Bonn;11.03.2026;25.06.2026;18.11.2026
14740;Sperrmüll;01.01.2026;31.12.2026;Axenfeldstr.;Schweinheim;53177;2;9998;1;9999;;;BGE;Schweinheim;BG;Bad Godesberg;B;Bonn;11.03.2026;25.06.2026;18.11.2026
14865;Sperrmüll;01.01.2026;31.12.2026;Belderbuschstr.;Schweinheim;53177;2;9998;1;9999;;;BGE;Schweinheim;BG;Bad Godesberg;B;Bonn;11.03.2026;25.06.2026;18.11.2026
14895;Sperrmüll;01.01.2026;31.12.2026;Burgblick;Schweinheim;53177;2;9998;1;9999;;;BGE;Schweinheim;BG;Bad Godesberg;B;Bonn;11.03.2026;25.06.2026;18.11.2026
16145;Sperrmüll;01.01.2026;31.12.2026;Freier Weg;Schweinheim;53177;2;9998;1;9999;;;BGE;Schweinheim;BG;Bad Godesberg;B;Bonn;11.03.2026;25.06.2026;18.11.2026
17345;Sperrmüll;01.01.2026;31.12.2026;Horionstr.;Schweinheim;53177;2;44;1;45;32A, 32B;Waldburgstr - Schweinheimerweg;BGE;Schweinheim;BG;Bad Godesberg;B;Bonn;11.03.2026;25.06.2026;18.11.2026
17360;Sperrmüll;01.01.2026;31.12.2026;Horionstr.;Schweinheim;53177;;;;;;;BGE;Schweinheim;BG;Bad Godesberg;B;Bonn;11.03.2026;25.06.2026;18.11.2026
17375;Sperrmüll;01.01.2026;31.12.2026;Horionstr.;Schweinheim;53177;46;9998;47;9999;;Schweinheimerweg - Vennerstr;BGE;Schweinheim;BG;Bad Godesberg;B;Bonn;11.03.2026;25.06.2026;18.11.2026
17565;Sperrmüll;01.01.2026;31.12.2026;Im Hohn;Schweinheim;53177;2;9998;1;9999;1C, 5, 7, 9, 9B, 11, 11A;;BGE;Schweinheim;BG;Bad Godesberg;B;Bonn;11.03.2026;25.06.2026;18.11.2026
17580;Sperrmüll;01.01.2026;31.12.2026;Im Hohn;Schweinheim;53177;;;;;;;BGE;Schweinheim;BG;Bad Godesberg;B;Bonn;11.03.2026;25.06.2026;18.11.2026
17790;Sperrmüll;01.01.2026;31.12.2026;Jägerweg;Schweinheim;53177;2;9998;1;9999;;;BGE;Schweinheim;BG;Bad Godesberg;B;Bonn;11.03.2026;25.06.2026;18.11.2026
19251;Sperrmüll;01.01.2026;31.12.2026;Marienforster Allee;Schweinheim;53177;2;9998;1;9999;;;BGE;Schweinheim;BG;Bad Godesberg;B;Bonn;11.03.2026;25.06.2026;18.11.2026
19266;Sperrmüll;01.01.2026;31.12.2026;Marienforster Kirchweg;Schweinheim;53177;2;9998;1;9999;;;BGE;Schweinheim;BG;Bad Godesberg;B;Bonn;11.03.2026;25.06.2026;18.11.2026
19311;Sperrmüll;01.01.2026;31.12.2026;Marienforster Str.;Schweinheim;53177;2;9998;1;9999;;;BGE;Schweinheim;BG;Bad Godesberg;B;Bonn;11.03.2026;25.06.2026;18.11.2026
20811;Sperrmüll;01.01.2026;31.12.2026;Röttgener Weg;Schweinheim;53177;2;9998;1;9999;;;BGE;Schweinheim;BG;Bad Godesberg;B;Bonn;11.03.2026;25.06.2026;18.11.2026
21146;Sperrmüll;01.01.2026;31.12.2026;Schmales Alleechen;Schweinheim;53177;2;9998;1;9999;;;BGE;Schweinheim;BG;Bad Godesberg;B;Bonn;11.03.2026;25.06.2026;18.11.2026
23556;Sperrmüll;01.01.2026;31.12.2026;Schweinheimer Weg;Schweinheim;53177;2;9998;1;9999;;;BGE;Schweinheim;BG;Bad Godesberg;B;Bonn;11.03.2026;25.06.2026;18.11.2026
21266;Sperrmüll;01.01.2026;31.12.2026;Sebastianusweg;Schweinheim;53177;2;9998;1;9999;;;BGE;Schweinheim;BG;Bad Godesberg;B;Bonn;11.03.2026;25.06.2026;18.11.2026
21840;Sperrmüll;01.01.2026;31.12.2026;Stümpchensweg;Schweinheim;53177;2;9998;1;9999;;;BGE;Schweinheim;BG;Bad Godesberg;B;Bonn;11.03.2026;25.06.2026;18.11.2026
22195;Sperrmüll;01.01.2026;31.12.2026;Venner Kirchweg;Schweinheim;53177;2;9998;1;9999;;;BGE;Schweinheim;BG;Bad Godesberg;B;Bonn;11.03.2026;25.06.2026;18.11.2026
22210;Sperrmüll;01.01.2026;31.12.2026;Venner Str.;Schweinheim;53177;2;9998;1;9999;20, 33, 51, 80;;BGE;Schweinheim;BG;Bad Godesberg;B;Bonn;11.03.2026;25.06.2026;18.11.2026
22225;Sperrmüll;01.01.2026;31.12.2026;Venner Str.;Schweinheim;53177;;;;;;;BGE;Schweinheim;BG;Bad Godesberg;B;Bonn;11.03.2026;25.06.2026;18.11.2026
22450;Sperrmüll;01.01.2026;31.12.2026;Waldburgstr.;Schweinheim;53177;2;34;1;27;;Winterstr - Vennerstr;BGE;Schweinheim;BG;Bad Godesberg;B;Bonn;11.03.2026;25.06.2026;18.11.2026
22465;Sperrmüll;01.01.2026;31.12.2026;Waldburgstr.;Schweinheim;53177;36;9998;29;9999;;Vennerstr - Freier Weg;BGE;Schweinheim;BG;Bad Godesberg;B;Bonn;11.03.2026;25.06.2026;18.11.2026
22480;Sperrmüll;01.01.2026;31.12.2026;Waldstr.;Schweinheim;53177;2;9998;1;29;;;BGE;Schweinheim;BG;Bad Godesberg;B;Bonn;11.03.2026;25.06.2026;18.11.2026
43824;Sperrmüll;01.01.2026;31.12.2026;Waldstr.;Schweinheim;53177;;;31;33;;Sackgasse;BGE;Schweinheim;BG;Bad Godesberg;B;Bonn;11.03.2026;25.06.2026;18.11.2026
43839;Sperrmüll;01.01.2026;31.12.2026;Waldstr.;Schweinheim;53177;;;35;9999;;;BGE;Schweinheim;BG;Bad Godesberg;B;Bonn;11.03.2026;25.06.2026;18.11.2026
22510;Sperrmüll;01.01.2026;31.12.2026;Wattendorfer Allee;Schweinheim;53177;2;9998;1;9999;;;BGE;Schweinheim;BG;Bad Godesberg;B;Bonn;11.03.2026;25.06.2026;18.11.2026
22666;Sperrmüll;01.01.2026;31.12.2026;Wichterichstr.;Schweinheim;53177;2;9998;1;9999;;;BGE;Schweinheim;BG;Bad Godesberg;B;Bonn;11.03.2026;25.06.2026;18.11.2026
17450;Sperrmüll;01.01.2026;31.12.2026;Wiedstr.;Schweinheim;53177;2;9998;1;9999;;;BGE;Schweinheim;BG;Bad Godesberg;B;Bonn;11.03.2026;25.06.2026;18.11.2026
512;Sperrmüll;01.01.2026;31.12.2026;Am Hofgarten;Südstadt;53113;2;9998;1;9999;;;BZC;Südstadt;BZ;Bonn-Zentrum;B;Bonn;06.02.2026;29.05.2026;01.10.2026
803;Sperrmüll;01.01.2026;31.12.2026;Am Poppelsdorfer Weiher;Südstadt;53115;2;9998;1;9999;;;BZC;Südstadt;BZ;Bonn-Zentrum;B;Bonn;02.02.2026;22.05.2026;05.10.2026
5689;Sperrmüll;01.01.2026;31.12.2026;An der Elisabethkirche;Südstadt;53113;2;9998;1;9999;;;BZC;Südstadt;BZ;Bonn-Zentrum;B;Bonn;02.02.2026;22.05.2026;05.10.2026
883;Sperrmüll;01.01.2026;31.12.2026;An der Evangel. Kirche;Südstadt;53113;2;9998;1;9999;;;BZC;Südstadt;BZ;Bonn-Zentrum;B;Bonn;06.02.2026;29.05.2026;01.10.2026
5764;Sperrmüll;01.01.2026;31.12.2026;Bernard-Custodis-Str.;Südstadt;53113;2;9998;1;9999;;;BZC;Südstadt;BZ;Bonn-Zentrum;B;Bonn;13.03.2026;17.07.2026;21.12.2026
1971;Sperrmüll;01.01.2026;31.12.2026;Bismarckstr.;Südstadt;53113;2;9998;1;9999;;;BZC;Südstadt;BZ;Bonn-Zentrum;B;Bonn;02.02.2026;22.05.2026;05.10.2026
2359;Sperrmüll;01.01.2026;31.12.2026;Brassertufer;Südstadt;53111;2;9998;1;9999;;;BZC;Südstadt;BZ;Bonn-Zentrum;B;Bonn;30.01.2026;20.05.2026;29.09.2026
2872;Sperrmüll;01.01.2026;31.12.2026;Clausiusstr.;Südstadt;53113;2;9998;1;9999;;;BZC;Südstadt;BZ;Bonn-Zentrum;B;Bonn;02.02.2026;22.05.2026;05.10.2026
3132;Sperrmüll;01.01.2026;31.12.2026;Diezstr.;Südstadt;53113;2;9998;1;9999;;;BZC;Südstadt;BZ;Bonn-Zentrum;B;Bonn;13.03.2026;17.07.2026;21.12.2026
3363;Sperrmüll;01.01.2026;31.12.2026;Dyroffstr.;Südstadt;53113;2;9998;1;9999;;;BZC;Südstadt;BZ;Bonn-Zentrum;B;Bonn;06.02.2026;29.05.2026;01.10.2026
3874;Sperrmüll;01.01.2026;31.12.2026;Ermekeilstr.;Südstadt;53113;2;9998;1;9999;;;BZC;Südstadt;BZ;Bonn-Zentrum;B;Bonn;02.02.2026;22.05.2026;05.10.2026
3889;Sperrmüll;01.01.2026;31.12.2026;Erste Fährgasse;Südstadt;53113;2;9998;1;9999;;;BZC;Südstadt;BZ;Bonn-Zentrum;B;Bonn;30.01.2026;20.05.2026;29.09.2026
4419;Sperrmüll;01.01.2026;31.12.2026;Fritz-Tillmann-Str.;Südstadt;53113;2;9998;1;9999;;;BZC;Südstadt;BZ;Bonn-Zentrum;B;Bonn;06.02.2026;29.05.2026;01.10.2026
4802;Sperrmüll;01.01.2026;31.12.2026;Goebenstr.;Südstadt;53113;2;18;1;17;;Bismarckstr - Weberstr;BZC;Südstadt;BZ;Bonn-Zentrum;B;Bonn;02.02.2026;22.05.2026;05.10.2026
4817;Sperrmüll;01.01.2026;31.12.2026;Goebenstr.;Südstadt;53113;20;9998;19;9999;;Weberstr - Ermekeilstr;BZC;Südstadt;BZ;Bonn-Zentrum;B;Bonn;02.02.2026;22.05.2026;05.10.2026
4847;Sperrmüll;01.01.2026;31.12.2026;Goethestr.;Südstadt;53113;2;9998;1;9999;;;BZC;Südstadt;BZ;Bonn-Zentrum;B;Bonn;02.02.2026;22.05.2026;05.10.2026
7401;Sperrmüll;01.01.2026;31.12.2026;Hans-Iwand-Str.;Südstadt;53113;2;9998;1;9999;;;BZC;Südstadt;BZ;Bonn-Zentrum;B;Bonn;06.02.2026;29.05.2026;01.10.2026
5362;Sperrmüll;01.01.2026;31.12.2026;Hartsteinstr.;Südstadt;53115;2;9998;1;9999;;;BZC;Südstadt;BZ;Bonn-Zentrum;B;Bonn;02.02.2026;22.05.2026;05.10.2026
5964;Sperrmüll;01.01.2026;31.12.2026;Heinrich-von-Kleist-Str.;Südstadt;53113;2;9998;1;9999;;;BZC;Südstadt;BZ;Bonn-Zentrum;B;Bonn;02.02.2026;22.05.2026;05.10.2026
7872;Sperrmüll;01.01.2026;31.12.2026;Königstr.;Südstadt;53113;2;40;1;37;;Bahn - Bonner Talweg;BZC;Südstadt;BZ;Bonn-Zentrum;B;Bonn;02.02.2026;22.05.2026;05.10.2026
7887;Sperrmüll;01.01.2026;31.12.2026;Königstr.;Südstadt;53115;42;74;39;65;;Bonner Talweg - Argelanderstr;BZC;Südstadt;BZ;Bonn-Zentrum;B;Bonn;02.02.2026;22.05.2026;05.10.2026
42314;Sperrmüll;01.01.2026;31.12.2026;Königstr.;Südstadt;53115;88;9998;89;9999;;Venusbergweg - Poppelsd.-Allee;BZC;Südstadt;BZ;Bonn-Zentrum;B;Bonn;02.02.2026;22.05.2026;05.10.2026
42449;Sperrmüll;01.01.2026;31.12.2026;Königstr.;Südstadt;53115;76;86;67;87;;Argelanderstr -  Venusbergweg;BZC;Südstadt;BZ;Bonn-Zentrum;B;Bonn;02.02.2026;22.05.2026;05.10.2026
8007;Sperrmüll;01.01.2026;31.12.2026;Kurfürstenstr.;Südstadt;53115;2;9998;1;9999;;;BZC;Südstadt;BZ;Bonn-Zentrum;B;Bonn;02.02.2026;22.05.2026;05.10.2026
8299;Sperrmüll;01.01.2026;31.12.2026;Lessingstr.;Südstadt;53113;2;50;1;51;;Bonner Talweg - Schumannstr;BZC;Südstadt;BZ;Bonn-Zentrum;B;Bonn;02.02.2026;22.05.2026;05.10.2026
8314;Sperrmüll;01.01.2026;31.12.2026;Lessingstr.;Südstadt;53113;52;9998;53;9999;;Schumannstr - Bahn;BZC;Südstadt;BZ;Bonn-Zentrum;B;Bonn;02.02.2026;22.05.2026;05.10.2026
8520;Sperrmüll;01.01.2026;31.12.2026;Loestr.;Südstadt;53113;2;9998;1;9999;;;BZC;Südstadt;BZ;Bonn-Zentrum;B;Bonn;02.02.2026;22.05.2026;05.10.2026
8805;Sperrmüll;01.01.2026;31.12.2026;Maarflach;Südstadt;53113;2;9998;1;9999;;;BZC;Südstadt;BZ;Bonn-Zentrum;B;Bonn;06.02.2026;29.05.2026;01.10.2026
9661;Sperrmüll;01.01.2026;31.12.2026;Nassestr.;Südstadt;53113;2;6;1;9;;Lennestr - Riesstr;BZC;Südstadt;BZ;Bonn-Zentrum;B;Bonn;06.02.2026;29.05.2026;01.10.2026
9676;Sperrmüll;01.01.2026;31.12.2026;Nassestr.;Südstadt;53113;8;9998;11;9999;;Riesstr - Kaiserstr;BZC;Südstadt;BZ;Bonn-Zentrum;B;Bonn;06.02.2026;29.05.2026;01.10.2026
4782;Sperrmüll;01.01.2026;31.12.2026;Oskar-Walzel-Str.;Südstadt;53113;2;9998;1;9999;;;BZC;Südstadt;BZ;Bonn-Zentrum;B;Bonn;02.02.2026;22.05.2026;05.10.2026
10376;Sperrmüll;01.01.2026;31.12.2026;Poppelsdorfer Allee;Südstadt;53115;2;40;1;33;40B;Quantiusstr - Bonner Talweg;BZC;Südstadt;BZ;Bonn-Zentrum;B;Bonn;02.02.2026;22.05.2026;05.10.2026
10395;Sperrmüll;01.01.2026;31.12.2026;Poppelsdorfer Allee;Südstadt;53115;42;9998;35;9999;;Bonner Talweg - Meckenheimer.A;BZC;Südstadt;BZ;Bonn-Zentrum;B;Bonn;20.01.2026;19.06.2026;27.11.2026
7992;Sperrmüll;01.01.2026;31.12.2026;Prinz-Albert-Str.;Südstadt;53113;2;9998;1;9999;;;BZC;Südstadt;BZ;Bonn-Zentrum;B;Bonn;02.02.2026;22.05.2026;05.10.2026
10579;Sperrmüll;01.01.2026;31.12.2026;Rathenauufer;Südstadt;53113;2;9998;1;9999;;;BZC;Südstadt;BZ;Bonn-Zentrum;B;Bonn;30.01.2026;20.05.2026;29.09.2026
11009;Sperrmüll;01.01.2026;31.12.2026;Riesstr.;Südstadt;53113;2;9998;1;9999;;;BZC;Südstadt;BZ;Bonn-Zentrum;B;Bonn;06.02.2026;29.05.2026;01.10.2026
11024;Sperrmüll;01.01.2026;31.12.2026;Rittershausstr.;Südstadt;53113;2;9998;1;9999;;;BZC;Südstadt;BZ;Bonn-Zentrum;B;Bonn;02.02.2026;22.05.2026;05.10.2026
11619;Sperrmüll;01.01.2026;31.12.2026;Schaumburg-Lippe-Str.;Südstadt;53113;2;9998;1;9999;;;BZC;Südstadt;BZ;Bonn-Zentrum;B;Bonn;30.01.2026;20.05.2026;29.09.2026
11724;Sperrmüll;01.01.2026;31.12.2026;Schloßstr.;Südstadt;53115;2;9998;1;9999;;;BZC;Südstadt;BZ;Bonn-Zentrum;B;Bonn;02.02.2026;22.05.2026;05.10.2026
11844;Sperrmüll;01.01.2026;31.12.2026;Schumannstr.;Südstadt;53113;2;42;1;57;;Weberstr - Lessingstr;BZC;Südstadt;BZ;Bonn-Zentrum;B;Bonn;02.02.2026;22.05.2026;05.10.2026
11859;Sperrmüll;01.01.2026;31.12.2026;Schumannstr.;Südstadt;53113;44;9998;59;9999;;Lessingstr - Reuterstr;BZC;Südstadt;BZ;Bonn-Zentrum;B;Bonn;02.02.2026;22.05.2026;05.10.2026
12498;Sperrmüll;01.01.2026;31.12.2026;Thielstr.;Südstadt;53113;2;9998;1;9999;;;BZC;Südstadt;BZ;Bonn-Zentrum;B;Bonn;13.03.2026;17.07.2026;21.12.2026
12848;Sperrmüll;01.01.2026;31.12.2026;Venusbergweg;Südstadt;53115;2;20;1;33;;Poppelsdorferallee - Schloßstr;BZC;Südstadt;BZ;Bonn-Zentrum;B;Bonn;02.02.2026;22.05.2026;05.10.2026
12863;Sperrmüll;01.01.2026;31.12.2026;Venusbergweg;Südstadt;53115;22;9998;35;9999;;Schloßstr - Reuterstr;BZC;Südstadt;BZ;Bonn-Zentrum;B;Bonn;02.02.2026;22.05.2026;05.10.2026
9248;Sperrmüll;01.01.2026;31.12.2026;Wernher-von-Braun-Str.;Südstadt;53113;2;9998;1;9999;;;BZC;Südstadt;BZ;Bonn-Zentrum;B;Bonn;13.03.2026;17.07.2026;21.12.2026
11325;Sperrmüll;01.01.2026;31.12.2026;Wilhelm-Levison-Str.;Südstadt;53115;2;9998;1;9999;;;BZC;Südstadt;BZ;Bonn-Zentrum;B;Bonn;02.02.2026;22.05.2026;05.10.2026
36254;Sperrmüll;01.01.2026;31.12.2026;Agnetendorfer Str.;Tannenbusch;53119;2;6;1;33;;Oppelnerstr-Waldenburger Ring;BND;Tannenbusch;BN;Bonn-Nord;B;Bonn;27.01.2026;13.05.2026;22.09.2026
36269;Sperrmüll;01.01.2026;31.12.2026;Agnetendorfer Str.;Tannenbusch;53119;8;9998;35;9999;;Waldenburger Ring - Schickgase;BND;Tannenbusch;BN;Bonn-Nord;B;Bonn;08.01.2026;08.05.2026;17.09.2026
10166;Sperrmüll;01.01.2026;31.12.2026;Am Krähenhorst;Tannenbusch;53119;2;6;1;9;;Brühlerstr - Jakob-Hengstlersr;BND;Tannenbusch;BN;Bonn-Nord;B;Bonn;28.01.2026;18.05.2026;23.09.2026
10181;Sperrmüll;01.01.2026;31.12.2026;Am Krähenhorst;Tannenbusch;53119;8;9998;11;9999;;Jakob-Hengstler.-A.d.Steinbrüc;BND;Tannenbusch;BN;Bonn-Nord;B;Bonn;09.01.2026;11.05.2026;18.09.2026
713;Sperrmüll;01.01.2026;31.12.2026;Am Ringwall;Tannenbusch;53119;2;9998;1;9999;;;BND;Tannenbusch;BN;Bonn-Nord;B;Bonn;26.01.2026;12.05.2026;21.09.2026
758;Sperrmüll;01.01.2026;31.12.2026;Am Schützenhof;Tannenbusch;53119;2;9998;1;9999;;;BND;Tannenbusch;BN;Bonn-Nord;B;Bonn;26.01.2026;12.05.2026;21.09.2026
773;Sperrmüll;01.01.2026;31.12.2026;Amselweg;Tannenbusch;53119;2;9998;1;9999;;;BND;Tannenbusch;BN;Bonn-Nord;B;Bonn;09.01.2026;11.05.2026;18.09.2026
1429;Sperrmüll;01.01.2026;31.12.2026;An der Düne;Tannenbusch;53119;2;9998;1;9999;;;BND;Tannenbusch;BN;Bonn-Nord;B;Bonn;09.01.2026;11.05.2026;18.09.2026
928;Sperrmüll;01.01.2026;31.12.2026;An der Steinbrücke;Tannenbusch;53119;2;9998;1;9999;;;BND;Tannenbusch;BN;Bonn-Nord;B;Bonn;09.01.2026;11.05.2026;18.09.2026
1862;Sperrmüll;01.01.2026;31.12.2026;Berta-Lungstras-Str.;Tannenbusch;53119;2;9998;1;9999;;;BND;Tannenbusch;BN;Bonn-Nord;B;Bonn;09.01.2026;11.05.2026;18.09.2026
35820;Sperrmüll;01.01.2026;31.12.2026;Beuthener Str.;Tannenbusch;53117;2;9998;1;9999;;;BND;Tannenbusch;BN;Bonn-Nord;B;Bonn;08.01.2026;08.05.2026;17.09.2026
35965;Sperrmüll;01.01.2026;31.12.2026;Brieger Weg;Tannenbusch;53119;2;9998;1;9999;;;BND;Tannenbusch;BN;Bonn-Nord;B;Bonn;27.01.2026;13.05.2026;22.09.2026
2750;Sperrmüll;01.01.2026;31.12.2026;Bunzlauer Weg;Tannenbusch;53119;2;9998;1;9999;;;BND;Tannenbusch;BN;Bonn-Nord;B;Bonn;27.01.2026;13.05.2026;22.09.2026
36025;Sperrmüll;01.01.2026;31.12.2026;Camminer Str.;Tannenbusch;53119;2;9998;1;9999;;;BND;Tannenbusch;BN;Bonn-Nord;B;Bonn;07.01.2026;07.05.2026;16.09.2026
3012;Sperrmüll;01.01.2026;31.12.2026;Chemnitzer Weg;Tannenbusch;53119;2;9998;1;9999;;;BND;Tannenbusch;BN;Bonn-Nord;B;Bonn;26.01.2026;12.05.2026;21.09.2026
3318;Sperrmüll;01.01.2026;31.12.2026;Drosselweg;Tannenbusch;53119;2;9998;1;9999;;;BND;Tannenbusch;BN;Bonn-Nord;B;Bonn;09.01.2026;11.05.2026;18.09.2026
36539;Sperrmüll;01.01.2026;31.12.2026;Georg-Elser-Weg;Tannenbusch;53119;2;9998;1;9999;;;BND;Tannenbusch;BN;Bonn-Nord;B;Bonn;08.01.2026;08.05.2026;17.09.2026
4707;Sperrmüll;01.01.2026;31.12.2026;Glatzer Str.;Tannenbusch;53119;2;9998;1;9999;;;BND;Tannenbusch;BN;Bonn-Nord;B;Bonn;07.01.2026;07.05.2026;16.09.2026
5132;Sperrmüll;01.01.2026;31.12.2026;Gleiwitzer Weg;Tannenbusch;53119;2;9998;1;9999;;;BND;Tannenbusch;BN;Bonn-Nord;B;Bonn;27.01.2026;13.05.2026;22.09.2026
35935;Sperrmüll;01.01.2026;31.12.2026;Glogauer Str.;Tannenbusch;53117;2;9998;1;9999;;;BND;Tannenbusch;BN;Bonn-Nord;B;Bonn;08.01.2026;08.05.2026;17.09.2026
4832;Sperrmüll;01.01.2026;31.12.2026;Görlitzer Str.;Tannenbusch;53119;2;9998;1;9999;;;BND;Tannenbusch;BN;Bonn-Nord;B;Bonn;09.01.2026;11.05.2026;18.09.2026
36040;Sperrmüll;01.01.2026;31.12.2026;Greifswalder Weg;Tannenbusch;53119;2;9998;1;9999;;;BND;Tannenbusch;BN;Bonn-Nord;B;Bonn;07.01.2026;07.05.2026;16.09.2026
36160;Sperrmüll;01.01.2026;31.12.2026;Hermannstädter Str.;Tannenbusch;53119;2;9998;1;9999;;;BND;Tannenbusch;BN;Bonn-Nord;B;Bonn;27.01.2026;13.05.2026;22.09.2026
35915;Sperrmüll;01.01.2026;31.12.2026;Hirschberger Str.;Tannenbusch;53119;2;9998;1;9999;;;BND;Tannenbusch;BN;Bonn-Nord;B;Bonn;27.01.2026;13.05.2026;22.09.2026
5979;Sperrmüll;01.01.2026;31.12.2026;Hohe Str.;Tannenbusch;53119;;;1;11;;J.-Hengstlerstr-Im Tannenbusch;BND;Tannenbusch;BN;Bonn-Nord;B;Bonn;09.01.2026;11.05.2026;18.09.2026
5994;Sperrmüll;01.01.2026;31.12.2026;Hohe Str.;Tannenbusch;53119;68;9998;77;9999;;Schlesienstr - Ende;BND;Tannenbusch;BN;Bonn-Nord;B;Bonn;26.01.2026;12.05.2026;21.09.2026
6009;Sperrmüll;01.01.2026;31.12.2026;Hohe Str.;Tannenbusch;53119;2;36;13;67;;Im Tannenbusch-Am Schützenhof;BND;Tannenbusch;BN;Bonn-Nord;B;Bonn;09.01.2026;11.05.2026;18.09.2026
6024;Sperrmüll;01.01.2026;31.12.2026;Hohe Str.;Tannenbusch;53119;38;66;69;75;;Am Schützenhof-Schlesienstr;BND;Tannenbusch;BN;Bonn-Nord;B;Bonn;26.01.2026;12.05.2026;21.09.2026
6384;Sperrmüll;01.01.2026;31.12.2026;Im Tannenbusch;Tannenbusch;53119;2;9998;1;9999;;;BND;Tannenbusch;BN;Bonn-Nord;B;Bonn;09.01.2026;11.05.2026;18.09.2026
3689;Sperrmüll;01.01.2026;31.12.2026;Jakob-Hengstler-Str.;Tannenbusch;53119;2;9998;1;9999;;;BND;Tannenbusch;BN;Bonn-Nord;B;Bonn;09.01.2026;11.05.2026;18.09.2026
8084;Sperrmüll;01.01.2026;31.12.2026;Kattowitzer Weg;Tannenbusch;53119;2;9998;1;9999;;;BND;Tannenbusch;BN;Bonn-Nord;B;Bonn;27.01.2026;13.05.2026;22.09.2026
7857;Sperrmüll;01.01.2026;31.12.2026;Königsberger Str.;Tannenbusch;53119;2;9998;1;9999;21;;BND;Tannenbusch;BN;Bonn-Nord;B;Bonn;09.01.2026;11.05.2026;18.09.2026
43334;Sperrmüll;01.01.2026;31.12.2026;Königsberger Str.;Tannenbusch;53119;;;;;;;BND;Tannenbusch;BN;Bonn-Nord;B;Bonn;09.01.2026;11.05.2026;18.09.2026
36145;Sperrmüll;01.01.2026;31.12.2026;Kronstädter Str.;Tannenbusch;53119;2;9998;1;9999;;;BND;Tannenbusch;BN;Bonn-Nord;B;Bonn;27.01.2026;13.05.2026;22.09.2026
8164;Sperrmüll;01.01.2026;31.12.2026;Landsberger Str.;Tannenbusch;53119;2;9998;1;9999;;;BND;Tannenbusch;BN;Bonn-Nord;B;Bonn;09.01.2026;11.05.2026;18.09.2026
8239;Sperrmüll;01.01.2026;31.12.2026;Leipziger Str.;Tannenbusch;53119;2;9998;1;9999;;;BND;Tannenbusch;BN;Bonn-Nord;B;Bonn;09.01.2026;11.05.2026;18.09.2026
8284;Sperrmüll;01.01.2026;31.12.2026;Lerchenweg;Tannenbusch;53119;2;9998;1;9999;;;BND;Tannenbusch;BN;Bonn-Nord;B;Bonn;09.01.2026;11.05.2026;18.09.2026
8345;Sperrmüll;01.01.2026;31.12.2026;Liegnitzer Str.;Tannenbusch;53119;2;9998;1;9999;;;BND;Tannenbusch;BN;Bonn-Nord;B;Bonn;09.01.2026;11.05.2026;18.09.2026
5117;Sperrmüll;01.01.2026;31.12.2026;Löwenberger Weg;Tannenbusch;53119;2;9998;1;9999;;;BND;Tannenbusch;BN;Bonn-Nord;B;Bonn;27.01.2026;13.05.2026;22.09.2026
8670;Sperrmüll;01.01.2026;31.12.2026;Lübener Weg;Tannenbusch;53119;2;9998;1;9999;;;BND;Tannenbusch;BN;Bonn-Nord;B;Bonn;26.01.2026;12.05.2026;21.09.2026
2404;Sperrmüll;01.01.2026;31.12.2026;Magdeburger Str.;Tannenbusch;53119;2;9998;1;9999;;;BND;Tannenbusch;BN;Bonn-Nord;B;Bonn;09.01.2026;11.05.2026;18.09.2026
8972;Sperrmüll;01.01.2026;31.12.2026;Marienburger Str.;Tannenbusch;53119;2;9998;1;9999;19, 19A, 19B, 19C, 19D, 19E;;BND;Tannenbusch;BN;Bonn-Nord;B;Bonn;09.01.2026;11.05.2026;18.09.2026
44347;Sperrmüll;01.01.2026;31.12.2026;Marienburger Str.;Tannenbusch;53119;;;;;;Sackgasse (eng);BND;Tannenbusch;BN;Bonn-Nord;B;Bonn;09.01.2026;11.05.2026;18.09.2026
9536;Sperrmüll;01.01.2026;31.12.2026;Masurenweg;Tannenbusch;53119;2;9998;1;9999;;;BND;Tannenbusch;BN;Bonn-Nord;B;Bonn;26.01.2026;12.05.2026;21.09.2026
9263;Sperrmüll;01.01.2026;31.12.2026;Meisenweg;Tannenbusch;53119;2;9998;1;9999;;;BND;Tannenbusch;BN;Bonn-Nord;B;Bonn;09.01.2026;11.05.2026;18.09.2026
9521;Sperrmüll;01.01.2026;31.12.2026;Memelweg;Tannenbusch;53119;2;9998;1;9999;;;BND;Tannenbusch;BN;Bonn-Nord;B;Bonn;26.01.2026;12.05.2026;21.09.2026
5102;Sperrmüll;01.01.2026;31.12.2026;Münsterberger Weg;Tannenbusch;53119;2;9998;1;9999;;;BND;Tannenbusch;BN;Bonn-Nord;B;Bonn;27.01.2026;13.05.2026;22.09.2026
35855;Sperrmüll;01.01.2026;31.12.2026;Oelser Str.;Tannenbusch;53117;2;9998;1;9999;;;BND;Tannenbusch;BN;Bonn-Nord;B;Bonn;08.01.2026;08.05.2026;17.09.2026
9952;Sperrmüll;01.01.2026;31.12.2026;Oppelner Str.;Tannenbusch;53119;2;110;1;39;;Autobahn - Schlesienstr.;BND;Tannenbusch;BN;Bonn-Nord;B;Bonn;09.01.2026;11.05.2026;18.09.2026
9972;Sperrmüll;01.01.2026;31.12.2026;Oppelner Str.;Tannenbusch;53119;112;9998;41;9999;;Schlesienstr - Hohestr;BND;Tannenbusch;BN;Bonn-Nord;B;Bonn;27.01.2026;13.05.2026;22.09.2026
10026;Sperrmüll;01.01.2026;31.12.2026;Ostpreußenstr.;Tannenbusch;53119;2;9998;1;9999;;;BND;Tannenbusch;BN;Bonn-Nord;B;Bonn;27.01.2026;13.05.2026;22.09.2026
10241;Sperrmüll;01.01.2026;31.12.2026;Paulusplatz;Tannenbusch;53119;2;9998;1;9999;;;BND;Tannenbusch;BN;Bonn-Nord;B;Bonn;09.01.2026;11.05.2026;18.09.2026
36100;Sperrmüll;01.01.2026;31.12.2026;Pommernstr.;Tannenbusch;53119;2;9998;1;9999;;;BND;Tannenbusch;BN;Bonn-Nord;B;Bonn;27.01.2026;13.05.2026;22.09.2026
10151;Sperrmüll;01.01.2026;31.12.2026;Posener Weg;Tannenbusch;53119;2;9998;1;9999;;;BND;Tannenbusch;BN;Bonn-Nord;B;Bonn;26.01.2026;12.05.2026;21.09.2026
35620;Sperrmüll;01.01.2026;31.12.2026;Reichenbacher Str.;Tannenbusch;53119;2;9998;1;9999;;;BND;Tannenbusch;BN;Bonn-Nord;B;Bonn;27.01.2026;13.05.2026;22.09.2026
11449;Sperrmüll;01.01.2026;31.12.2026;Riesengebirgsstr.;Tannenbusch;53119;2;9998;1;9999;;;BND;Tannenbusch;BN;Bonn-Nord;B;Bonn;26.01.2026;12.05.2026;21.09.2026
4094;Sperrmüll;01.01.2026;31.12.2026;Rotkehlchenweg;Tannenbusch;53119;2;9998;1;9999;;;BND;Tannenbusch;BN;Bonn-Nord;B;Bonn;09.01.2026;11.05.2026;18.09.2026
11769;Sperrmüll;01.01.2026;31.12.2026;Schneidemühler Str.;Tannenbusch;53119;2;9998;1;9999;;;BND;Tannenbusch;BN;Bonn-Nord;B;Bonn;09.01.2026;11.05.2026;18.09.2026
35950;Sperrmüll;01.01.2026;31.12.2026;Schweidnitzer Weg;Tannenbusch;53119;2;9998;1;9999;;;BND;Tannenbusch;BN;Bonn-Nord;B;Bonn;27.01.2026;13.05.2026;22.09.2026
36130;Sperrmüll;01.01.2026;31.12.2026;Siebenbürgenstr.;Tannenbusch;53119;2;9998;1;9999;;;BND;Tannenbusch;BN;Bonn-Nord;B;Bonn;27.01.2026;13.05.2026;22.09.2026
12043;Sperrmüll;01.01.2026;31.12.2026;Soenneckenstr.;Tannenbusch;53119;2;9998;1;9999;;;BND;Tannenbusch;BN;Bonn-Nord;B;Bonn;28.01.2026;18.05.2026;23.09.2026
36479;Sperrmüll;01.01.2026;31.12.2026;Sonnenhof;Tannenbusch;53119;2;9998;1;9999;;;BND;Tannenbusch;BN;Bonn-Nord;B;Bonn;08.01.2026;08.05.2026;17.09.2026
35870;Sperrmüll;01.01.2026;31.12.2026;Sprottauer Str.;Tannenbusch;53117;2;9998;1;9999;;;BND;Tannenbusch;BN;Bonn-Nord;B;Bonn;08.01.2026;08.05.2026;17.09.2026
12212;Sperrmüll;01.01.2026;31.12.2026;Stettiner Str.;Tannenbusch;53119;2;9998;1;9999;;;BND;Tannenbusch;BN;Bonn-Nord;B;Bonn;09.01.2026;11.05.2026;18.09.2026
36055;Sperrmüll;01.01.2026;31.12.2026;Stolpmünder Str.;Tannenbusch;53119;2;9998;1;9999;;;BND;Tannenbusch;BN;Bonn-Nord;B;Bonn;07.01.2026;07.05.2026;16.09.2026
12278;Sperrmüll;01.01.2026;31.12.2026;Stolpstr.;Tannenbusch;53119;2;9998;1;9999;;;BND;Tannenbusch;BN;Bonn-Nord;B;Bonn;07.01.2026;07.05.2026;16.09.2026
36070;Sperrmüll;01.01.2026;31.12.2026;Stralsunder Weg;Tannenbusch;53119;2;9998;1;9999;;;BND;Tannenbusch;BN;Bonn-Nord;B;Bonn;07.01.2026;07.05.2026;16.09.2026
12353;Sperrmüll;01.01.2026;31.12.2026;Sudetenstr.;Tannenbusch;53119;2;100;1;61;;;BND;Tannenbusch;BN;Bonn-Nord;B;Bonn;27.01.2026;13.05.2026;22.09.2026
43424;Sperrmüll;01.01.2026;31.12.2026;Sudetenstr.;Tannenbusch;53119;102;9998;63;9999;;Sackgasse von Hohestr;BND;Tannenbusch;BN;Bonn-Nord;B;Bonn;26.01.2026;12.05.2026;21.09.2026
36085;Sperrmüll;01.01.2026;31.12.2026;Swinemünder Str.;Tannenbusch;53119;2;9998;1;9999;;;BND;Tannenbusch;BN;Bonn-Nord;B;Bonn;07.01.2026;07.05.2026;16.09.2026
35900;Sperrmüll;01.01.2026;31.12.2026;Waldenburger Ring;Tannenbusch;53119;2;9998;1;9999;;;BND;Tannenbusch;BN;Bonn-Nord;B;Bonn;27.01.2026;13.05.2026;22.09.2026
36115;Sperrmüll;01.01.2026;31.12.2026;Westpreußenstr.;Tannenbusch;53119;2;9998;1;9999;;;BND;Tannenbusch;BN;Bonn-Nord;B;Bonn;27.01.2026;13.05.2026;22.09.2026
13679;Sperrmüll;01.01.2026;31.12.2026;Zeisigweg;Tannenbusch;53119;2;9998;1;9999;;;BND;Tannenbusch;BN;Bonn-Nord;B;Bonn;28.01.2026;18.05.2026;23.09.2026
36314;Sperrmüll;01.01.2026;31.12.2026;Zoppoter Str.;Tannenbusch;53119;2;9998;1;9999;;;BND;Tannenbusch;BN;Bonn-Nord;B;Bonn;27.01.2026;13.05.2026;22.09.2026
34846;Sperrmüll;01.01.2026;31.12.2026;Am Alfterhof;Ückesdorf;53125;2;9998;1;9999;;;BHE;Ückesdorf;BH;Hardtberg;B;Bonn;25.02.2026;12.06.2026;02.11.2026
35176;Sperrmüll;01.01.2026;31.12.2026;Am Götgesbach;Ückesdorf;53125;2;9998;1;23;;Im Schmalzacker - Fonkstr;BHE;Ückesdorf;BH;Hardtberg;B;Bonn;25.02.2026;12.06.2026;02.11.2026
35196;Sperrmüll;01.01.2026;31.12.2026;Am Götgesbach;Ückesdorf;53125;;;25;9999;;Fonckstr - Richtung Friedhof;BHE;Ückesdorf;BH;Hardtberg;B;Bonn;25.02.2026;12.06.2026;02.11.2026
34861;Sperrmüll;01.01.2026;31.12.2026;An den Kreuzen;Ückesdorf;53125;2;9998;1;9999;;;BHE;Ückesdorf;BH;Hardtberg;B;Bonn;25.02.2026;12.06.2026;02.11.2026
34876;Sperrmüll;01.01.2026;31.12.2026;Annaweg;Ückesdorf;53125;2;9998;1;9999;;;BHE;Ückesdorf;BH;Hardtberg;B;Bonn;25.02.2026;12.06.2026;02.11.2026
34906;Sperrmüll;01.01.2026;31.12.2026;Auf dem Weiler;Ückesdorf;53125;2;9998;1;9999;;;BHE;Ückesdorf;BH;Hardtberg;B;Bonn;25.02.2026;12.06.2026;02.11.2026
34921;Sperrmüll;01.01.2026;31.12.2026;Auf den Steinen;Ückesdorf;53125;2;50;1;41;;Hubertusstr - Henriettenstr;BHE;Ückesdorf;BH;Hardtberg;B;Bonn;25.02.2026;12.06.2026;02.11.2026
34936;Sperrmüll;01.01.2026;31.12.2026;Auf den Steinen;Ückesdorf;53125;52;9998;43;9999;;Henriettenstr - Ende;BHE;Ückesdorf;BH;Hardtberg;B;Bonn;25.02.2026;12.06.2026;02.11.2026
34951;Sperrmüll;01.01.2026;31.12.2026;Barbaraweg;Ückesdorf;53125;2;9998;1;9999;;;BHE;Ückesdorf;BH;Hardtberg;B;Bonn;25.02.2026;12.06.2026;02.11.2026
35211;Sperrmüll;01.01.2026;31.12.2026;Caspar-D.-Friedrich-Str.;Ückesdorf;53125;2;9998;1;9999;;;BHE;Ückesdorf;BH;Hardtberg;B;Bonn;25.02.2026;12.06.2026;02.11.2026
35226;Sperrmüll;01.01.2026;31.12.2026;Charles-Wimar-Str.;Ückesdorf;53125;2;9998;1;9999;;;BHE;Ückesdorf;BH;Hardtberg;B;Bonn;25.02.2026;12.06.2026;02.11.2026
35241;Sperrmüll;01.01.2026;31.12.2026;Emanuel-Leutze-Str.;Ückesdorf;53125;2;9998;1;9999;;;BHE;Ückesdorf;BH;Hardtberg;B;Bonn;25.02.2026;12.06.2026;02.11.2026
34966;Sperrmüll;01.01.2026;31.12.2026;Florastr.;Ückesdorf;53125;2;9998;1;9999;;;BHE;Ückesdorf;BH;Hardtberg;B;Bonn;25.02.2026;12.06.2026;02.11.2026
34981;Sperrmüll;01.01.2026;31.12.2026;Fonckstr.;Ückesdorf;53125;2;9998;1;9999;;;BHE;Ückesdorf;BH;Hardtberg;B;Bonn;25.02.2026;12.06.2026;02.11.2026
35116;Sperrmüll;01.01.2026;31.12.2026;Franz-Böckle-Str.;Ückesdorf;53125;2;9998;1;9999;;;BHE;Ückesdorf;BH;Hardtberg;B;Bonn;25.02.2026;12.06.2026;02.11.2026
35391;Sperrmüll;01.01.2026;31.12.2026;Georg-Weiß-Weg;Ückesdorf;53125;2;9998;1;9999;;;BHE;Ückesdorf;BH;Hardtberg;B;Bonn;25.02.2026;12.06.2026;02.11.2026
35331;Sperrmüll;01.01.2026;31.12.2026;Heinrich-Dittmaier-Str.;Ückesdorf;53125;2;9998;1;9999;;;BHE;Ückesdorf;BH;Hardtberg;B;Bonn;25.02.2026;12.06.2026;02.11.2026
35011;Sperrmüll;01.01.2026;31.12.2026;Henriettenstr.;Ückesdorf;53125;2;9998;1;9999;;;BHE;Ückesdorf;BH;Hardtberg;B;Bonn;25.02.2026;12.06.2026;02.11.2026
35256;Sperrmüll;01.01.2026;31.12.2026;Hermann-Schlösser-Str.;Ückesdorf;53125;2;9998;1;9999;;;BHE;Ückesdorf;BH;Hardtberg;B;Bonn;25.02.2026;12.06.2026;02.11.2026
35026;Sperrmüll;01.01.2026;31.12.2026;Höhlenweg;Ückesdorf;53125;2;9998;1;9999;;;BHE;Ückesdorf;BH;Hardtberg;B;Bonn;25.02.2026;12.06.2026;02.11.2026
35041;Sperrmüll;01.01.2026;31.12.2026;Hubertusstr.;Ückesdorf;53125;2;50;1;45;;Reichsstr - Auf den Steinen;BHE;Ückesdorf;BH;Hardtberg;B;Bonn;25.02.2026;12.06.2026;02.11.2026
35056;Sperrmüll;01.01.2026;31.12.2026;Hubertusstr.;Ückesdorf;53125;52;9998;47;9999;;Auf den Steinen - Am Alfterhof;BHE;Ückesdorf;BH;Hardtberg;B;Bonn;25.02.2026;12.06.2026;02.11.2026
34891;Sperrmüll;01.01.2026;31.12.2026;Im Rosenhag;Ückesdorf;53125;2;9998;1;9999;;;BHE;Ückesdorf;BH;Hardtberg;B;Bonn;25.02.2026;12.06.2026;02.11.2026
34371;Sperrmüll;01.01.2026;31.12.2026;Im Schmalzacker;Ückesdorf;53125;2;9998;1;9999;;;BHE;Ückesdorf;BH;Hardtberg;B;Bonn;25.02.2026;12.06.2026;02.11.2026
35071;Sperrmüll;01.01.2026;31.12.2026;In der Langhecke;Ückesdorf;53125;2;9998;1;9999;;;BHE;Ückesdorf;BH;Hardtberg;B;Bonn;25.02.2026;12.06.2026;02.11.2026
35086;Sperrmüll;01.01.2026;31.12.2026;In der Wieste;Ückesdorf;53125;2;9998;1;9999;;;BHE;Ückesdorf;BH;Hardtberg;B;Bonn;25.02.2026;12.06.2026;02.11.2026
35271;Sperrmüll;01.01.2026;31.12.2026;Johann-W.-Schirmer-Str.;Ückesdorf;53125;2;9998;1;9999;;;BHE;Ückesdorf;BH;Hardtberg;B;Bonn;25.02.2026;12.06.2026;02.11.2026
35131;Sperrmüll;01.01.2026;31.12.2026;Liebfrauenweg;Ückesdorf;53125;2;9998;1;9999;;;BHE;Ückesdorf;BH;Hardtberg;B;Bonn;25.02.2026;12.06.2026;02.11.2026
35146;Sperrmüll;01.01.2026;31.12.2026;Magdalenenweg;Ückesdorf;53125;2;9998;1;9999;;;BHE;Ückesdorf;BH;Hardtberg;B;Bonn;25.02.2026;12.06.2026;02.11.2026
34171;Sperrmüll;01.01.2026;31.12.2026;Max-Braubach-Str.;Ückesdorf;53125;2;9998;1;9999;;;BHE;Ückesdorf;BH;Hardtberg;B;Bonn;25.02.2026;12.06.2026;02.11.2026
35286;Sperrmüll;01.01.2026;31.12.2026;Max-Ernst-Str.;Ückesdorf;53125;2;9998;1;9999;;;BHE;Ückesdorf;BH;Hardtberg;B;Bonn;25.02.2026;12.06.2026;02.11.2026
35301;Sperrmüll;01.01.2026;31.12.2026;Oswald-Achenbach-Str.;Ückesdorf;53125;2;9998;1;9999;;;BHE;Ückesdorf;BH;Hardtberg;B;Bonn;25.02.2026;12.06.2026;02.11.2026
34676;Sperrmüll;01.01.2026;31.12.2026;Theresienweg;Ückesdorf;53125;2;9998;1;9999;;;BHE;Ückesdorf;BH;Hardtberg;B;Bonn;25.02.2026;12.06.2026;02.11.2026
34996;Sperrmüll;01.01.2026;31.12.2026;Von-Halberg-Str.;Ückesdorf;53125;2;9998;1;9999;;;BHE;Ückesdorf;BH;Hardtberg;B;Bonn;24.02.2026;11.06.2026;16.10.2026
35316;Sperrmüll;01.01.2026;31.12.2026;Von-Kügelgen-Str.;Ückesdorf;53125;2;9998;1;9999;;;BHE;Ückesdorf;BH;Hardtberg;B;Bonn;25.02.2026;12.06.2026;02.11.2026
35101;Sperrmüll;01.01.2026;31.12.2026;Zum Wingertsberg;Ückesdorf;53125;2;9998;1;9999;;;BHE;Ückesdorf;BH;Hardtberg;B;Bonn;24.02.2026;11.06.2026;16.10.2026
623;Sperrmüll;01.01.2026;31.12.2026;Am Paulshof;Venusberg;53127;2;10;;;;Sertürmerstr - Haager Weg;BHB;Venusberg;BH;Hardtberg;B;Bonn;03.03.2026;17.06.2026;05.11.2026
638;Sperrmüll;01.01.2026;31.12.2026;Am Paulshof;Venusberg;53127;12;9998;1;9999;;Haager Weg - Bodelschwingstr;BHB;Venusberg;BH;Hardtberg;B;Bonn;03.03.2026;17.06.2026;05.11.2026
12433;Sperrmüll;01.01.2026;31.12.2026;An der Casselsruhe;Venusberg;53127;2;9998;1;9999;;;BHB;Venusberg;BH;Hardtberg;B;Bonn;03.03.2026;17.06.2026;05.11.2026
3272;Sperrmüll;01.01.2026;31.12.2026;An der Waldau;Venusberg;53127;2;9998;1;9999;;;BHB;Venusberg;BH;Hardtberg;B;Bonn;27.02.2026;16.06.2026;04.11.2026
958;Sperrmüll;01.01.2026;31.12.2026;Anemonenweg;Venusberg;53127;2;9998;1;9999;;;BHB;Venusberg;BH;Hardtberg;B;Bonn;13.03.2026;17.07.2026;21.12.2026
2046;Sperrmüll;01.01.2026;31.12.2026;Bodelschwinghweg;Venusberg;53127;2;9998;1;9999;;;BHB;Venusberg;BH;Hardtberg;B;Bonn;03.03.2026;17.06.2026;05.11.2026
1909;Sperrmüll;01.01.2026;31.12.2026;Borkenweg;Venusberg;53127;2;9998;1;9999;;;BHB;Venusberg;BH;Hardtberg;B;Bonn;03.03.2026;17.06.2026;05.11.2026
2419;Sperrmüll;01.01.2026;31.12.2026;Brombeerweg;Venusberg;53127;2;9998;1;9999;;;BHB;Venusberg;BH;Hardtberg;B;Bonn;03.03.2026;17.06.2026;05.11.2026
3162;Sperrmüll;01.01.2026;31.12.2026;Don-Bosco-Str.;Venusberg;53127;2;9998;1;9999;;;BHB;Venusberg;BH;Hardtberg;B;Bonn;03.03.2026;17.06.2026;05.11.2026
3408;Sperrmüll;01.01.2026;31.12.2026;Dottendorfer Allee;Venusberg;53129;2;9998;1;9999;;;BHB;Venusberg;BH;Hardtberg;B;Bonn;03.03.2026;17.06.2026;05.11.2026
3470;Sperrmüll;01.01.2026;31.12.2026;Ebereschenweg;Venusberg;53127;2;9998;1;9999;;;BHB;Venusberg;BH;Hardtberg;B;Bonn;03.03.2026;17.06.2026;05.11.2026
3538;Sperrmüll;01.01.2026;31.12.2026;Ehrlichstr.;Venusberg;53127;2;9998;1;9999;;;BHB;Venusberg;BH;Hardtberg;B;Bonn;03.03.2026;17.06.2026;05.11.2026
3553;Sperrmüll;01.01.2026;31.12.2026;Eibenweg;Venusberg;53127;2;9998;1;9999;;;BHB;Venusberg;BH;Hardtberg;B;Bonn;03.03.2026;17.06.2026;05.11.2026
12;Sperrmüll;01.01.2026;31.12.2026;Ernst-Abbe-Str.;Venusberg;53127;2;9998;1;9999;;;BHB;Venusberg;BH;Hardtberg;B;Bonn;03.03.2026;17.06.2026;05.11.2026
118;Sperrmüll;01.01.2026;31.12.2026;Espenweg;Venusberg;53127;2;9998;1;9999;;;BHB;Venusberg;BH;Hardtberg;B;Bonn;03.03.2026;17.06.2026;05.11.2026
4343;Sperrmüll;01.01.2026;31.12.2026;Friedrich-Schultze-Str.;Venusberg;53127;2;9998;1;9999;;;BHB;Venusberg;BH;Hardtberg;B;Bonn;03.03.2026;17.06.2026;05.11.2026
4511;Sperrmüll;01.01.2026;31.12.2026;Garréstr.;Venusberg;53127;2;9998;1;9999;;;BHB;Venusberg;BH;Hardtberg;B;Bonn;13.03.2026;17.07.2026;21.12.2026
4982;Sperrmüll;01.01.2026;31.12.2026;Gustav-von-Veit-Str.;Venusberg;53127;2;9998;1;9999;;;BHB;Venusberg;BH;Hardtberg;B;Bonn;13.03.2026;17.07.2026;21.12.2026
5482;Sperrmüll;01.01.2026;31.12.2026;Hauweg;Venusberg;53127;2;9998;1;9999;;;BHB;Venusberg;BH;Hardtberg;B;Bonn;03.03.2026;17.06.2026;05.11.2026
5607;Sperrmüll;01.01.2026;31.12.2026;Heinrich-Blömer-Weg;Venusberg;53127;2;9998;1;9999;;;BHB;Venusberg;BH;Hardtberg;B;Bonn;03.03.2026;17.06.2026;05.11.2026
5622;Sperrmüll;01.01.2026;31.12.2026;Heinrich-Els-Str.;Venusberg;53127;2;9998;1;9999;;;BHB;Venusberg;BH;Hardtberg;B;Bonn;03.03.2026;17.06.2026;05.11.2026
5637;Sperrmüll;01.01.2026;31.12.2026;Heinrich-Fritsch-Str.;Venusberg;53127;2;9998;1;9999;;;BHB;Venusberg;BH;Hardtberg;B;Bonn;03.03.2026;17.06.2026;05.11.2026
6039;Sperrmüll;01.01.2026;31.12.2026;Holunderweg;Venusberg;53127;2;9998;1;9999;;;BHB;Venusberg;BH;Hardtberg;B;Bonn;03.03.2026;17.06.2026;05.11.2026
6696;Sperrmüll;01.01.2026;31.12.2026;Johannes-Müller-Str.;Venusberg;53127;2;9998;1;9999;;;BHB;Venusberg;BH;Hardtberg;B;Bonn;13.03.2026;17.07.2026;21.12.2026
3227;Sperrmüll;01.01.2026;31.12.2026;Karl-Landsteiner-Str.;Venusberg;53127;2;9998;1;9999;;;BHB;Venusberg;BH;Hardtberg;B;Bonn;03.03.2026;17.06.2026;05.11.2026
7356;Sperrmüll;01.01.2026;31.12.2026;Kiefernweg;Venusberg;53127;2;9998;1;9999;;;BHB;Venusberg;BH;Hardtberg;B;Bonn;03.03.2026;17.06.2026;05.11.2026
11280;Sperrmüll;01.01.2026;31.12.2026;Paul-Martini-Str.;Venusberg;53127;2;9998;1;9999;;;BHB;Venusberg;BH;Hardtberg;B;Bonn;03.03.2026;17.06.2026;05.11.2026
11968;Sperrmüll;01.01.2026;31.12.2026;Sauerbruchstr.;Venusberg;53127;2;9998;1;9999;;;BHB;Venusberg;BH;Hardtberg;B;Bonn;03.03.2026;17.06.2026;05.11.2026
11589;Sperrmüll;01.01.2026;31.12.2026;Schaaffhausenstr.;Venusberg;53127;2;9998;1;9999;;;BHB;Venusberg;BH;Hardtberg;B;Bonn;03.03.2026;17.06.2026;05.11.2026
11694;Sperrmüll;01.01.2026;31.12.2026;Schleichstr.;Venusberg;53127;2;9998;1;9999;;;BHB;Venusberg;BH;Hardtberg;B;Bonn;03.03.2026;17.06.2026;05.11.2026
11983;Sperrmüll;01.01.2026;31.12.2026;Sertürnerstr.;Venusberg;53127;2;9998;1;9999;;;BHB;Venusberg;BH;Hardtberg;B;Bonn;03.03.2026;17.06.2026;05.11.2026
988;Sperrmüll;01.01.2026;31.12.2026;Sigmund-Freud-Str.;Venusberg;53127;2;9998;1;9999;;;BHB;Venusberg;BH;Hardtberg;B;Bonn;03.03.2026;17.06.2026;05.11.2026
43138;Sperrmüll;01.01.2026;31.12.2026;Venusberg-Campus;Venusberg;0;2;9998;1;9999;;;BHB;Venusberg;BH;Hardtberg;B;Bonn;03.03.2026;17.06.2026;05.11.2026
13059;Sperrmüll;01.01.2026;31.12.2026;Wacholderweg;Venusberg;53127;2;9998;1;9999;;;BHB;Venusberg;BH;Hardtberg;B;Bonn;03.03.2026;17.06.2026;05.11.2026
13089;Sperrmüll;01.01.2026;31.12.2026;Waldauweg;Venusberg;53127;2;9998;1;9999;;;BHB;Venusberg;BH;Hardtberg;B;Bonn;03.03.2026;17.06.2026;05.11.2026
24721;Sperrmüll;01.01.2026;31.12.2026;Alice-Salomon-Str.;Vilich;53229;2;9998;1;9999;;;BBC;Villich;BB;Beuel;B;Bonn;24.04.2026;08.09.2026;16.12.2026
24021;Sperrmüll;01.01.2026;31.12.2026;Am Burgpark;Vilich;53225;2;9998;1;9999;;;BBC;Villich;BB;Beuel;B;Bonn;23.04.2026;07.09.2026;15.12.2026
24496;Sperrmüll;01.01.2026;31.12.2026;An der Burg Lede;Vilich;53225;2;9998;1;9999;;;BBC;Villich;BB;Beuel;B;Bonn;23.04.2026;07.09.2026;15.12.2026
24736;Sperrmüll;01.01.2026;31.12.2026;Anne-Marie-Prévot-Str.;Vilich;53229;2;9998;1;9999;;;BBC;Villich;BB;Beuel;B;Bonn;24.04.2026;08.09.2026;16.12.2026
43168;Sperrmüll;01.01.2026;31.12.2026;Elisestr.;Vilich;0;2;9998;1;9999;;;BBC;Villich;BB;Beuel;B;Bonn;23.04.2026;07.09.2026;15.12.2026
25891;Sperrmüll;01.01.2026;31.12.2026;Ewigstr.;Vilich;53225;2;9998;1;9999;;;BBC;Villich;BB;Beuel;B;Bonn;23.04.2026;07.09.2026;15.12.2026
43183;Sperrmüll;01.01.2026;31.12.2026;Fideliostr.;Vilich;53225;2;9998;1;9999;;;BBC;Villich;BB;Beuel;B;Bonn;23.04.2026;07.09.2026;15.12.2026
43063;Sperrmüll;01.01.2026;31.12.2026;Freudestr.;Vilich;53225;2;9998;1;9999;;;BBC;Villich;BB;Beuel;B;Bonn;23.04.2026;07.09.2026;15.12.2026
26286;Sperrmüll;01.01.2026;31.12.2026;Gartenstr.;Vilich;53229;2;62;1;83;;Siegburgerstr - Gerhardstr;BBC;Villich;BB;Beuel;B;Bonn;24.04.2026;08.09.2026;16.12.2026
26306;Sperrmüll;01.01.2026;31.12.2026;Gartenstr.;Vilich;53229;64;102;85;125;;Gerhardst - Sankt Augustinerst;BBC;Villich;BB;Beuel;B;Bonn;24.04.2026;08.09.2026;16.12.2026
26321;Sperrmüll;01.01.2026;31.12.2026;Gartenstr.;Vilich;53225;104;9998;127;9999;;S.Augustinerstr - Adelheidisst;BBC;Villich;BB;Beuel;B;Bonn;23.04.2026;07.09.2026;15.12.2026
43629;Sperrmüll;01.01.2026;31.12.2026;Gerbergastr.;Vilich;53225;2;9998;1;9999;;;BBC;Villich;BB;Beuel;B;Bonn;22.04.2026;02.09.2026;10.12.2026
26381;Sperrmüll;01.01.2026;31.12.2026;Gerhardstr.;Vilich;53229;2;9998;1;9999;;;BBC;Villich;BB;Beuel;B;Bonn;24.04.2026;08.09.2026;16.12.2026
26551;Sperrmüll;01.01.2026;31.12.2026;Gorch-Fock-Str.;Vilich;53229;2;9998;1;9999;;;BBC;Villich;BB;Beuel;B;Bonn;24.04.2026;08.09.2026;16.12.2026
26931;Sperrmüll;01.01.2026;31.12.2026;Helene-Weber-Str.;Vilich;53229;2;9998;1;9999;;;BBC;Villich;BB;Beuel;B;Bonn;24.04.2026;08.09.2026;16.12.2026
26946;Sperrmüll;01.01.2026;31.12.2026;Hermann-Gmeiner-Str.;Vilich;53229;2;9998;1;9999;;;BBC;Villich;BB;Beuel;B;Bonn;24.04.2026;08.09.2026;16.12.2026
27171;Sperrmüll;01.01.2026;31.12.2026;Im Röhfeld;Vilich;53229;2;9998;1;9999;;;BBC;Villich;BB;Beuel;B;Bonn;24.04.2026;08.09.2026;16.12.2026
27306;Sperrmüll;01.01.2026;31.12.2026;Jakob-Kaiser-Str.;Vilich;53225;2;9998;1;9999;;;BBC;Villich;BB;Beuel;B;Bonn;23.04.2026;07.09.2026;15.12.2026
28739;Sperrmüll;01.01.2026;31.12.2026;Johannes-Norbisrath-Str.;Vilich;53229;2;9998;1;9999;;;BBC;Villich;BB;Beuel;B;Bonn;24.04.2026;08.09.2026;16.12.2026
27591;Sperrmüll;01.01.2026;31.12.2026;Karl-Arnold-Str.;Vilich;53225;2;9998;1;9999;;;BBC;Villich;BB;Beuel;B;Bonn;23.04.2026;07.09.2026;15.12.2026
27726;Sperrmüll;01.01.2026;31.12.2026;Käsbergstr.;Vilich;53225;2;9998;1;9999;;;BBC;Villich;BB;Beuel;B;Bonn;23.04.2026;07.09.2026;15.12.2026
28340;Sperrmüll;01.01.2026;31.12.2026;Maria-Montessori-Allee;Vilich;53229;2;38;1;33;;Siegburgerstr - Helene-Weberst;BBC;Villich;BB;Beuel;B;Bonn;24.04.2026;08.09.2026;16.12.2026
28355;Sperrmüll;01.01.2026;31.12.2026;Maria-Montessori-Allee;Vilich;53229;40;9998;35;9999;;Helene-Weberstr - Michael-Piel;BBC;Villich;BB;Beuel;B;Bonn;24.04.2026;08.09.2026;16.12.2026
28370;Sperrmüll;01.01.2026;31.12.2026;Maria-Tiefenbacher-Str.;Vilich;53229;2;9998;1;9999;;;BBC;Villich;BB;Beuel;B;Bonn;24.04.2026;08.09.2026;16.12.2026
43643;Sperrmüll;01.01.2026;31.12.2026;Mathildastr.;Vilich;53225;2;9998;1;9999;;;BBC;Villich;BB;Beuel;B;Bonn;23.04.2026;07.09.2026;15.12.2026
28694;Sperrmüll;01.01.2026;31.12.2026;Michael-Piel-Str.;Vilich;53229;2;9998;1;9999;;;BBC;Villich;BB;Beuel;B;Bonn;24.04.2026;08.09.2026;16.12.2026
28919;Sperrmüll;01.01.2026;31.12.2026;Nonnenpfad;Vilich;53229;2;9998;1;9999;;;BBC;Villich;BB;Beuel;B;Bonn;24.04.2026;08.09.2026;16.12.2026
28709;Sperrmüll;01.01.2026;31.12.2026;Paul-Schumacher-Str.;Vilich;53229;2;9998;1;9999;;;BBC;Villich;BB;Beuel;B;Bonn;24.04.2026;08.09.2026;16.12.2026
28999;Sperrmüll;01.01.2026;31.12.2026;Pilgerweg;Vilich;53229;2;9998;1;9999;;;BBC;Villich;BB;Beuel;B;Bonn;24.04.2026;08.09.2026;16.12.2026
28724;Sperrmüll;01.01.2026;31.12.2026;Richard-Scherer-Str.;Vilich;53229;2;9998;1;9999;;;BBC;Villich;BB;Beuel;B;Bonn;24.04.2026;08.09.2026;16.12.2026
30100;Sperrmüll;01.01.2026;31.12.2026;Schevastesstr.;Vilich;53229;2;48;1;39;;Siegburgerstr - Gerhardstr;BBC;Villich;BB;Beuel;B;Bonn;24.04.2026;08.09.2026;16.12.2026
30115;Sperrmüll;01.01.2026;31.12.2026;Schevastesstr.;Vilich;53229;50;9998;41;9999;;Gerhardstr - Schnorrenbergstr;BBC;Villich;BB;Beuel;B;Bonn;24.04.2026;08.09.2026;16.12.2026
30145;Sperrmüll;01.01.2026;31.12.2026;Schillerstr.;Vilich;53225;2;9998;1;9999;;;BBC;Villich;BB;Beuel;B;Bonn;23.04.2026;07.09.2026;15.12.2026
24556;Sperrmüll;01.01.2026;31.12.2026;Schillingsweg;Vilich;53229;2;9998;1;9999;;;BBC;Villich;BB;Beuel;B;Bonn;24.04.2026;08.09.2026;16.12.2026
30160;Sperrmüll;01.01.2026;31.12.2026;Schnorrenbergstr.;Vilich;53229;2;9998;1;9999;;;BBC;Villich;BB;Beuel;B;Bonn;24.04.2026;08.09.2026;16.12.2026
30175;Sperrmüll;01.01.2026;31.12.2026;Schultheißstr.;Vilich;53225;2;9998;1;9999;;;BBC;Villich;BB;Beuel;B;Bonn;23.04.2026;07.09.2026;15.12.2026
30371;Sperrmüll;01.01.2026;31.12.2026;Stroofstr.;Vilich;53225;2;9998;1;9999;;;BBC;Villich;BB;Beuel;B;Bonn;23.04.2026;07.09.2026;15.12.2026
30596;Sperrmüll;01.01.2026;31.12.2026;Von-Pfingsten-Str.;Vilich;53229;2;9998;1;9999;;;BBC;Villich;BB;Beuel;B;Bonn;24.04.2026;08.09.2026;16.12.2026
23856;Sperrmüll;01.01.2026;31.12.2026;Adele-Schopenhauer-Weg;Vilich-Müldorf;53229;2;9998;1;9999;;;BBN;Villich-Müldorf;BB;Beuel;B;Bonn;21.04.2026;04.09.2026;14.12.2026
24826;Sperrmüll;01.01.2026;31.12.2026;Adolf-Quad-Str.;Vilich-Müldorf;53229;2;9998;1;9999;;;BBN;Villich-Müldorf;BB;Beuel;B;Bonn;21.04.2026;04.09.2026;14.12.2026
25386;Sperrmüll;01.01.2026;31.12.2026;Auf dem Bachfeld;Vilich-Müldorf;53229;2;9998;1;9999;;;BBN;Villich-Müldorf;BB;Beuel;B;Bonn;21.04.2026;04.09.2026;14.12.2026
24976;Sperrmüll;01.01.2026;31.12.2026;Beueler Str.;Vilich-Müldorf;53229;2;30;1;27;;Burbankstr - Am Herrengarten;BBN;Villich-Müldorf;BB;Beuel;B;Bonn;21.04.2026;04.09.2026;14.12.2026
24991;Sperrmüll;01.01.2026;31.12.2026;Beueler Str.;Vilich-Müldorf;53229;32;9998;29;9999;;Am Herrengarten-Schultheißstr;BBN;Villich-Müldorf;BB;Beuel;B;Bonn;21.04.2026;04.09.2026;14.12.2026
25431;Sperrmüll;01.01.2026;31.12.2026;Bundesgrenzschutzstr.;Vilich-Müldorf;53229;2;9998;1;9999;;;BBN;Villich-Müldorf;BB;Beuel;B;Bonn;21.04.2026;04.09.2026;14.12.2026
25266;Sperrmüll;01.01.2026;31.12.2026;Burbankstr.;Vilich-Müldorf;53229;2;9998;1;9999;;;BBN;Villich-Müldorf;BB;Beuel;B;Bonn;21.04.2026;04.09.2026;14.12.2026
25341;Sperrmüll;01.01.2026;31.12.2026;Buschweg;Vilich-Müldorf;53229;2;9998;1;9999;;;BBN;Villich-Müldorf;BB;Beuel;B;Bonn;21.04.2026;04.09.2026;14.12.2026
25446;Sperrmüll;01.01.2026;31.12.2026;Caroline-Herschel-Weg;Vilich-Müldorf;53229;2;9998;1;9999;;;BBN;Villich-Müldorf;BB;Beuel;B;Bonn;21.04.2026;04.09.2026;14.12.2026
25461;Sperrmüll;01.01.2026;31.12.2026;Clara-Schumann-Weg;Vilich-Müldorf;53229;2;9998;1;9999;;;BBN;Villich-Müldorf;BB;Beuel;B;Bonn;21.04.2026;04.09.2026;14.12.2026
25701;Sperrmüll;01.01.2026;31.12.2026;Dorothea-Erxleben-Weg;Vilich-Müldorf;53229;2;9998;1;9999;;;BBN;Villich-Müldorf;BB;Beuel;B;Bonn;21.04.2026;04.09.2026;14.12.2026
25746;Sperrmüll;01.01.2026;31.12.2026;Eichenweg;Vilich-Müldorf;53229;2;9998;1;9999;;;BBN;Villich-Müldorf;BB;Beuel;B;Bonn;21.04.2026;04.09.2026;14.12.2026
25716;Sperrmüll;01.01.2026;31.12.2026;Emmy-Noether-Weg;Vilich-Müldorf;53229;2;9998;1;9999;;;BBN;Villich-Müldorf;BB;Beuel;B;Bonn;21.04.2026;04.09.2026;14.12.2026
25906;Sperrmüll;01.01.2026;31.12.2026;Eulaliastr.;Vilich-Müldorf;53229;2;9998;1;9999;;;BBN;Villich-Müldorf;BB;Beuel;B;Bonn;21.04.2026;04.09.2026;14.12.2026
26011;Sperrmüll;01.01.2026;31.12.2026;Flughafenstr.;Vilich-Müldorf;53229;2;9998;1;9999;;;BBN;Villich-Müldorf;BB;Beuel;B;Bonn;21.04.2026;04.09.2026;14.12.2026
26976;Sperrmüll;01.01.2026;31.12.2026;Hangelarer Weg;Vilich-Müldorf;53229;2;9998;1;9999;;;BBN;Villich-Müldorf;BB;Beuel;B;Bonn;21.04.2026;04.09.2026;14.12.2026
26991;Sperrmüll;01.01.2026;31.12.2026;Helene-Weigel-Weg;Vilich-Müldorf;53229;2;9998;1;9999;;;BBN;Villich-Müldorf;BB;Beuel;B;Bonn;21.04.2026;04.09.2026;14.12.2026
24511;Sperrmüll;01.01.2026;31.12.2026;Hummerichs Bitze;Vilich-Müldorf;53229;2;9998;1;9999;;;BBN;Villich-Müldorf;BB;Beuel;B;Bonn;21.04.2026;04.09.2026;14.12.2026
27036;Sperrmüll;01.01.2026;31.12.2026;Im Birkenfeld;Vilich-Müldorf;53229;2;9998;1;9999;;;BBN;Villich-Müldorf;BB;Beuel;B;Bonn;21.04.2026;04.09.2026;14.12.2026
27216;Sperrmüll;01.01.2026;31.12.2026;Im Ziegelfeld;Vilich-Müldorf;53229;2;9998;1;9999;;;BBN;Villich-Müldorf;BB;Beuel;B;Bonn;21.04.2026;04.09.2026;14.12.2026
27531;Sperrmüll;01.01.2026;31.12.2026;Karl-Lambertz-Str.;Vilich-Müldorf;53229;2;9998;1;9999;;;BBN;Villich-Müldorf;BB;Beuel;B;Bonn;21.04.2026;04.09.2026;14.12.2026
28415;Sperrmüll;01.01.2026;31.12.2026;Mary-Wigman-Weg;Vilich-Müldorf;53229;2;9998;1;9999;;;BBN;Villich-Müldorf;BB;Beuel;B;Bonn;21.04.2026;04.09.2026;14.12.2026
28539;Sperrmüll;01.01.2026;31.12.2026;Mendener Weg;Vilich-Müldorf;53229;2;9998;1;9999;;;BBN;Villich-Müldorf;BB;Beuel;B;Bonn;21.04.2026;04.09.2026;14.12.2026
28589;Sperrmüll;01.01.2026;31.12.2026;Mühlenbachstr.;Vilich-Müldorf;53229;2;42;1;69;;Burbankstr - Am Herrengarten;BBN;Villich-Müldorf;BB;Beuel;B;Bonn;21.04.2026;04.09.2026;14.12.2026
28604;Sperrmüll;01.01.2026;31.12.2026;Mühlenbachstr.;Vilich-Müldorf;53229;44;9998;71;9999;;Am Herrengarten - Ende;BBN;Villich-Müldorf;BB;Beuel;B;Bonn;21.04.2026;04.09.2026;14.12.2026
28754;Sperrmüll;01.01.2026;31.12.2026;Müldorfer Anger;Vilich-Müldorf;53229;2;9998;1;9999;;;BBN;Villich-Müldorf;BB;Beuel;B;Bonn;21.04.2026;04.09.2026;14.12.2026
28784;Sperrmüll;01.01.2026;31.12.2026;Nelly-Sachs-Weg;Vilich-Müldorf;53229;2;9998;1;9999;;;BBN;Villich-Müldorf;BB;Beuel;B;Bonn;21.04.2026;04.09.2026;14.12.2026
29870;Sperrmüll;01.01.2026;31.12.2026;Rüsterstr.;Vilich-Müldorf;53229;2;9998;1;9999;;;BBN;Villich-Müldorf;BB;Beuel;B;Bonn;21.04.2026;04.09.2026;14.12.2026
30220;Sperrmüll;01.01.2026;31.12.2026;Stiftsmühlenweg;Vilich-Müldorf;53229;2;9998;1;9999;;;BBN;Villich-Müldorf;BB;Beuel;B;Bonn;21.04.2026;04.09.2026;14.12.2026
30461;Sperrmüll;01.01.2026;31.12.2026;Therese-Giehse-Weg;Vilich-Müldorf;53229;2;9998;1;9999;;;BBN;Villich-Müldorf;BB;Beuel;B;Bonn;21.04.2026;04.09.2026;14.12.2026
25371;Sperrmüll;01.01.2026;31.12.2026;Werner-Körvers-Str.;Vilich-Müldorf;53229;2;9998;1;9999;;;BBN;Villich-Müldorf;BB;Beuel;B;Bonn;21.04.2026;04.09.2026;14.12.2026
31006;Sperrmüll;01.01.2026;31.12.2026;Wilfried-Hatzfeld-Str.;Vilich-Müldorf;53229;2;9998;1;9999;;;BBN;Villich-Müldorf;BB;Beuel;B;Bonn;21.04.2026;04.09.2026;14.12.2026
31021;Sperrmüll;01.01.2026;31.12.2026;Willi-Graf-Ring;Vilich-Müldorf;53229;2;9998;1;9999;;;BBN;Villich-Müldorf;BB;Beuel;B;Bonn;21.04.2026;04.09.2026;14.12.2026
103;Sperrmüll;01.01.2026;31.12.2026;Agrippinenstr.;Weststadt;53115;2;9998;1;9999;;;BZB;Weststadt;BZ;Bonn-Zentrum;B;Bonn;03.02.2026;26.05.2026;02.10.2026
1384;Sperrmüll;01.01.2026;31.12.2026;Am Dickobskreuz;Weststadt;53121;2;9998;1;9999;;;BZB;Weststadt;BZ;Bonn-Zentrum;B;Bonn;03.02.2026;26.05.2026;02.10.2026
1504;Sperrmüll;01.01.2026;31.12.2026;Bachstr.;Weststadt;53115;2;9998;1;9999;;;BZB;Weststadt;BZ;Bonn-Zentrum;B;Bonn;03.02.2026;26.05.2026;02.10.2026
1565;Sperrmüll;01.01.2026;31.12.2026;Baumschulallee;Weststadt;53115;2;20;1;17;;Poppelsd.Allee - Meckenh.Allee;BZB;Weststadt;BZ;Bonn-Zentrum;B;Bonn;03.02.2026;26.05.2026;02.10.2026
1580;Sperrmüll;01.01.2026;31.12.2026;Baumschulallee;Weststadt;53115;22;9998;19;9999;;Meckenh.Allee - Beethovenplatz;BZB;Weststadt;BZ;Bonn-Zentrum;B;Bonn;03.02.2026;26.05.2026;02.10.2026
1610;Sperrmüll;01.01.2026;31.12.2026;Beethovenplatz;Weststadt;53115;2;9998;1;9999;;;BZB;Weststadt;BZ;Bonn-Zentrum;B;Bonn;03.02.2026;26.05.2026;02.10.2026
1625;Sperrmüll;01.01.2026;31.12.2026;Beethovenstr.;Weststadt;53115;2;9998;1;9999;;;BZB;Weststadt;BZ;Bonn-Zentrum;B;Bonn;03.02.2026;26.05.2026;02.10.2026
1797;Sperrmüll;01.01.2026;31.12.2026;Beringstr.;Weststadt;53115;2;9998;1;9999;;;BZB;Weststadt;BZ;Bonn-Zentrum;B;Bonn;03.02.2026;26.05.2026;02.10.2026
2434;Sperrmüll;01.01.2026;31.12.2026;Brucknerstr.;Weststadt;53115;2;9998;1;9999;;;BZB;Weststadt;BZ;Bonn-Zentrum;B;Bonn;03.02.2026;26.05.2026;02.10.2026
2962;Sperrmüll;01.01.2026;31.12.2026;Colmantstr.;Weststadt;53115;2;9998;1;9999;;;BZB;Weststadt;BZ;Bonn-Zentrum;B;Bonn;03.02.2026;26.05.2026;02.10.2026
3087;Sperrmüll;01.01.2026;31.12.2026;Dechenstr.;Weststadt;53115;2;9998;1;9999;;;BZB;Weststadt;BZ;Bonn-Zentrum;B;Bonn;03.02.2026;26.05.2026;02.10.2026
4722;Sperrmüll;01.01.2026;31.12.2026;Gluckstr.;Weststadt;53115;2;9998;1;9999;;;BZB;Weststadt;BZ;Bonn-Zentrum;B;Bonn;03.02.2026;26.05.2026;02.10.2026
5272;Sperrmüll;01.01.2026;31.12.2026;Händelstr.;Weststadt;53115;2;9998;1;9999;;;BZB;Weststadt;BZ;Bonn-Zentrum;B;Bonn;03.02.2026;26.05.2026;02.10.2026
5502;Sperrmüll;01.01.2026;31.12.2026;Haydnstr.;Weststadt;53115;2;18;1;41;;Endenicherallee - Humboldtstr;BZB;Weststadt;BZ;Bonn-Zentrum;B;Bonn;03.02.2026;26.05.2026;02.10.2026
5517;Sperrmüll;01.01.2026;31.12.2026;Haydnstr.;Weststadt;53115;20;9998;43;9999;;R.-Wagnerstr - Endenicherstr;BZB;Weststadt;BZ;Bonn-Zentrum;B;Bonn;03.02.2026;26.05.2026;02.10.2026
5779;Sperrmüll;01.01.2026;31.12.2026;Hein-Moeller-Str.;Weststadt;53115;2;9998;1;9999;;;BZB;Weststadt;BZ;Bonn-Zentrum;B;Bonn;03.02.2026;26.05.2026;02.10.2026
5794;Sperrmüll;01.01.2026;31.12.2026;Herwarthstr.;Weststadt;53115;2;9998;1;9999;;;BZB;Weststadt;BZ;Bonn-Zentrum;B;Bonn;03.02.2026;26.05.2026;02.10.2026
6099;Sperrmüll;01.01.2026;31.12.2026;Humboldtstr.;Weststadt;53115;2;9998;1;9999;;;BZB;Weststadt;BZ;Bonn-Zentrum;B;Bonn;03.02.2026;26.05.2026;02.10.2026
6354;Sperrmüll;01.01.2026;31.12.2026;Immenburgstr.;Weststadt;53121;2;9998;1;9999;;;BZB;Weststadt;BZ;Bonn-Zentrum;B;Bonn;03.02.2026;26.05.2026;02.10.2026
6590;Sperrmüll;01.01.2026;31.12.2026;Jonas-Cahn-Str.;Weststadt;53115;2;9998;1;9999;;;BZB;Weststadt;BZ;Bonn-Zentrum;B;Bonn;03.02.2026;26.05.2026;02.10.2026
6069;Sperrmüll;01.01.2026;31.12.2026;Karl-Frowein-Str.;Weststadt;53115;2;9998;1;9999;1;;BZB;Weststadt;BZ;Bonn-Zentrum;B;Bonn;03.02.2026;26.05.2026;02.10.2026
44122;Sperrmüll;01.01.2026;31.12.2026;Karl-Frowein-Str.;Weststadt;53115;;;;;;;BZB;Weststadt;BZ;Bonn-Zentrum;B;Bonn;03.02.2026;26.05.2026;02.10.2026
7175;Sperrmüll;01.01.2026;31.12.2026;Karlstr.;Weststadt;53115;2;9998;1;9999;;;BZB;Weststadt;BZ;Bonn-Zentrum;B;Bonn;03.02.2026;26.05.2026;02.10.2026
7251;Sperrmüll;01.01.2026;31.12.2026;Kaufmannstr.;Weststadt;53115;2;9998;1;9999;;;BZB;Weststadt;BZ;Bonn-Zentrum;B;Bonn;03.02.2026;26.05.2026;02.10.2026
8490;Sperrmüll;01.01.2026;31.12.2026;Lisztstr.;Weststadt;53115;2;9998;1;9999;;;BZB;Weststadt;BZ;Bonn-Zentrum;B;Bonn;03.02.2026;26.05.2026;02.10.2026
8912;Sperrmüll;01.01.2026;31.12.2026;Malteserstr.;Weststadt;53115;2;9998;1;9999;;;BZB;Weststadt;BZ;Bonn-Zentrum;B;Bonn;03.02.2026;26.05.2026;02.10.2026
9202;Sperrmüll;01.01.2026;31.12.2026;Meckenheimer Allee;Weststadt;53115;2;100;1;87;;Herwarthstr - Baumschulallee;BZB;Weststadt;BZ;Bonn-Zentrum;B;Bonn;03.02.2026;26.05.2026;02.10.2026
9217;Sperrmüll;01.01.2026;31.12.2026;Meckenheimer Allee;Weststadt;53115;102;9998;89;9999;;Baumschul.A - Am Botanischem G;BZB;Weststadt;BZ;Bonn-Zentrum;B;Bonn;03.02.2026;26.05.2026;02.10.2026
9443;Sperrmüll;01.01.2026;31.12.2026;Mozartstr.;Weststadt;53115;2;9998;1;9999;;;BZB;Weststadt;BZ;Bonn-Zentrum;B;Bonn;03.02.2026;26.05.2026;02.10.2026
9691;Sperrmüll;01.01.2026;31.12.2026;Neefestr.;Weststadt;53115;2;9998;1;9999;;;BZB;Weststadt;BZ;Bonn-Zentrum;B;Bonn;03.02.2026;26.05.2026;02.10.2026
9706;Sperrmüll;01.01.2026;31.12.2026;Neuenahrer Str.;Weststadt;53115;2;9998;1;9999;;;BZB;Weststadt;BZ;Bonn-Zentrum;B;Bonn;03.02.2026;26.05.2026;02.10.2026
9721;Sperrmüll;01.01.2026;31.12.2026;Nideggerstr.;Weststadt;53115;2;9998;1;9999;;;BZB;Weststadt;BZ;Bonn-Zentrum;B;Bonn;03.02.2026;26.05.2026;02.10.2026
10503;Sperrmüll;01.01.2026;31.12.2026;Quantiusstr.;Weststadt;53115;2;9998;1;9999;;;BZB;Weststadt;BZ;Bonn-Zentrum;B;Bonn;03.02.2026;26.05.2026;02.10.2026
10835;Sperrmüll;01.01.2026;31.12.2026;Rheinbacher Str.;Weststadt;53115;2;9998;1;9999;;;BZB;Weststadt;BZ;Bonn-Zentrum;B;Bonn;03.02.2026;26.05.2026;02.10.2026
10949;Sperrmüll;01.01.2026;31.12.2026;Richard-Wagner-Str.;Weststadt;53115;2;9998;1;9999;;;BZB;Weststadt;BZ;Bonn-Zentrum;B;Bonn;03.02.2026;26.05.2026;02.10.2026
11400;Sperrmüll;01.01.2026;31.12.2026;Rottenburgstr.;Weststadt;53115;2;9998;1;9999;;;BZB;Weststadt;BZ;Bonn-Zentrum;B;Bonn;03.02.2026;26.05.2026;02.10.2026
11784;Sperrmüll;01.01.2026;31.12.2026;Schubertstr.;Weststadt;53115;2;9998;1;9999;;;BZB;Weststadt;BZ;Bonn-Zentrum;B;Bonn;03.02.2026;26.05.2026;02.10.2026
12878;Sperrmüll;01.01.2026;31.12.2026;Verdistr.;Weststadt;53115;2;9998;1;9999;;;BZB;Weststadt;BZ;Bonn-Zentrum;B;Bonn;03.02.2026;26.05.2026;02.10.2026
13316;Sperrmüll;01.01.2026;31.12.2026;Wesendonckstr.;Weststadt;53115;2;9998;1;9999;;;BZB;Weststadt;BZ;Bonn-Zentrum;B;Bonn;03.02.2026;26.05.2026;02.10.2026
13347;Sperrmüll;01.01.2026;31.12.2026;Wesselbahnweg;Weststadt;53115;2;9998;1;9999;;;BZB;Weststadt;BZ;Bonn-Zentrum;B;Bonn;03.02.2026;26.05.2026;02.10.2026
13544;Sperrmüll;01.01.2026;31.12.2026;Wittelsbacherring;Weststadt;53115;2;9998;1;9999;;;BZB;Weststadt;BZ;Bonn-Zentrum;B;Bonn;03.02.2026;26.05.2026;02.10.2026
41984;Sperrmüll;01.01.2026;31.12.2026;Wolfgang-Paul-Allee;Weststadt;53115;2;9998;1;9999;;;BZB;Weststadt;BZ;Bonn-Zentrum;B;Bonn;03.02.2026;26.05.2026;02.10.2026
13709;Sperrmüll;01.01.2026;31.12.2026;Zülpicher Str.;Weststadt;53115;2;9998;1;9999;;;BZB;Weststadt;BZ;Bonn-Zentrum;B;Bonn;03.02.2026;26.05.2026;02.10.2026
